Karoo GP by Kai Staats,Generation:,1

TREE_ID,1,,
tree_type,f,,
tree_depth_base,1,,
NODE_ID,1,2,3
node_depth,0,1,1
node_type,root,term,term
node_label,*,a,b
node_parent,,1,1
node_arity,2,0,0
node_c1,2,,
node_c2,3,,
node_c3,,,
fitness,1.0,7,

TREE_ID,2,,
tree_type,g,,
tree_depth_base,1,,
NODE_ID,1,2,3
node_depth,0,1,1
node_type,root,term,term
node_label,/,c,b
node_parent,,1,1
node_arity,2,0,0
node_c1,2,,
node_c2,3,,
node_c3,,,
fitness,0.0,7,

TREE_ID,3,,,,,,
tree_type,f,,,,,,
tree_depth_base,2,,,,,,
NODE_ID,1,2,3,4,5,6,7
node_depth,0,1,1,2,2,2,2
node_type,root,func,func,term,term,term,term
node_label,/,+,*,a,c,b,a
node_parent,,1,1,2,2,3,3
node_arity,2,2,2,0,0,0,0
node_c1,2,4,6,,,,
node_c2,3,5,7,,,,
node_c3,,,,,,,
fitness,0.0,15,,,,,

TREE_ID,4,,
tree_type,g,,
tree_depth_base,2,,
NODE_ID,1,2,3
node_depth,0,1,1
node_type,root,term,term
node_label,+,b,b
node_parent,,1,1
node_arity,2,0,0
node_c1,2,,
node_c2,3,,
node_c3,,,
fitness,0.0,7,

TREE_ID,5,,,,,,,,,,,,,,
tree_type,f,,,,,,,,,,,,,,
tree_depth_base,3,,,,,,,,,,,,,,
NODE_ID,1,2,3,4,5,6,7,8,9,10,11,12,13,14,15
node_depth,0,1,1,2,2,2,2,3,3,3,3,3,3,3,3
node_type,root,func,func,func,func,func,func,term,term,term,term,term,term,term,term
node_label,*,/,/,/,+,-,*,a,b,a,a,a,c,b,c
node_parent,,1,1,2,2,3,3,4,4,5,5,6,6,7,7
node_arity,2,2,2,2,2,2,2,0,0,0,0,0,0,0,0
node_c1,2,4,6,8,10,12,14,,,,,,,,
node_c2,3,5,7,9,11,13,15,,,,,,,,
node_c3,,,,,,,,,,,,,,,
fitness,0.0,31,,,,,,,,,,,,,

TREE_ID,6,,,,,,,,
tree_type,g,,,,,,,,
tree_depth_base,3,,,,,,,,
NODE_ID,1,2,3,4,5,6,7,8,9
node_depth,0,1,1,2,2,3,3,3,3
node_type,root,func,term,func,func,term,term,term,term
node_label,+,-,a,/,/,c,c,b,c
node_parent,,1,1,2,2,4,4,5,5
node_arity,2,2,0,2,2,0,0,0,0
node_c1,2,4,,6,8,,,,
node_c2,3,5,,7,9,,,,
node_c3,,,,,,,,,
fitness,0.0,19,,,,,,,

TREE_ID,7,,
tree_type,f,,
tree_depth_base,1,,
NODE_ID,1,2,3
node_depth,0,1,1
node_type,root,term,term
node_label,*,a,c
node_parent,,1,1
node_arity,2,0,0
node_c1,2,,
node_c2,3,,
node_c3,,,
fitness,0.0,7,

TREE_ID,8,,
tree_type,g,,
tree_depth_base,1,,
NODE_ID,1,2,3
node_depth,0,1,1
node_type,root,term,term
node_label,+,a,c
node_parent,,1,1
node_arity,2,0,0
node_c1,2,,
node_c2,3,,
node_c3,,,
fitness,0.0,7,

TREE_ID,9,,,,,,
tree_type,f,,,,,,
tree_depth_base,2,,,,,,
NODE_ID,1,2,3,4,5,6,7
node_depth,0,1,1,2,2,2,2
node_type,root,func,func,term,term,term,term
node_label,*,+,+,b,a,c,c
node_parent,,1,1,2,2,3,3
node_arity,2,2,2,0,0,0,0
node_c1,2,4,6,,,,
node_c2,3,5,7,,,,
node_c3,,,,,,,
fitness,1.0,15,,,,,

TREE_ID,10,,,,,,
tree_type,g,,,,,,
tree_depth_base,2,,,,,,
NODE_ID,1,2,3,4,5,6,7
node_depth,0,1,1,2,2,2,2
node_type,root,func,func,term,term,term,term
node_label,+,-,-,c,c,b,b
node_parent,,1,1,2,2,3,3
node_arity,2,2,2,0,0,0,0
node_c1,2,4,6,,,,
node_c2,3,5,7,,,,
node_c3,,,,,,,
fitness,0.0,15,,,,,

TREE_ID,11,,,,,,,,,,,,,,
tree_type,f,,,,,,,,,,,,,,
tree_depth_base,3,,,,,,,,,,,,,,
NODE_ID,1,2,3,4,5,6,7,8,9,10,11,12,13,14,15
node_depth,0,1,1,2,2,2,2,3,3,3,3,3,3,3,3
node_type,root,func,func,func,func,func,func,term,term,term,term,term,term,term,term
node_label,+,+,*,*,+,/,-,a,b,b,b,b,a,b,a
node_parent,,1,1,2,2,3,3,4,4,5,5,6,6,7,7
node_arity,2,2,2,2,2,2,2,0,0,0,0,0,0,0,0
node_c1,2,4,6,8,10,12,14,,,,,,,,
node_c2,3,5,7,9,11,13,15,,,,,,,,
node_c3,,,,,,,,,,,,,,,
fitness,1.0,31,,,,,,,,,,,,,

TREE_ID,12,,,,,,,,,,,,
tree_type,g,,,,,,,,,,,,
tree_depth_base,3,,,,,,,,,,,,
NODE_ID,1,2,3,4,5,6,7,8,9,10,11,12,13
node_depth,0,1,1,2,2,2,2,3,3,3,3,3,3
node_type,root,func,func,func,func,term,func,term,term,term,term,term,term
node_label,/,*,+,*,+,b,+,c,a,b,c,a,b
node_parent,,1,1,2,2,3,3,4,4,5,5,7,7
node_arity,2,2,2,2,2,0,2,0,0,0,0,0,0
node_c1,2,4,6,8,10,,12,,,,,,
node_c2,3,5,7,9,11,,13,,,,,,
node_c3,,,,,,,,,,,,,
fitness,1.0,27,,,,,,,,,,,

TREE_ID,13,,
tree_type,f,,
tree_depth_base,1,,
NODE_ID,1,2,3
node_depth,0,1,1
node_type,root,term,term
node_label,*,b,a
node_parent,,1,1
node_arity,2,0,0
node_c1,2,,
node_c2,3,,
node_c3,,,
fitness,1.0,7,

TREE_ID,14,,
tree_type,g,,
tree_depth_base,1,,
NODE_ID,1,2,3
node_depth,0,1,1
node_type,root,term,term
node_label,-,a,b
node_parent,,1,1
node_arity,2,0,0
node_c1,2,,
node_c2,3,,
node_c3,,,
fitness,0.0,7,

TREE_ID,15,,,,,,
tree_type,f,,,,,,
tree_depth_base,2,,,,,,
NODE_ID,1,2,3,4,5,6,7
node_depth,0,1,1,2,2,2,2
node_type,root,func,func,term,term,term,term
node_label,-,/,/,a,b,c,b
node_parent,,1,1,2,2,3,3
node_arity,2,2,2,0,0,0,0
node_c1,2,4,6,,,,
node_c2,3,5,7,,,,
node_c3,,,,,,,
fitness,0.0,15,,,,,

TREE_ID,16,,,,
tree_type,g,,,,
tree_depth_base,2,,,,
NODE_ID,1,2,3,4,5
node_depth,0,1,1,2,2
node_type,root,func,term,term,term
node_label,+,*,b,b,b
node_parent,,1,1,2,2
node_arity,2,2,0,0,0
node_c1,2,4,,,
node_c2,3,5,,,
node_c3,,,,,
fitness,1.0,11,,,

TREE_ID,17,,,,,,,,,,,,,,
tree_type,f,,,,,,,,,,,,,,
tree_depth_base,3,,,,,,,,,,,,,,
NODE_ID,1,2,3,4,5,6,7,8,9,10,11,12,13,14,15
node_depth,0,1,1,2,2,2,2,3,3,3,3,3,3,3,3
node_type,root,func,func,func,func,func,func,term,term,term,term,term,term,term,term
node_label,-,-,-,+,/,+,/,b,c,c,c,c,a,a,b
node_parent,,1,1,2,2,3,3,4,4,5,5,6,6,7,7
node_arity,2,2,2,2,2,2,2,0,0,0,0,0,0,0,0
node_c1,2,4,6,8,10,12,14,,,,,,,,
node_c2,3,5,7,9,11,13,15,,,,,,,,
node_c3,,,,,,,,,,,,,,,
fitness,0.0,31,,,,,,,,,,,,,

TREE_ID,18,,,,,,
tree_type,g,,,,,,
tree_depth_base,3,,,,,,
NODE_ID,1,2,3,4,5,6,7
node_depth,0,1,1,2,2,3,3
node_type,root,func,term,func,term,term,term
node_label,-,-,a,/,a,b,b
node_parent,,1,1,2,2,4,4
node_arity,2,2,0,2,0,0,0
node_c1,2,4,,6,,,
node_c2,3,5,,7,,,
node_c3,,,,,,,
fitness,0.0,15,,,,,

TREE_ID,19,,
tree_type,f,,
tree_depth_base,1,,
NODE_ID,1,2,3
node_depth,0,1,1
node_type,root,term,term
node_label,-,b,a
node_parent,,1,1
node_arity,2,0,0
node_c1,2,,
node_c2,3,,
node_c3,,,
fitness,0.0,7,

TREE_ID,20,,
tree_type,g,,
tree_depth_base,1,,
NODE_ID,1,2,3
node_depth,0,1,1
node_type,root,term,term
node_label,-,b,b
node_parent,,1,1
node_arity,2,0,0
node_c1,2,,
node_c2,3,,
node_c3,,,
fitness,0.0,7,

TREE_ID,21,,,,,,
tree_type,f,,,,,,
tree_depth_base,2,,,,,,
NODE_ID,1,2,3,4,5,6,7
node_depth,0,1,1,2,2,2,2
node_type,root,func,func,term,term,term,term
node_label,*,-,/,a,c,b,b
node_parent,,1,1,2,2,3,3
node_arity,2,2,2,0,0,0,0
node_c1,2,4,6,,,,
node_c2,3,5,7,,,,
node_c3,,,,,,,
fitness,0.0,15,,,,,

TREE_ID,22,,,,,,
tree_type,g,,,,,,
tree_depth_base,2,,,,,,
NODE_ID,1,2,3,4,5,6,7
node_depth,0,1,1,2,2,2,2
node_type,root,func,func,term,term,term,term
node_label,/,/,*,b,a,a,b
node_parent,,1,1,2,2,3,3
node_arity,2,2,2,0,0,0,0
node_c1,2,4,6,,,,
node_c2,3,5,7,,,,
node_c3,,,,,,,
fitness,1.0,15,,,,,

TREE_ID,23,,,,,,,,,,,,,,
tree_type,f,,,,,,,,,,,,,,
tree_depth_base,3,,,,,,,,,,,,,,
NODE_ID,1,2,3,4,5,6,7,8,9,10,11,12,13,14,15
node_depth,0,1,1,2,2,2,2,3,3,3,3,3,3,3,3
node_type,root,func,func,func,func,func,func,term,term,term,term,term,term,term,term
node_label,-,+,/,-,-,-,-,a,b,a,a,b,a,b,c
node_parent,,1,1,2,2,3,3,4,4,5,5,6,6,7,7
node_arity,2,2,2,2,2,2,2,0,0,0,0,0,0,0,0
node_c1,2,4,6,8,10,12,14,,,,,,,,
node_c2,3,5,7,9,11,13,15,,,,,,,,
node_c3,,,,,,,,,,,,,,,
fitness,0.0,31,,,,,,,,,,,,,

TREE_ID,24,,,,,,,,,,
tree_type,g,,,,,,,,,,
tree_depth_base,3,,,,,,,,,,
NODE_ID,1,2,3,4,5,6,7,8,9,10,11
node_depth,0,1,1,2,2,2,2,3,3,3,3
node_type,root,func,func,func,func,term,term,term,term,term,term
node_label,/,*,*,+,/,b,a,a,c,a,c
node_parent,,1,1,2,2,3,3,4,4,5,5
node_arity,2,2,2,2,2,0,0,0,0,0,0
node_c1,2,4,6,8,10,,,,,,
node_c2,3,5,7,9,11,,,,,,
node_c3,,,,,,,,,,,
fitness,0.0,23,,,,,,,,,

TREE_ID,25,,
tree_type,f,,
tree_depth_base,1,,
NODE_ID,1,2,3
node_depth,0,1,1
node_type,root,term,term
node_label,/,a,b
node_parent,,1,1
node_arity,2,0,0
node_c1,2,,
node_c2,3,,
node_c3,,,
fitness,0.0,7,

TREE_ID,26,,
tree_type,g,,
tree_depth_base,1,,
NODE_ID,1,2,3
node_depth,0,1,1
node_type,root,term,term
node_label,/,c,a
node_parent,,1,1
node_arity,2,0,0
node_c1,2,,
node_c2,3,,
node_c3,,,
fitness,1.0,7,

TREE_ID,27,,,,,,
tree_type,f,,,,,,
tree_depth_base,2,,,,,,
NODE_ID,1,2,3,4,5,6,7
node_depth,0,1,1,2,2,2,2
node_type,root,func,func,term,term,term,term
node_label,/,-,-,a,c,b,c
node_parent,,1,1,2,2,3,3
node_arity,2,2,2,0,0,0,0
node_c1,2,4,6,,,,
node_c2,3,5,7,,,,
node_c3,,,,,,,
fitness,0.0,15,,,,,

TREE_ID,28,,,,
tree_type,g,,,,
tree_depth_base,2,,,,
NODE_ID,1,2,3,4,5
node_depth,0,1,1,2,2
node_type,root,term,func,term,term
node_label,+,c,/,b,c
node_parent,,1,1,3,3
node_arity,2,0,2,0,0
node_c1,2,,4,,
node_c2,3,,5,,
node_c3,,,,,
fitness,0.0,11,,,

TREE_ID,29,,,,,,,,,,,,,,
tree_type,f,,,,,,,,,,,,,,
tree_depth_base,3,,,,,,,,,,,,,,
NODE_ID,1,2,3,4,5,6,7,8,9,10,11,12,13,14,15
node_depth,0,1,1,2,2,2,2,3,3,3,3,3,3,3,3
node_type,root,func,func,func,func,func,func,term,term,term,term,term,term,term,term
node_label,+,+,+,+,-,*,/,c,b,b,b,b,c,c,b
node_parent,,1,1,2,2,3,3,4,4,5,5,6,6,7,7
node_arity,2,2,2,2,2,2,2,0,0,0,0,0,0,0,0
node_c1,2,4,6,8,10,12,14,,,,,,,,
node_c2,3,5,7,9,11,13,15,,,,,,,,
node_c3,,,,,,,,,,,,,,,
fitness,0.0,31,,,,,,,,,,,,,

TREE_ID,30,,,,,,
tree_type,g,,,,,,
tree_depth_base,3,,,,,,
NODE_ID,1,2,3,4,5,6,7
node_depth,0,1,1,2,2,3,3
node_type,root,term,func,term,func,term,term
node_label,-,a,/,b,-,c,b
node_parent,,1,1,3,3,5,5
node_arity,2,0,2,0,2,0,0
node_c1,2,,4,,6,,
node_c2,3,,5,,7,,
node_c3,,,,,,,
fitness,0.0,15,,,,,

TREE_ID,31,,
tree_type,f,,
tree_depth_base,1,,
NODE_ID,1,2,3
node_depth,0,1,1
node_type,root,term,term
node_label,/,c,b
node_parent,,1,1
node_arity,2,0,0
node_c1,2,,
node_c2,3,,
node_c3,,,
fitness,0.0,7,

TREE_ID,32,,
tree_type,g,,
tree_depth_base,1,,
NODE_ID,1,2,3
node_depth,0,1,1
node_type,root,term,term
node_label,+,c,c
node_parent,,1,1
node_arity,2,0,0
node_c1,2,,
node_c2,3,,
node_c3,,,
fitness,1.0,7,

TREE_ID,33,,,,,,
tree_type,f,,,,,,
tree_depth_base,2,,,,,,
NODE_ID,1,2,3,4,5,6,7
node_depth,0,1,1,2,2,2,2
node_type,root,func,func,term,term,term,term
node_label,*,*,+,b,b,b,b
node_parent,,1,1,2,2,3,3
node_arity,2,2,2,0,0,0,0
node_c1,2,4,6,,,,
node_c2,3,5,7,,,,
node_c3,,,,,,,
fitness,0.0,15,,,,,

TREE_ID,34,,
tree_type,g,,
tree_depth_base,2,,
NODE_ID,1,2,3
node_depth,0,1,1
node_type,root,term,term
node_label,+,b,c
node_parent,,1,1
node_arity,2,0,0
node_c1,2,,
node_c2,3,,
node_c3,,,
fitness,1.0,7,

TREE_ID,35,,,,,,,,,,,,,,
tree_type,f,,,,,,,,,,,,,,
tree_depth_base,3,,,,,,,,,,,,,,
NODE_ID,1,2,3,4,5,6,7,8,9,10,11,12,13,14,15
node_depth,0,1,1,2,2,2,2,3,3,3,3,3,3,3,3
node_type,root,func,func,func,func,func,func,term,term,term,term,term,term,term,term
node_label,*,+,-,+,*,/,+,b,a,c,a,c,c,b,a
node_parent,,1,1,2,2,3,3,4,4,5,5,6,6,7,7
node_arity,2,2,2,2,2,2,2,0,0,0,0,0,0,0,0
node_c1,2,4,6,8,10,12,14,,,,,,,,
node_c2,3,5,7,9,11,13,15,,,,,,,,
node_c3,,,,,,,,,,,,,,,
fitness,0.0,31,,,,,,,,,,,,,

TREE_ID,36,,,,,,
tree_type,g,,,,,,
tree_depth_base,3,,,,,,
NODE_ID,1,2,3,4,5,6,7
node_depth,0,1,1,2,2,3,3
node_type,root,func,term,term,func,term,term
node_label,/,/,b,a,-,c,a
node_parent,,1,1,2,2,5,5
node_arity,2,2,0,0,2,0,0
node_c1,2,4,,,6,,
node_c2,3,5,,,7,,
node_c3,,,,,,,
fitness,0.0,15,,,,,

TREE_ID,37,,
tree_type,f,,
tree_depth_base,1,,
NODE_ID,1,2,3
node_depth,0,1,1
node_type,root,term,term
node_label,+,a,a
node_parent,,1,1
node_arity,2,0,0
node_c1,2,,
node_c2,3,,
node_c3,,,
fitness,0.0,7,

TREE_ID,38,,
tree_type,g,,
tree_depth_base,1,,
NODE_ID,1,2,3
node_depth,0,1,1
node_type,root,term,term
node_label,-,b,b
node_parent,,1,1
node_arity,2,0,0
node_c1,2,,
node_c2,3,,
node_c3,,,
fitness,0.0,7,

TREE_ID,39,,,,,,
tree_type,f,,,,,,
tree_depth_base,2,,,,,,
NODE_ID,1,2,3,4,5,6,7
node_depth,0,1,1,2,2,2,2
node_type,root,func,func,term,term,term,term
node_label,+,/,-,a,b,b,a
node_parent,,1,1,2,2,3,3
node_arity,2,2,2,0,0,0,0
node_c1,2,4,6,,,,
node_c2,3,5,7,,,,
node_c3,,,,,,,
fitness,0.0,15,,,,,

TREE_ID,40,,,,,,
tree_type,g,,,,,,
tree_depth_base,2,,,,,,
NODE_ID,1,2,3,4,5,6,7
node_depth,0,1,1,2,2,2,2
node_type,root,func,func,term,term,term,term
node_label,-,*,*,c,a,c,b
node_parent,,1,1,2,2,3,3
node_arity,2,2,2,0,0,0,0
node_c1,2,4,6,,,,
node_c2,3,5,7,,,,
node_c3,,,,,,,
fitness,0.0,15,,,,,

TREE_ID,41,,,,,,,,,,,,,,
tree_type,f,,,,,,,,,,,,,,
tree_depth_base,3,,,,,,,,,,,,,,
NODE_ID,1,2,3,4,5,6,7,8,9,10,11,12,13,14,15
node_depth,0,1,1,2,2,2,2,3,3,3,3,3,3,3,3
node_type,root,func,func,func,func,func,func,term,term,term,term,term,term,term,term
node_label,+,+,*,/,-,*,+,b,c,b,b,c,b,c,a
node_parent,,1,1,2,2,3,3,4,4,5,5,6,6,7,7
node_arity,2,2,2,2,2,2,2,0,0,0,0,0,0,0,0
node_c1,2,4,6,8,10,12,14,,,,,,,,
node_c2,3,5,7,9,11,13,15,,,,,,,,
node_c3,,,,,,,,,,,,,,,
fitness,0.0,31,,,,,,,,,,,,,

TREE_ID,42,,
tree_type,g,,
tree_depth_base,3,,
NODE_ID,1,2,3
node_depth,0,1,1
node_type,root,term,term
node_label,*,b,c
node_parent,,1,1
node_arity,2,0,0
node_c1,2,,
node_c2,3,,
node_c3,,,
fitness,1.0,7,

TREE_ID,43,,
tree_type,f,,
tree_depth_base,1,,
NODE_ID,1,2,3
node_depth,0,1,1
node_type,root,term,term
node_label,/,c,a
node_parent,,1,1
node_arity,2,0,0
node_c1,2,,
node_c2,3,,
node_c3,,,
fitness,1.0,7,

TREE_ID,44,,
tree_type,g,,
tree_depth_base,1,,
NODE_ID,1,2,3
node_depth,0,1,1
node_type,root,term,term
node_label,-,c,a
node_parent,,1,1
node_arity,2,0,0
node_c1,2,,
node_c2,3,,
node_c3,,,
fitness,0.0,7,

TREE_ID,45,,,,,,
tree_type,f,,,,,,
tree_depth_base,2,,,,,,
NODE_ID,1,2,3,4,5,6,7
node_depth,0,1,1,2,2,2,2
node_type,root,func,func,term,term,term,term
node_label,*,+,*,b,a,a,b
node_parent,,1,1,2,2,3,3
node_arity,2,2,2,0,0,0,0
node_c1,2,4,6,,,,
node_c2,3,5,7,,,,
node_c3,,,,,,,
fitness,0.0,15,,,,,

TREE_ID,46,,
tree_type,g,,
tree_depth_base,2,,
NODE_ID,1,2,3
node_depth,0,1,1
node_type,root,term,term
node_label,/,c,c
node_parent,,1,1
node_arity,2,0,0
node_c1,2,,
node_c2,3,,
node_c3,,,
fitness,0.0,7,

TREE_ID,47,,,,,,,,,,,,,,
tree_type,f,,,,,,,,,,,,,,
tree_depth_base,3,,,,,,,,,,,,,,
NODE_ID,1,2,3,4,5,6,7,8,9,10,11,12,13,14,15
node_depth,0,1,1,2,2,2,2,3,3,3,3,3,3,3,3
node_type,root,func,func,func,func,func,func,term,term,term,term,term,term,term,term
node_label,*,-,-,/,*,/,-,a,c,a,a,c,a,b,b
node_parent,,1,1,2,2,3,3,4,4,5,5,6,6,7,7
node_arity,2,2,2,2,2,2,2,0,0,0,0,0,0,0,0
node_c1,2,4,6,8,10,12,14,,,,,,,,
node_c2,3,5,7,9,11,13,15,,,,,,,,
node_c3,,,,,,,,,,,,,,,
fitness,0.0,31,,,,,,,,,,,,,

TREE_ID,48,,,,,,
tree_type,g,,,,,,
tree_depth_base,3,,,,,,
NODE_ID,1,2,3,4,5,6,7
node_depth,0,1,1,2,2,3,3
node_type,root,term,func,func,term,term,term
node_label,-,c,*,/,a,c,a
node_parent,,1,1,3,3,4,4
node_arity,2,0,2,2,0,0,0
node_c1,2,,4,6,,,
node_c2,3,,5,7,,,
node_c3,,,,,,,
fitness,0.0,15,,,,,

TREE_ID,49,,
tree_type,f,,
tree_depth_base,1,,
NODE_ID,1,2,3
node_depth,0,1,1
node_type,root,term,term
node_label,/,b,a
node_parent,,1,1
node_arity,2,0,0
node_c1,2,,
node_c2,3,,
node_c3,,,
fitness,1.0,7,

TREE_ID,50,,
tree_type,g,,
tree_depth_base,1,,
NODE_ID,1,2,3
node_depth,0,1,1
node_type,root,term,term
node_label,-,b,c
node_parent,,1,1
node_arity,2,0,0
node_c1,2,,
node_c2,3,,
node_c3,,,
fitness,0.0,7,

TREE_ID,51,,,,,,
tree_type,f,,,,,,
tree_depth_base,2,,,,,,
NODE_ID,1,2,3,4,5,6,7
node_depth,0,1,1,2,2,2,2
node_type,root,func,func,term,term,term,term
node_label,-,-,-,c,c,b,b
node_parent,,1,1,2,2,3,3
node_arity,2,2,2,0,0,0,0
node_c1,2,4,6,,,,
node_c2,3,5,7,,,,
node_c3,,,,,,,
fitness,0.0,15,,,,,

TREE_ID,52,,,,
tree_type,g,,,,
tree_depth_base,2,,,,
NODE_ID,1,2,3,4,5
node_depth,0,1,1,2,2
node_type,root,term,func,term,term
node_label,-,a,-,b,c
node_parent,,1,1,3,3
node_arity,2,0,2,0,0
node_c1,2,,4,,
node_c2,3,,5,,
node_c3,,,,,
fitness,0.0,11,,,

TREE_ID,53,,,,,,,,,,,,,,
tree_type,f,,,,,,,,,,,,,,
tree_depth_base,3,,,,,,,,,,,,,,
NODE_ID,1,2,3,4,5,6,7,8,9,10,11,12,13,14,15
node_depth,0,1,1,2,2,2,2,3,3,3,3,3,3,3,3
node_type,root,func,func,func,func,func,func,term,term,term,term,term,term,term,term
node_label,-,*,/,/,/,-,*,a,c,c,a,a,c,c,a
node_parent,,1,1,2,2,3,3,4,4,5,5,6,6,7,7
node_arity,2,2,2,2,2,2,2,0,0,0,0,0,0,0,0
node_c1,2,4,6,8,10,12,14,,,,,,,,
node_c2,3,5,7,9,11,13,15,,,,,,,,
node_c3,,,,,,,,,,,,,,,
fitness,0.0,31,,,,,,,,,,,,,

TREE_ID,54,,,,
tree_type,g,,,,
tree_depth_base,3,,,,
NODE_ID,1,2,3,4,5
node_depth,0,1,1,2,2
node_type,root,func,term,term,term
node_label,-,/,a,c,b
node_parent,,1,1,2,2
node_arity,2,2,0,0,0
node_c1,2,4,,,
node_c2,3,5,,,
node_c3,,,,,
fitness,0.0,11,,,

TREE_ID,55,,
tree_type,f,,
tree_depth_base,1,,
NODE_ID,1,2,3
node_depth,0,1,1
node_type,root,term,term
node_label,*,b,c
node_parent,,1,1
node_arity,2,0,0
node_c1,2,,
node_c2,3,,
node_c3,,,
fitness,1.0,7,

TREE_ID,56,,
tree_type,g,,
tree_depth_base,1,,
NODE_ID,1,2,3
node_depth,0,1,1
node_type,root,term,term
node_label,+,a,b
node_parent,,1,1
node_arity,2,0,0
node_c1,2,,
node_c2,3,,
node_c3,,,
fitness,0.0,7,

TREE_ID,57,,,,,,
tree_type,f,,,,,,
tree_depth_base,2,,,,,,
NODE_ID,1,2,3,4,5,6,7
node_depth,0,1,1,2,2,2,2
node_type,root,func,func,term,term,term,term
node_label,-,*,-,a,c,a,a
node_parent,,1,1,2,2,3,3
node_arity,2,2,2,0,0,0,0
node_c1,2,4,6,,,,
node_c2,3,5,7,,,,
node_c3,,,,,,,
fitness,0.0,15,,,,,

TREE_ID,58,,
tree_type,g,,
tree_depth_base,2,,
NODE_ID,1,2,3
node_depth,0,1,1
node_type,root,term,term
node_label,*,b,c
node_parent,,1,1
node_arity,2,0,0
node_c1,2,,
node_c2,3,,
node_c3,,,
fitness,1.0,7,

TREE_ID,59,,,,,,,,,,,,,,
tree_type,f,,,,,,,,,,,,,,
tree_depth_base,3,,,,,,,,,,,,,,
NODE_ID,1,2,3,4,5,6,7,8,9,10,11,12,13,14,15
node_depth,0,1,1,2,2,2,2,3,3,3,3,3,3,3,3
node_type,root,func,func,func,func,func,func,term,term,term,term,term,term,term,term
node_label,*,*,+,*,+,*,-,b,b,b,b,b,b,c,c
node_parent,,1,1,2,2,3,3,4,4,5,5,6,6,7,7
node_arity,2,2,2,2,2,2,2,0,0,0,0,0,0,0,0
node_c1,2,4,6,8,10,12,14,,,,,,,,
node_c2,3,5,7,9,11,13,15,,,,,,,,
node_c3,,,,,,,,,,,,,,,
fitness,0.0,31,,,,,,,,,,,,,

TREE_ID,60,,,,,,,,,,
tree_type,g,,,,,,,,,,
tree_depth_base,3,,,,,,,,,,
NODE_ID,1,2,3,4,5,6,7,8,9,10,11
node_depth,0,1,1,2,2,2,2,3,3,3,3
node_type,root,func,func,term,func,term,func,term,term,term,term
node_label,-,/,*,c,/,c,+,c,a,c,c
node_parent,,1,1,2,2,3,3,5,5,7,7
node_arity,2,2,2,0,2,0,2,0,0,0,0
node_c1,2,4,6,,8,,10,,,,
node_c2,3,5,7,,9,,11,,,,
node_c3,,,,,,,,,,,
fitness,1.0,23,,,,,,,,,

TREE_ID,61,,
tree_type,f,,
tree_depth_base,1,,
NODE_ID,1,2,3
node_depth,0,1,1
node_type,root,term,term
node_label,-,c,a
node_parent,,1,1
node_arity,2,0,0
node_c1,2,,
node_c2,3,,
node_c3,,,
fitness,0.0,7,

TREE_ID,62,,
tree_type,g,,
tree_depth_base,1,,
NODE_ID,1,2,3
node_depth,0,1,1
node_type,root,term,term
node_label,*,a,b
node_parent,,1,1
node_arity,2,0,0
node_c1,2,,
node_c2,3,,
node_c3,,,
fitness,1.0,7,

TREE_ID,63,,,,,,
tree_type,f,,,,,,
tree_depth_base,2,,,,,,
NODE_ID,1,2,3,4,5,6,7
node_depth,0,1,1,2,2,2,2
node_type,root,func,func,term,term,term,term
node_label,-,/,-,c,c,b,c
node_parent,,1,1,2,2,3,3
node_arity,2,2,2,0,0,0,0
node_c1,2,4,6,,,,
node_c2,3,5,7,,,,
node_c3,,,,,,,
fitness,0.0,15,,,,,

TREE_ID,64,,,,
tree_type,g,,,,
tree_depth_base,2,,,,
NODE_ID,1,2,3,4,5
node_depth,0,1,1,2,2
node_type,root,func,term,term,term
node_label,+,-,c,a,a
node_parent,,1,1,2,2
node_arity,2,2,0,0,0
node_c1,2,4,,,
node_c2,3,5,,,
node_c3,,,,,
fitness,0.0,11,,,

TREE_ID,65,,,,,,,,,,,,,,
tree_type,f,,,,,,,,,,,,,,
tree_depth_base,3,,,,,,,,,,,,,,
NODE_ID,1,2,3,4,5,6,7,8,9,10,11,12,13,14,15
node_depth,0,1,1,2,2,2,2,3,3,3,3,3,3,3,3
node_type,root,func,func,func,func,func,func,term,term,term,term,term,term,term,term
node_label,-,*,-,/,/,/,-,a,b,c,c,a,c,b,a
node_parent,,1,1,2,2,3,3,4,4,5,5,6,6,7,7
node_arity,2,2,2,2,2,2,2,0,0,0,0,0,0,0,0
node_c1,2,4,6,8,10,12,14,,,,,,,,
node_c2,3,5,7,9,11,13,15,,,,,,,,
node_c3,,,,,,,,,,,,,,,
fitness,0.0,31,,,,,,,,,,,,,

TREE_ID,66,,,,,,,,,,
tree_type,g,,,,,,,,,,
tree_depth_base,3,,,,,,,,,,
NODE_ID,1,2,3,4,5,6,7,8,9,10,11
node_depth,0,1,1,2,2,2,2,3,3,3,3
node_type,root,func,func,term,func,func,term,term,term,term,term
node_label,-,/,*,b,*,*,b,a,a,c,b
node_parent,,1,1,2,2,3,3,5,5,6,6
node_arity,2,2,2,0,2,2,0,0,0,0,0
node_c1,2,4,6,,8,10,,,,,
node_c2,3,5,7,,9,11,,,,,
node_c3,,,,,,,,,,,
fitness,0.0,23,,,,,,,,,

TREE_ID,67,,
tree_type,f,,
tree_depth_base,1,,
NODE_ID,1,2,3
node_depth,0,1,1
node_type,root,term,term
node_label,/,b,b
node_parent,,1,1
node_arity,2,0,0
node_c1,2,,
node_c2,3,,
node_c3,,,
fitness,0.0,7,

TREE_ID,68,,
tree_type,g,,
tree_depth_base,1,,
NODE_ID,1,2,3
node_depth,0,1,1
node_type,root,term,term
node_label,/,c,b
node_parent,,1,1
node_arity,2,0,0
node_c1,2,,
node_c2,3,,
node_c3,,,
fitness,0.0,7,

TREE_ID,69,,,,,,
tree_type,f,,,,,,
tree_depth_base,2,,,,,,
NODE_ID,1,2,3,4,5,6,7
node_depth,0,1,1,2,2,2,2
node_type,root,func,func,term,term,term,term
node_label,-,/,-,b,c,b,a
node_parent,,1,1,2,2,3,3
node_arity,2,2,2,0,0,0,0
node_c1,2,4,6,,,,
node_c2,3,5,7,,,,
node_c3,,,,,,,
fitness,0.0,15,,,,,

TREE_ID,70,,
tree_type,g,,
tree_depth_base,2,,
NODE_ID,1,2,3
node_depth,0,1,1
node_type,root,term,term
node_label,/,a,c
node_parent,,1,1
node_arity,2,0,0
node_c1,2,,
node_c2,3,,
node_c3,,,
fitness,0.0,7,

TREE_ID,71,,,,,,,,,,,,,,
tree_type,f,,,,,,,,,,,,,,
tree_depth_base,3,,,,,,,,,,,,,,
NODE_ID,1,2,3,4,5,6,7,8,9,10,11,12,13,14,15
node_depth,0,1,1,2,2,2,2,3,3,3,3,3,3,3,3
node_type,root,func,func,func,func,func,func,term,term,term,term,term,term,term,term
node_label,*,+,-,-,/,-,-,b,b,b,c,c,b,b,a
node_parent,,1,1,2,2,3,3,4,4,5,5,6,6,7,7
node_arity,2,2,2,2,2,2,2,0,0,0,0,0,0,0,0
node_c1,2,4,6,8,10,12,14,,,,,,,,
node_c2,3,5,7,9,11,13,15,,,,,,,,
node_c3,,,,,,,,,,,,,,,
fitness,0.0,31,,,,,,,,,,,,,

TREE_ID,72,,,,,,,,,,,,,,
tree_type,g,,,,,,,,,,,,,,
tree_depth_base,3,,,,,,,,,,,,,,
NODE_ID,1,2,3,4,5,6,7,8,9,10,11,12,13,14,15
node_depth,0,1,1,2,2,2,2,3,3,3,3,3,3,3,3
node_type,root,func,func,func,func,func,func,term,term,term,term,term,term,term,term
node_label,+,*,/,+,-,*,*,c,b,a,c,c,b,c,a
node_parent,,1,1,2,2,3,3,4,4,5,5,6,6,7,7
node_arity,2,2,2,2,2,2,2,0,0,0,0,0,0,0,0
node_c1,2,4,6,8,10,12,14,,,,,,,,
node_c2,3,5,7,9,11,13,15,,,,,,,,
node_c3,,,,,,,,,,,,,,,
fitness,0.0,31,,,,,,,,,,,,,

TREE_ID,73,,
tree_type,f,,
tree_depth_base,1,,
NODE_ID,1,2,3
node_depth,0,1,1
node_type,root,term,term
node_label,-,c,a
node_parent,,1,1
node_arity,2,0,0
node_c1,2,,
node_c2,3,,
node_c3,,,
fitness,0.0,7,

TREE_ID,74,,
tree_type,g,,
tree_depth_base,1,,
NODE_ID,1,2,3
node_depth,0,1,1
node_type,root,term,term
node_label,/,a,c
node_parent,,1,1
node_arity,2,0,0
node_c1,2,,
node_c2,3,,
node_c3,,,
fitness,0.0,7,

TREE_ID,75,,,,,,
tree_type,f,,,,,,
tree_depth_base,2,,,,,,
NODE_ID,1,2,3,4,5,6,7
node_depth,0,1,1,2,2,2,2
node_type,root,func,func,term,term,term,term
node_label,*,/,-,a,c,a,b
node_parent,,1,1,2,2,3,3
node_arity,2,2,2,0,0,0,0
node_c1,2,4,6,,,,
node_c2,3,5,7,,,,
node_c3,,,,,,,
fitness,0.0,15,,,,,

TREE_ID,76,,
tree_type,g,,
tree_depth_base,2,,
NODE_ID,1,2,3
node_depth,0,1,1
node_type,root,term,term
node_label,+,a,b
node_parent,,1,1
node_arity,2,0,0
node_c1,2,,
node_c2,3,,
node_c3,,,
fitness,0.0,7,

TREE_ID,77,,,,,,,,,,,,,,
tree_type,f,,,,,,,,,,,,,,
tree_depth_base,3,,,,,,,,,,,,,,
NODE_ID,1,2,3,4,5,6,7,8,9,10,11,12,13,14,15
node_depth,0,1,1,2,2,2,2,3,3,3,3,3,3,3,3
node_type,root,func,func,func,func,func,func,term,term,term,term,term,term,term,term
node_label,*,/,/,-,-,+,/,a,b,c,b,b,c,a,a
node_parent,,1,1,2,2,3,3,4,4,5,5,6,6,7,7
node_arity,2,2,2,2,2,2,2,0,0,0,0,0,0,0,0
node_c1,2,4,6,8,10,12,14,,,,,,,,
node_c2,3,5,7,9,11,13,15,,,,,,,,
node_c3,,,,,,,,,,,,,,,
fitness,1.0,31,,,,,,,,,,,,,

TREE_ID,78,,,,,,
tree_type,g,,,,,,
tree_depth_base,3,,,,,,
NODE_ID,1,2,3,4,5,6,7
node_depth,0,1,1,2,2,3,3
node_type,root,func,term,term,func,term,term
node_label,-,-,a,b,-,a,a
node_parent,,1,1,2,2,5,5
node_arity,2,2,0,0,2,0,0
node_c1,2,4,,,6,,
node_c2,3,5,,,7,,
node_c3,,,,,,,
fitness,0.0,15,,,,,

TREE_ID,79,,
tree_type,f,,
tree_depth_base,1,,
NODE_ID,1,2,3
node_depth,0,1,1
node_type,root,term,term
node_label,/,b,a
node_parent,,1,1
node_arity,2,0,0
node_c1,2,,
node_c2,3,,
node_c3,,,
fitness,1.0,7,

TREE_ID,80,,
tree_type,g,,
tree_depth_base,1,,
NODE_ID,1,2,3
node_depth,0,1,1
node_type,root,term,term
node_label,*,a,c
node_parent,,1,1
node_arity,2,0,0
node_c1,2,,
node_c2,3,,
node_c3,,,
fitness,0.0,7,

TREE_ID,81,,,,,,
tree_type,f,,,,,,
tree_depth_base,2,,,,,,
NODE_ID,1,2,3,4,5,6,7
node_depth,0,1,1,2,2,2,2
node_type,root,func,func,term,term,term,term
node_label,-,-,/,a,a,b,b
node_parent,,1,1,2,2,3,3
node_arity,2,2,2,0,0,0,0
node_c1,2,4,6,,,,
node_c2,3,5,7,,,,
node_c3,,,,,,,
fitness,0.0,15,,,,,

TREE_ID,82,,,,
tree_type,g,,,,
tree_depth_base,2,,,,
NODE_ID,1,2,3,4,5
node_depth,0,1,1,2,2
node_type,root,term,func,term,term
node_label,-,a,/,a,a
node_parent,,1,1,3,3
node_arity,2,0,2,0,0
node_c1,2,,4,,
node_c2,3,,5,,
node_c3,,,,,
fitness,0.0,11,,,

TREE_ID,83,,,,,,,,,,,,,,
tree_type,f,,,,,,,,,,,,,,
tree_depth_base,3,,,,,,,,,,,,,,
NODE_ID,1,2,3,4,5,6,7,8,9,10,11,12,13,14,15
node_depth,0,1,1,2,2,2,2,3,3,3,3,3,3,3,3
node_type,root,func,func,func,func,func,func,term,term,term,term,term,term,term,term
node_label,*,-,/,*,-,-,+,a,a,c,c,b,c,a,c
node_parent,,1,1,2,2,3,3,4,4,5,5,6,6,7,7
node_arity,2,2,2,2,2,2,2,0,0,0,0,0,0,0,0
node_c1,2,4,6,8,10,12,14,,,,,,,,
node_c2,3,5,7,9,11,13,15,,,,,,,,
node_c3,,,,,,,,,,,,,,,
fitness,1.0,31,,,,,,,,,,,,,

TREE_ID,84,,,,,,,,,,
tree_type,g,,,,,,,,,,
tree_depth_base,3,,,,,,,,,,
NODE_ID,1,2,3,4,5,6,7,8,9,10,11
node_depth,0,1,1,2,2,2,2,3,3,3,3
node_type,root,func,func,term,term,func,func,term,term,term,term
node_label,+,/,/,a,c,*,+,b,c,a,b
node_parent,,1,1,2,2,3,3,6,6,7,7
node_arity,2,2,2,0,0,2,2,0,0,0,0
node_c1,2,4,6,,,8,10,,,,
node_c2,3,5,7,,,9,11,,,,
node_c3,,,,,,,,,,,
fitness,1.0,23,,,,,,,,,

TREE_ID,85,,
tree_type,f,,
tree_depth_base,1,,
NODE_ID,1,2,3
node_depth,0,1,1
node_type,root,term,term
node_label,*,c,b
node_parent,,1,1
node_arity,2,0,0
node_c1,2,,
node_c2,3,,
node_c3,,,
fitness,1.0,7,

TREE_ID,86,,
tree_type,g,,
tree_depth_base,1,,
NODE_ID,1,2,3
node_depth,0,1,1
node_type,root,term,term
node_label,*,a,c
node_parent,,1,1
node_arity,2,0,0
node_c1,2,,
node_c2,3,,
node_c3,,,
fitness,0.0,7,

TREE_ID,87,,,,,,
tree_type,f,,,,,,
tree_depth_base,2,,,,,,
NODE_ID,1,2,3,4,5,6,7
node_depth,0,1,1,2,2,2,2
node_type,root,func,func,term,term,term,term
node_label,/,/,-,c,c,a,a
node_parent,,1,1,2,2,3,3
node_arity,2,2,2,0,0,0,0
node_c1,2,4,6,,,,
node_c2,3,5,7,,,,
node_c3,,,,,,,
fitness,1.0,15,,,,,

TREE_ID,88,,
tree_type,g,,
tree_depth_base,2,,
NODE_ID,1,2,3
node_depth,0,1,1
node_type,root,term,term
node_label,-,a,b
node_parent,,1,1
node_arity,2,0,0
node_c1,2,,
node_c2,3,,
node_c3,,,
fitness,0.0,7,

TREE_ID,89,,,,,,,,,,,,,,
tree_type,f,,,,,,,,,,,,,,
tree_depth_base,3,,,,,,,,,,,,,,
NODE_ID,1,2,3,4,5,6,7,8,9,10,11,12,13,14,15
node_depth,0,1,1,2,2,2,2,3,3,3,3,3,3,3,3
node_type,root,func,func,func,func,func,func,term,term,term,term,term,term,term,term
node_label,*,+,*,/,-,+,/,c,b,b,b,c,a,a,a
node_parent,,1,1,2,2,3,3,4,4,5,5,6,6,7,7
node_arity,2,2,2,2,2,2,2,0,0,0,0,0,0,0,0
node_c1,2,4,6,8,10,12,14,,,,,,,,
node_c2,3,5,7,9,11,13,15,,,,,,,,
node_c3,,,,,,,,,,,,,,,
fitness,0.0,31,,,,,,,,,,,,,

TREE_ID,90,,
tree_type,g,,
tree_depth_base,3,,
NODE_ID,1,2,3
node_depth,0,1,1
node_type,root,term,term
node_label,*,c,b
node_parent,,1,1
node_arity,2,0,0
node_c1,2,,
node_c2,3,,
node_c3,,,
fitness,1.0,7,

TREE_ID,91,,
tree_type,f,,
tree_depth_base,1,,
NODE_ID,1,2,3
node_depth,0,1,1
node_type,root,term,term
node_label,+,a,a
node_parent,,1,1
node_arity,2,0,0
node_c1,2,,
node_c2,3,,
node_c3,,,
fitness,0.0,7,

TREE_ID,92,,
tree_type,g,,
tree_depth_base,1,,
NODE_ID,1,2,3
node_depth,0,1,1
node_type,root,term,term
node_label,+,c,c
node_parent,,1,1
node_arity,2,0,0
node_c1,2,,
node_c2,3,,
node_c3,,,
fitness,1.0,7,

TREE_ID,93,,,,,,
tree_type,f,,,,,,
tree_depth_base,2,,,,,,
NODE_ID,1,2,3,4,5,6,7
node_depth,0,1,1,2,2,2,2
node_type,root,func,func,term,term,term,term
node_label,-,+,*,b,b,a,c
node_parent,,1,1,2,2,3,3
node_arity,2,2,2,0,0,0,0
node_c1,2,4,6,,,,
node_c2,3,5,7,,,,
node_c3,,,,,,,
fitness,0.0,15,,,,,

TREE_ID,94,,,,,,
tree_type,g,,,,,,
tree_depth_base,2,,,,,,
NODE_ID,1,2,3,4,5,6,7
node_depth,0,1,1,2,2,2,2
node_type,root,func,func,term,term,term,term
node_label,-,-,/,c,b,a,c
node_parent,,1,1,2,2,3,3
node_arity,2,2,2,0,0,0,0
node_c1,2,4,6,,,,
node_c2,3,5,7,,,,
node_c3,,,,,,,
fitness,0.0,15,,,,,

TREE_ID,95,,,,,,,,,,,,,,
tree_type,f,,,,,,,,,,,,,,
tree_depth_base,3,,,,,,,,,,,,,,
NODE_ID,1,2,3,4,5,6,7,8,9,10,11,12,13,14,15
node_depth,0,1,1,2,2,2,2,3,3,3,3,3,3,3,3
node_type,root,func,func,func,func,func,func,term,term,term,term,term,term,term,term
node_label,*,/,+,-,-,+,+,b,a,a,c,b,a,c,b
node_parent,,1,1,2,2,3,3,4,4,5,5,6,6,7,7
node_arity,2,2,2,2,2,2,2,0,0,0,0,0,0,0,0
node_c1,2,4,6,8,10,12,14,,,,,,,,
node_c2,3,5,7,9,11,13,15,,,,,,,,
node_c3,,,,,,,,,,,,,,,
fitness,0.0,31,,,,,,,,,,,,,

TREE_ID,96,,,,,,
tree_type,g,,,,,,
tree_depth_base,3,,,,,,
NODE_ID,1,2,3,4,5,6,7
node_depth,0,1,1,2,2,3,3
node_type,root,func,term,term,func,term,term
node_label,*,/,a,a,/,b,b
node_parent,,1,1,2,2,5,5
node_arity,2,2,0,0,2,0,0
node_c1,2,4,,,6,,
node_c2,3,5,,,7,,
node_c3,,,,,,,
fitness,0.0,15,,,,,

TREE_ID,97,,,,,,
tree_type,g,,,,,,
tree_depth_base,3,,,,,,
NODE_ID,1,2,3,4,5,6,7
node_depth,0,1,1,2,2,3,3
node_type,root,func,term,term,func,term,term
node_label,+,*,a,b,+,c,a
node_parent,,1,1,2,2,5,5
node_arity,2,2,0,0,2,0,0
node_c1,2,4,,,6,,
node_c2,3,5,,,7,,
node_c3,,,,,,,
fitness,0.0,15,,,,,

TREE_ID,98,,,,,,,,
tree_type,g,,,,,,,,
tree_depth_base,3,,,,,,,,
NODE_ID,1,2,3,4,5,6,7,8,9
node_depth,0,1,1,2,2,2,2,3,3
node_type,root,func,func,term,term,func,term,term,term
node_label,*,-,+,b,b,+,b,a,c
node_parent,,1,1,2,2,3,3,6,6
node_arity,2,2,2,0,0,2,0,0,0
node_c1,2,4,6,,,8,,,
node_c2,3,5,7,,,9,,,
node_c3,,,,,,,,,
fitness,0.0,19,,,,,,,

TREE_ID,99,,,,
tree_type,g,,,,
tree_depth_base,3,,,,
NODE_ID,1,2,3,4,5
node_depth,0,1,1,2,2
node_type,root,func,term,term,term
node_label,/,*,b,a,a
node_parent,,1,1,2,2
node_arity,2,2,0,0,0
node_c1,2,4,,,
node_c2,3,5,,,
node_c3,,,,,
fitness,0.0,11,,,

TREE_ID,100,,,,,,,,,,,,
tree_type,g,,,,,,,,,,,,
tree_depth_base,3,,,,,,,,,,,,
NODE_ID,1,2,3,4,5,6,7,8,9,10,11,12,13
node_depth,0,1,1,2,2,2,2,3,3,3,3,3,3
node_type,root,func,func,term,func,func,func,term,term,term,term,term,term
node_label,-,*,/,b,+,-,+,c,c,c,b,c,a
node_parent,,1,1,2,2,3,3,5,5,6,6,7,7
node_arity,2,2,2,0,2,2,2,0,0,0,0,0,0
node_c1,2,4,6,,8,10,12,,,,,,
node_c2,3,5,7,,9,11,13,,,,,,
node_c3,,,,,,,,,,,,,
fitness,0.0,27,,,,,,,,,,,

Karoo GP by Kai Staats,Generation:,2

TREE_ID,1,,
tree_type,f,,
tree_depth_base,1,,
NODE_ID,1,2,3
node_depth,0,1,1
node_type,root,term,term
node_label,*,b,c
node_parent,,1,1
node_arity,2,0,0
node_c1,2,,
node_c2,3,,
node_c3,,,
fitness,1.0,7,

TREE_ID,2,,,,,,
tree_type,f,,,,,,
tree_depth_base,2,,,,,,
NODE_ID,1,2,3,4,5,6,7
node_depth,0,1,1,2,2,2,2
node_type,root,func,func,term,term,term,term
node_label,/,/,-,c,c,a,a
node_parent,,1,1,2,2,3,3
node_arity,2,2,2,0,0,0,0
node_c1,2,4,6,,,,
node_c2,3,5,7,,,,
node_c3,,,,,,,
fitness,1.0,15,,,,,

TREE_ID,3,,
tree_type,f,,
tree_depth_base,1,,
NODE_ID,1,2,3
node_depth,0,1,1
node_type,root,term,term
node_label,/,b,a
node_parent,,1,1
node_arity,2,0,0
node_c1,2,,
node_c2,3,,
node_c3,,,
fitness,1.0,7,

TREE_ID,4,,
tree_type,f,,
tree_depth_base,1,,
NODE_ID,1,2,3
node_depth,0,1,1
node_type,root,term,term
node_label,/,c,a
node_parent,,1,1
node_arity,2,0,0
node_c1,2,,
node_c2,3,,
node_c3,,,
fitness,1.0,7,

TREE_ID,5,,
tree_type,g,,
tree_depth_base,3,,
NODE_ID,1,2,3
node_depth,0,1,1
node_type,root,term,term
node_label,*,b,c
node_parent,,1,1
node_arity,2,0,0
node_c1,2,,
node_c2,3,,
node_c3,,,
fitness,1.0,7,

TREE_ID,6,,
tree_type,g,,
tree_depth_base,1,,
NODE_ID,1,2,3
node_depth,0,1,1
node_type,root,term,term
node_label,*,a,b
node_parent,,1,1
node_arity,2,0,0
node_c1,2,,
node_c2,3,,
node_c3,,,
fitness,1.0,7,

TREE_ID,7,,
tree_type,g,,
tree_depth_base,1,,
NODE_ID,1,2,3
node_depth,0,1,1
node_type,root,term,term
node_label,/,c,a
node_parent,,1,1
node_arity,2,0,0
node_c1,2,,
node_c2,3,,
node_c3,,,
fitness,1.0,7,

TREE_ID,8,,
tree_type,g,,
tree_depth_base,3,,
NODE_ID,1,2,3
node_depth,0,1,1
node_type,root,term,term
node_label,*,b,c
node_parent,,1,1
node_arity,2,0,0
node_c1,2,,
node_c2,3,,
node_c3,,,
fitness,1.0,7,

TREE_ID,9,,,,,,
tree_type,f,,,,,,
tree_depth_base,2,,,,,,
NODE_ID,1,2,3,4,5,6,7
node_depth,0,1,1,2,2,2,2
node_type,root,func,func,term,term,term,term
node_label,*,+,+,b,a,c,c
node_parent,,1,1,2,2,3,3
node_arity,2,2,2,0,0,0,0
node_c1,2,4,6,,,,
node_c2,3,5,7,,,,
node_c3,,,,,,,
fitness,1.0,15,,,,,

TREE_ID,10,,,,
tree_type,g,,,,
tree_depth_base,2,,,,
NODE_ID,1,2,3,4,5
node_depth,0,1,1,2,2
node_type,root,func,term,term,term
node_label,+,*,b,b,b
node_parent,,1,1,2,2
node_arity,2,2,0,0,0
node_c1,2,4,,,
node_c2,3,5,,,
node_c3,,,,,
fitness,1.0,11,,,

TREE_ID,11,,
tree_type,f,,
tree_depth_base,1,,
NODE_ID,1,2,3
node_depth,0,1,1
node_type,root,term,term
node_label,/,c,c
node_parent,,1,1
node_arity,2,0,0
node_c1,2,,
node_c2,3,,
node_c3,,,
fitness,0.0,7,

TREE_ID,12,,,,,,,,,,,,,,
tree_type,f,,,,,,,,,,,,,,
tree_depth_base,3,,,,,,,,,,,,,,
NODE_ID,1,2,3,4,5,6,7,8,9,10,11,12,13,14,15
node_depth,0,1,1,2,2,2,2,3,3,3,3,3,3,3,3
node_type,root,func,func,func,func,func,func,term,term,term,term,term,term,term,term
node_label,+,+,*,*,+,/,-,a,b,b,b,b,a,b,a
node_parent,,1,1,2,2,3,3,4,4,5,5,6,6,7,7
node_arity,2,2,2,2,2,2,2,0,0,0,0,0,0,0,0
node_c1,2,4,6,8,10,12,14,,,,,,,,
node_c2,3,5,7,9,11,13,15,,,,,,,,
node_c3,,,,,,,,,,,,,,,
fitness,1.0,31,,,,,,,,,,,,,

TREE_ID,13,,,,,,
tree_type,f,,,,,,
tree_depth_base,2,,,,,,
NODE_ID,1,2,3,4,5,6,7
node_depth,0,1,1,2,2,2,2
node_type,root,func,func,term,term,term,term
node_label,/,/,-,a,c,a,a
node_parent,,1,1,2,2,3,3
node_arity,2,2,2,0,0,0,0
node_c1,2,4,6,,,,
node_c2,3,5,7,,,,
node_c3,,,,,,,
fitness,0.0,15,,,,,

TREE_ID,14,,
tree_type,f,,
tree_depth_base,1,,
NODE_ID,1,2,3
node_depth,0,1,1
node_type,root,term,term
node_label,*,a,c
node_parent,,1,1
node_arity,2,0,0
node_c1,2,,
node_c2,3,,
node_c3,,,
fitness,0.0,7,

TREE_ID,15,,,,,,,,,,,,,,
tree_type,f,,,,,,,,,,,,,,
tree_depth_base,3,,,,,,,,,,,,,,
NODE_ID,1,2,3,4,5,6,7,8,9,10,11,12,13,14,15
node_depth,0,1,1,2,2,2,2,3,3,3,3,3,3,3,3
node_type,root,func,func,func,func,func,func,term,term,term,term,term,term,term,term
node_label,*,/,/,-,-,/,/,a,b,c,b,a,a,a,a
node_parent,,1,1,2,2,3,3,4,4,5,5,6,6,7,7
node_arity,2,2,2,2,2,2,2,0,0,0,0,0,0,0,0
node_c1,2,4,6,8,10,12,14,,,,,,,,
node_c2,3,5,7,9,11,13,15,,,,,,,,
node_c3,,,,,,,,,,,,,,,
fitness,1.0,31,,,,,,,,,,,,,

TREE_ID,16,,,,,,,,
tree_type,g,,,,,,,,
tree_depth_base,1,,,,,,,,
NODE_ID,1,2,3,4,5,6,7,8,9
node_depth,0,1,1,2,2,3,3,3,3
node_type,root,term,func,func,func,term,term,term,term
node_label,+,c,+,-,*,b,a,a,a
node_parent,,1,1,3,3,4,4,5,5
node_arity,2,0,2,2,2,0,0,0,0
node_c1,2,,4,6,8,,,,
node_c2,3,,5,7,9,,,,
node_c3,,,,,,,,,
fitness,2.0,19,,,,,,,

TREE_ID,17,,
tree_type,f,,
tree_depth_base,1,,
NODE_ID,1,2,3
node_depth,0,1,1
node_type,root,term,term
node_label,-,c,c
node_parent,,1,1
node_arity,2,0,0
node_c1,2,,
node_c2,3,,
node_c3,,,
fitness,0.0,7,

TREE_ID,18,,
tree_type,f,,
tree_depth_base,1,,
NODE_ID,1,2,3
node_depth,0,1,1
node_type,root,term,term
node_label,/,c,b
node_parent,,1,1
node_arity,2,0,0
node_c1,2,,
node_c2,3,,
node_c3,,,
fitness,0.0,7,

TREE_ID,19,,,,,,
tree_type,f,,,,,,
tree_depth_base,2,,,,,,
NODE_ID,1,2,3,4,5,6,7
node_depth,0,1,1,2,2,2,2
node_type,root,func,func,term,term,term,term
node_label,*,+,+,b,a,c,a
node_parent,,1,1,2,2,3,3
node_arity,2,2,2,0,0,0,0
node_c1,2,4,6,,,,
node_c2,3,5,7,,,,
node_c3,,,,,,,
fitness,1.0,15,,,,,

TREE_ID,20,,,,,,,,,,,,,,
tree_type,f,,,,,,,,,,,,,,
tree_depth_base,3,,,,,,,,,,,,,,
NODE_ID,1,2,3,4,5,6,7,8,9,10,11,12,13,14,15
node_depth,0,1,1,2,2,2,2,3,3,3,3,3,3,3,3
node_type,root,func,func,func,func,func,func,term,term,term,term,term,term,term,term
node_label,*,-,/,*,+,-,+,a,a,b,c,b,c,a,c
node_parent,,1,1,2,2,3,3,4,4,5,5,6,6,7,7
node_arity,2,2,2,2,2,2,2,0,0,0,0,0,0,0,0
node_c1,2,4,6,8,10,12,14,,,,,,,,
node_c2,3,5,7,9,11,13,15,,,,,,,,
node_c3,,,,,,,,,,,,,,,
fitness,1.0,31,,,,,,,,,,,,,

TREE_ID,21,,,,,,
tree_type,f,,,,,,
tree_depth_base,2,,,,,,
NODE_ID,1,2,3,4,5,6,7
node_depth,0,1,1,2,2,2,2
node_type,root,func,func,term,term,term,term
node_label,/,/,-,c,c,a,a
node_parent,,1,1,2,2,3,3
node_arity,2,2,2,0,0,0,0
node_c1,2,4,6,,,,
node_c2,3,5,7,,,,
node_c3,,,,,,,
fitness,1.0,15,,,,,

TREE_ID,22,,,,,,,,,,,,,,
tree_type,f,,,,,,,,,,,,,,
tree_depth_base,3,,,,,,,,,,,,,,
NODE_ID,1,2,3,4,5,6,7,8,9,10,11,12,13,14,15
node_depth,0,1,1,2,2,2,2,3,3,3,3,3,3,3,3
node_type,root,func,func,func,func,func,func,term,term,term,term,term,term,term,term
node_label,*,/,/,-,-,+,/,a,b,b,b,b,c,a,a
node_parent,,1,1,2,2,3,3,4,4,5,5,6,6,7,7
node_arity,2,2,2,2,2,2,2,0,0,0,0,0,0,0,0
node_c1,2,4,6,8,10,12,14,,,,,,,,
node_c2,3,5,7,9,11,13,15,,,,,,,,
node_c3,,,,,,,,,,,,,,,
fitness,1.0,31,,,,,,,,,,,,,

TREE_ID,23,,
tree_type,g,,
tree_depth_base,1,,
NODE_ID,1,2,3
node_depth,0,1,1
node_type,root,term,term
node_label,*,a,a
node_parent,,1,1
node_arity,2,0,0
node_c1,2,,
node_c2,3,,
node_c3,,,
fitness,0.0,7,

TREE_ID,24,,
tree_type,f,,
tree_depth_base,1,,
NODE_ID,1,2,3
node_depth,0,1,1
node_type,root,term,term
node_label,*,c,b
node_parent,,1,1
node_arity,2,0,0
node_c1,2,,
node_c2,3,,
node_c3,,,
fitness,1.0,7,

TREE_ID,25,,
tree_type,f,,
tree_depth_base,1,,
NODE_ID,1,2,3
node_depth,0,1,1
node_type,root,term,term
node_label,/,b,a
node_parent,,1,1
node_arity,2,0,0
node_c1,2,,
node_c2,3,,
node_c3,,,
fitness,1.0,7,

TREE_ID,26,,
tree_type,g,,
tree_depth_base,2,,
NODE_ID,1,2,3
node_depth,0,1,1
node_type,root,term,term
node_label,*,b,c
node_parent,,1,1
node_arity,2,0,0
node_c1,2,,
node_c2,3,,
node_c3,,,
fitness,1.0,7,

TREE_ID,27,,
tree_type,f,,
tree_depth_base,1,,
NODE_ID,1,2,3
node_depth,0,1,1
node_type,root,term,term
node_label,*,c,c
node_parent,,1,1
node_arity,2,0,0
node_c1,2,,
node_c2,3,,
node_c3,,,
fitness,0.0,7,

TREE_ID,28,,
tree_type,g,,
tree_depth_base,1,,
NODE_ID,1,2,3
node_depth,0,1,1
node_type,root,term,term
node_label,*,a,a
node_parent,,1,1
node_arity,2,0,0
node_c1,2,,
node_c2,3,,
node_c3,,,
fitness,0.0,7,

TREE_ID,29,,
tree_type,f,,
tree_depth_base,1,,
NODE_ID,1,2,3
node_depth,0,1,1
node_type,root,term,term
node_label,*,b,b
node_parent,,1,1
node_arity,2,0,0
node_c1,2,,
node_c2,3,,
node_c3,,,
fitness,1.0,7,

TREE_ID,30,,
tree_type,f,,
tree_depth_base,1,,
NODE_ID,1,2,3
node_depth,0,1,1
node_type,root,term,term
node_label,*,b,b
node_parent,,1,1
node_arity,2,0,0
node_c1,2,,
node_c2,3,,
node_c3,,,
fitness,1.0,7,

TREE_ID,31,,
tree_type,g,,
tree_depth_base,3,,
NODE_ID,1,2,3
node_depth,0,1,1
node_type,root,term,term
node_label,*,b,b
node_parent,,1,1
node_arity,2,0,0
node_c1,2,,
node_c2,3,,
node_c3,,,
fitness,1.0,7,

TREE_ID,32,,
tree_type,f,,
tree_depth_base,1,,
NODE_ID,1,2,3
node_depth,0,1,1
node_type,root,term,term
node_label,*,a,c
node_parent,,1,1
node_arity,2,0,0
node_c1,2,,
node_c2,3,,
node_c3,,,
fitness,0.0,7,

TREE_ID,33,,
tree_type,f,,
tree_depth_base,1,,
NODE_ID,1,2,3
node_depth,0,1,1
node_type,root,term,term
node_label,/,b,a
node_parent,,1,1
node_arity,2,0,0
node_c1,2,,
node_c2,3,,
node_c3,,,
fitness,1.0,7,

TREE_ID,34,,
tree_type,f,,
tree_depth_base,1,,
NODE_ID,1,2,3
node_depth,0,1,1
node_type,root,term,term
node_label,*,a,b
node_parent,,1,1
node_arity,2,0,0
node_c1,2,,
node_c2,3,,
node_c3,,,
fitness,1.0,7,

TREE_ID,35,,,,
tree_type,f,,,,
tree_depth_base,2,,,,
NODE_ID,1,2,3,4,5
node_depth,0,1,1,2,2
node_type,root,func,term,term,term
node_label,+,/,b,a,b
node_parent,,1,1,2,2
node_arity,2,2,0,0,0
node_c1,2,4,,,
node_c2,3,5,,,
node_c3,,,,,
fitness,0.0,11,,,

TREE_ID,36,,,,,,,,,,,,,,
tree_type,f,,,,,,,,,,,,,,
tree_depth_base,3,,,,,,,,,,,,,,
NODE_ID,1,2,3,4,5,6,7,8,9,10,11,12,13,14,15
node_depth,0,1,1,2,2,2,2,3,3,3,3,3,3,3,3
node_type,root,func,func,func,func,func,func,term,term,term,term,term,term,term,term
node_label,+,+,*,*,+,/,-,a,b,a,b,b,a,b,a
node_parent,,1,1,2,2,3,3,4,4,5,5,6,6,7,7
node_arity,2,2,2,2,2,2,2,0,0,0,0,0,0,0,0
node_c1,2,4,6,8,10,12,14,,,,,,,,
node_c2,3,5,7,9,11,13,15,,,,,,,,
node_c3,,,,,,,,,,,,,,,
fitness,1.0,31,,,,,,,,,,,,,

TREE_ID,37,,,,
tree_type,f,,,,
tree_depth_base,1,,,,
NODE_ID,1,2,3,4,5
node_depth,0,1,1,2,2
node_type,root,func,term,term,term
node_label,*,*,b,c,a
node_parent,,1,1,2,2
node_arity,2,2,0,0,0
node_c1,2,4,,,
node_c2,3,5,,,
node_c3,,,,,
fitness,1.0,11,,,

TREE_ID,38,,,,,,,,,,
tree_type,g,,,,,,,,,,
tree_depth_base,3,,,,,,,,,,
NODE_ID,1,2,3,4,5,6,7,8,9,10,11
node_depth,0,1,1,2,2,2,2,3,3,3,3
node_type,root,func,func,term,func,term,func,term,term,term,term
node_label,/,*,+,a,+,b,+,b,c,a,b
node_parent,,1,1,2,2,3,3,5,5,7,7
node_arity,2,2,2,0,2,0,2,0,0,0,0
node_c1,2,4,6,,8,,10,,,,
node_c2,3,5,7,,9,,11,,,,
node_c3,,,,,,,,,,,
fitness,1.0,23,,,,,,,,,

TREE_ID,39,,,,
tree_type,f,,,,
tree_depth_base,2,,,,
NODE_ID,1,2,3,4,5
node_depth,0,1,1,2,2
node_type,root,func,term,term,term
node_label,*,+,b,b,a
node_parent,,1,1,2,2
node_arity,2,2,0,0,0
node_c1,2,4,,,
node_c2,3,5,,,
node_c3,,,,,
fitness,1.0,11,,,

TREE_ID,40,,,,,,,,
tree_type,f,,,,,,,,
tree_depth_base,2,,,,,,,,
NODE_ID,1,2,3,4,5,6,7,8,9
node_depth,0,1,1,2,2,2,2,3,3
node_type,root,func,func,func,term,term,term,term,term
node_label,*,+,+,+,a,c,c,c,c
node_parent,,1,1,2,2,3,3,4,4
node_arity,2,2,2,2,0,0,0,0,0
node_c1,2,4,6,8,,,,,
node_c2,3,5,7,9,,,,,
node_c3,,,,,,,,,
fitness,0.0,19,,,,,,,

TREE_ID,41,,
tree_type,g,,
tree_depth_base,2,,
NODE_ID,1,2,3
node_depth,0,1,1
node_type,root,term,term
node_label,+,b,b
node_parent,,1,1
node_arity,2,0,0
node_c1,2,,
node_c2,3,,
node_c3,,,
fitness,0.0,7,

TREE_ID,42,,
tree_type,g,,
tree_depth_base,2,,
NODE_ID,1,2,3
node_depth,0,1,1
node_type,root,term,term
node_label,+,a,c
node_parent,,1,1
node_arity,2,0,0
node_c1,2,,
node_c2,3,,
node_c3,,,
fitness,0.0,7,

TREE_ID,43,,,,,,
tree_type,g,,,,,,
tree_depth_base,3,,,,,,
NODE_ID,1,2,3,4,5,6,7
node_depth,0,1,1,2,2,3,3
node_type,root,func,term,term,func,term,term
node_label,*,/,a,a,/,c,b
node_parent,,1,1,2,2,5,5
node_arity,2,2,0,0,2,0,0
node_c1,2,4,,,6,,
node_c2,3,5,,,7,,
node_c3,,,,,,,
fitness,0.0,15,,,,,

TREE_ID,44,,,,,,,,,,,,
tree_type,f,,,,,,,,,,,,
tree_depth_base,3,,,,,,,,,,,,
NODE_ID,1,2,3,4,5,6,7,8,9,10,11,12,13
node_depth,0,1,1,2,2,2,2,3,3,3,3,3,3
node_type,root,func,func,term,func,func,func,term,term,term,term,term,term
node_label,*,/,/,b,-,+,/,c,b,b,c,a,a
node_parent,,1,1,2,2,3,3,5,5,6,6,7,7
node_arity,2,2,2,0,2,2,2,0,0,0,0,0,0
node_c1,2,4,6,,8,10,12,,,,,,
node_c2,3,5,7,,9,11,13,,,,,,
node_c3,,,,,,,,,,,,,
fitness,1.0,27,,,,,,,,,,,

TREE_ID,45,,
tree_type,f,,
tree_depth_base,1,,
NODE_ID,1,2,3
node_depth,0,1,1
node_type,root,term,term
node_label,/,b,a
node_parent,,1,1
node_arity,2,0,0
node_c1,2,,
node_c2,3,,
node_c3,,,
fitness,1.0,7,

TREE_ID,46,,,,,,
tree_type,f,,,,,,
tree_depth_base,2,,,,,,
NODE_ID,1,2,3,4,5,6,7
node_depth,0,1,1,2,2,2,2
node_type,root,func,func,term,term,term,term
node_label,-,/,-,c,c,b,a
node_parent,,1,1,2,2,3,3
node_arity,2,2,2,0,0,0,0
node_c1,2,4,6,,,,
node_c2,3,5,7,,,,
node_c3,,,,,,,
fitness,0.0,15,,,,,

TREE_ID,47,,,,
tree_type,f,,,,
tree_depth_base,2,,,,
NODE_ID,1,2,3,4,5
node_depth,0,1,1,2,2
node_type,root,func,term,term,term
node_label,*,+,a,b,a
node_parent,,1,1,2,2
node_arity,2,2,0,0,0
node_c1,2,4,,,
node_c2,3,5,,,
node_c3,,,,,
fitness,0.0,11,,,

TREE_ID,48,,,,,,,,,,
tree_type,g,,,,,,,,,,
tree_depth_base,3,,,,,,,,,,
NODE_ID,1,2,3,4,5,6,7,8,9,10,11
node_depth,0,1,1,2,2,2,2,3,3,3,3
node_type,root,func,func,term,func,term,func,term,term,term,term
node_label,-,/,*,c,/,c,+,c,c,c,c
node_parent,,1,1,2,2,3,3,5,5,7,7
node_arity,2,2,2,0,2,0,2,0,0,0,0
node_c1,2,4,6,,8,,10,,,,
node_c2,3,5,7,,9,,11,,,,
node_c3,,,,,,,,,,,
fitness,0.0,23,,,,,,,,,

TREE_ID,49,,,,,,,,,,,,
tree_type,g,,,,,,,,,,,,
tree_depth_base,3,,,,,,,,,,,,
NODE_ID,1,2,3,4,5,6,7,8,9,10,11,12,13
node_depth,0,1,1,2,2,2,2,3,3,3,3,3,3
node_type,root,func,func,func,func,term,func,term,term,term,term,term,term
node_label,/,*,+,*,+,b,+,c,b,b,c,a,b
node_parent,,1,1,2,2,3,3,4,4,5,5,7,7
node_arity,2,2,2,2,2,0,2,0,0,0,0,0,0
node_c1,2,4,6,8,10,,12,,,,,,
node_c2,3,5,7,9,11,,13,,,,,,
node_c3,,,,,,,,,,,,,
fitness,0.0,27,,,,,,,,,,,

TREE_ID,50,,,,,,,,,,
tree_type,g,,,,,,,,,,
tree_depth_base,3,,,,,,,,,,
NODE_ID,1,2,3,4,5,6,7,8,9,10,11
node_depth,0,1,1,2,2,2,2,3,3,3,3
node_type,root,func,func,term,term,func,func,term,term,term,term
node_label,+,/,/,a,c,*,+,a,c,a,b
node_parent,,1,1,2,2,3,3,6,6,7,7
node_arity,2,2,2,0,0,2,2,0,0,0,0
node_c1,2,4,6,,,8,10,,,,
node_c2,3,5,7,,,9,11,,,,
node_c3,,,,,,,,,,,
fitness,1.0,23,,,,,,,,,

TREE_ID,51,,,,,,,,
tree_type,f,,,,,,,,
tree_depth_base,1,,,,,,,,
NODE_ID,1,2,3,4,5,6,7,8,9
node_depth,0,1,1,2,2,3,3,3,3
node_type,root,func,term,func,func,term,term,term,term
node_label,*,/,c,-,+,b,c,a,c
node_parent,,1,1,2,2,4,4,5,5
node_arity,2,2,0,2,2,0,0,0,0
node_c1,2,4,,6,8,,,,
node_c2,3,5,,7,9,,,,
node_c3,,,,,,,,,
fitness,1.0,19,,,,,,,

TREE_ID,52,,,,,,,,
tree_type,f,,,,,,,,
tree_depth_base,3,,,,,,,,
NODE_ID,1,2,3,4,5,6,7,8,9
node_depth,0,1,1,2,2,3,3,3,3
node_type,root,func,term,func,func,term,term,term,term
node_label,*,-,b,*,-,a,a,c,c
node_parent,,1,1,2,2,4,4,5,5
node_arity,2,2,0,2,2,0,0,0,0
node_c1,2,4,,6,8,,,,
node_c2,3,5,,7,9,,,,
node_c3,,,,,,,,,
fitness,0.0,19,,,,,,,

TREE_ID,53,,,,,,,,,,
tree_type,g,,,,,,,,,,
tree_depth_base,3,,,,,,,,,,
NODE_ID,1,2,3,4,5,6,7,8,9,10,11
node_depth,0,1,1,2,2,2,2,3,3,3,3
node_type,root,func,func,term,func,term,func,term,term,term,term
node_label,-,/,*,c,/,c,+,c,a,c,a
node_parent,,1,1,2,2,3,3,5,5,7,7
node_arity,2,2,2,0,2,0,2,0,0,0,0
node_c1,2,4,6,,8,,10,,,,
node_c2,3,5,7,,9,,11,,,,
node_c3,,,,,,,,,,,
fitness,1.0,23,,,,,,,,,

TREE_ID,54,,,,
tree_type,f,,,,
tree_depth_base,2,,,,
NODE_ID,1,2,3,4,5
node_depth,0,1,1,2,2
node_type,root,term,func,term,term
node_label,-,c,/,c,b
node_parent,,1,1,3,3
node_arity,2,0,2,0,0
node_c1,2,,4,,
node_c2,3,,5,,
node_c3,,,,,
fitness,0.0,11,,,

TREE_ID,55,,,,,,,,
tree_type,g,,,,,,,,
tree_depth_base,3,,,,,,,,
NODE_ID,1,2,3,4,5,6,7,8,9
node_depth,0,1,1,2,2,2,2,3,3
node_type,root,func,func,term,func,term,term,term,term
node_label,-,/,*,c,/,c,b,c,a
node_parent,,1,1,2,2,3,3,5,5
node_arity,2,2,2,0,2,0,0,0,0
node_c1,2,4,6,,8,,,,
node_c2,3,5,7,,9,,,,
node_c3,,,,,,,,,
fitness,1.0,19,,,,,,,

TREE_ID,56,,,,
tree_type,f,,,,
tree_depth_base,1,,,,
NODE_ID,1,2,3,4,5
node_depth,0,1,1,2,2
node_type,root,term,func,term,term
node_label,*,a,+,c,c
node_parent,,1,1,3,3
node_arity,2,0,2,0,0
node_c1,2,,4,,
node_c2,3,,5,,
node_c3,,,,,
fitness,1.0,11,,,

TREE_ID,57,,,,,,,,,,
tree_type,g,,,,,,,,,,
tree_depth_base,3,,,,,,,,,,
NODE_ID,1,2,3,4,5,6,7,8,9,10,11
node_depth,0,1,1,2,2,2,2,3,3,3,3
node_type,root,func,func,term,func,term,func,term,term,term,term
node_label,-,/,*,c,+,c,+,c,c,c,c
node_parent,,1,1,2,2,3,3,5,5,7,7
node_arity,2,2,2,0,2,0,2,0,0,0,0
node_c1,2,4,6,,8,,10,,,,
node_c2,3,5,7,,9,,11,,,,
node_c3,,,,,,,,,,,
fitness,0.0,23,,,,,,,,,

TREE_ID,58,,,,,,
tree_type,f,,,,,,
tree_depth_base,2,,,,,,
NODE_ID,1,2,3,4,5,6,7
node_depth,0,1,1,2,2,2,2
node_type,root,func,func,term,term,term,term
node_label,*,+,/,b,a,c,a
node_parent,,1,1,2,2,3,3
node_arity,2,2,2,0,0,0,0
node_c1,2,4,6,,,,
node_c2,3,5,7,,,,
node_c3,,,,,,,
fitness,1.0,15,,,,,

TREE_ID,59,,
tree_type,g,,
tree_depth_base,2,,
NODE_ID,1,2,3
node_depth,0,1,1
node_type,root,term,term
node_label,*,c,c
node_parent,,1,1
node_arity,2,0,0
node_c1,2,,
node_c2,3,,
node_c3,,,
fitness,0.0,7,

TREE_ID,60,,
tree_type,g,,
tree_depth_base,3,,
NODE_ID,1,2,3
node_depth,0,1,1
node_type,root,term,term
node_label,*,b,b
node_parent,,1,1
node_arity,2,0,0
node_c1,2,,
node_c2,3,,
node_c3,,,
fitness,1.0,7,

TREE_ID,61,,,,,,,,
tree_type,g,,,,,,,,
tree_depth_base,2,,,,,,,,
NODE_ID,1,2,3,4,5,6,7,8,9
node_depth,0,1,1,2,2,3,3,3,3
node_type,root,func,term,func,func,term,term,term,term
node_label,*,/,c,*,+,b,c,a,b
node_parent,,1,1,2,2,4,4,5,5
node_arity,2,2,0,2,2,0,0,0,0
node_c1,2,4,,6,8,,,,
node_c2,3,5,,7,9,,,,
node_c3,,,,,,,,,
fitness,1.0,19,,,,,,,

TREE_ID,62,,,,
tree_type,g,,,,
tree_depth_base,3,,,,
NODE_ID,1,2,3,4,5
node_depth,0,1,1,2,2
node_type,root,func,term,term,term
node_label,+,/,b,a,c
node_parent,,1,1,2,2
node_arity,2,2,0,0,0
node_c1,2,4,,,
node_c2,3,5,,,
node_c3,,,,,
fitness,0.0,11,,,

TREE_ID,63,,,,,,
tree_type,g,,,,,,
tree_depth_base,3,,,,,,
NODE_ID,1,2,3,4,5,6,7
node_depth,0,1,1,2,2,2,2
node_type,root,func,func,term,term,term,term
node_label,+,/,*,a,c,b,c
node_parent,,1,1,2,2,3,3
node_arity,2,2,2,0,0,0,0
node_c1,2,4,6,,,,
node_c2,3,5,7,,,,
node_c3,,,,,,,
fitness,0.0,15,,,,,

TREE_ID,64,,,,,,,,,,
tree_type,g,,,,,,,,,,
tree_depth_base,3,,,,,,,,,,
NODE_ID,1,2,3,4,5,6,7,8,9,10,11
node_depth,0,1,1,2,2,2,2,3,3,3,3
node_type,root,func,func,term,term,func,func,term,term,term,term
node_label,+,/,/,a,c,/,+,b,b,a,b
node_parent,,1,1,2,2,3,3,6,6,7,7
node_arity,2,2,2,0,0,2,2,0,0,0,0
node_c1,2,4,6,,,8,10,,,,
node_c2,3,5,7,,,9,11,,,,
node_c3,,,,,,,,,,,
fitness,1.0,23,,,,,,,,,

TREE_ID,65,,,,,,,,,,
tree_type,g,,,,,,,,,,
tree_depth_base,3,,,,,,,,,,
NODE_ID,1,2,3,4,5,6,7,8,9,10,11
node_depth,0,1,1,2,2,2,2,3,3,3,3
node_type,root,func,func,term,term,func,func,term,term,term,term
node_label,-,*,/,b,c,-,+,c,b,c,a
node_parent,,1,1,2,2,3,3,6,6,7,7
node_arity,2,2,2,0,0,2,2,0,0,0,0
node_c1,2,4,6,,,8,10,,,,
node_c2,3,5,7,,,9,11,,,,
node_c3,,,,,,,,,,,
fitness,0.0,23,,,,,,,,,

TREE_ID,66,,,,,,,,,,,,
tree_type,g,,,,,,,,,,,,
tree_depth_base,3,,,,,,,,,,,,
NODE_ID,1,2,3,4,5,6,7,8,9,10,11,12,13
node_depth,0,1,1,2,2,2,2,3,3,3,3,3,3
node_type,root,func,func,term,func,func,func,term,term,term,term,term,term
node_label,+,/,/,a,+,*,+,c,c,b,c,a,b
node_parent,,1,1,2,2,3,3,5,5,6,6,7,7
node_arity,2,2,2,0,2,2,2,0,0,0,0,0,0
node_c1,2,4,6,,8,10,12,,,,,,
node_c2,3,5,7,,9,11,13,,,,,,
node_c3,,,,,,,,,,,,,
fitness,1.0,27,,,,,,,,,,,

TREE_ID,67,,
tree_type,g,,
tree_depth_base,1,,
NODE_ID,1,2,3
node_depth,0,1,1
node_type,root,term,term
node_label,/,a,a
node_parent,,1,1
node_arity,2,0,0
node_c1,2,,
node_c2,3,,
node_c3,,,
fitness,0.0,7,

TREE_ID,68,,
tree_type,g,,
tree_depth_base,2,,
NODE_ID,1,2,3
node_depth,0,1,1
node_type,root,term,term
node_label,/,c,c
node_parent,,1,1
node_arity,2,0,0
node_c1,2,,
node_c2,3,,
node_c3,,,
fitness,0.0,7,

TREE_ID,69,,
tree_type,g,,
tree_depth_base,1,,
NODE_ID,1,2,3
node_depth,0,1,1
node_type,root,term,term
node_label,/,b,a
node_parent,,1,1
node_arity,2,0,0
node_c1,2,,
node_c2,3,,
node_c3,,,
fitness,1.0,7,

TREE_ID,70,,
tree_type,f,,
tree_depth_base,1,,
NODE_ID,1,2,3
node_depth,0,1,1
node_type,root,term,term
node_label,*,a,c
node_parent,,1,1
node_arity,2,0,0
node_c1,2,,
node_c2,3,,
node_c3,,,
fitness,0.0,7,

TREE_ID,71,,
tree_type,g,,
tree_depth_base,2,,
NODE_ID,1,2,3
node_depth,0,1,1
node_type,root,term,term
node_label,*,b,c
node_parent,,1,1
node_arity,2,0,0
node_c1,2,,
node_c2,3,,
node_c3,,,
fitness,1.0,7,

TREE_ID,72,,
tree_type,f,,
tree_depth_base,1,,
NODE_ID,1,2,3
node_depth,0,1,1
node_type,root,term,term
node_label,*,b,c
node_parent,,1,1
node_arity,2,0,0
node_c1,2,,
node_c2,3,,
node_c3,,,
fitness,1.0,7,

TREE_ID,73,,,,,,,,
tree_type,g,,,,,,,,
tree_depth_base,3,,,,,,,,
NODE_ID,1,2,3,4,5,6,7,8,9
node_depth,0,1,1,2,2,2,2,3,3
node_type,root,func,func,term,func,term,term,term,term
node_label,-,/,*,c,/,c,c,c,a
node_parent,,1,1,2,2,3,3,5,5
node_arity,2,2,2,0,2,0,0,0,0
node_c1,2,4,6,,8,,,,
node_c2,3,5,7,,9,,,,
node_c3,,,,,,,,,
fitness,1.0,19,,,,,,,

TREE_ID,74,,,,
tree_type,g,,,,
tree_depth_base,1,,,,
NODE_ID,1,2,3,4,5
node_depth,0,1,1,2,2
node_type,root,func,term,term,term
node_label,+,+,c,c,c
node_parent,,1,1,2,2
node_arity,2,2,0,0,0
node_c1,2,4,,,
node_c2,3,5,,,
node_c3,,,,,
fitness,0.0,11,,,

TREE_ID,75,,,,
tree_type,g,,,,
tree_depth_base,2,,,,
NODE_ID,1,2,3,4,5
node_depth,0,1,1,2,2
node_type,root,func,term,term,term
node_label,+,+,c,b,c
node_parent,,1,1,2,2
node_arity,2,2,0,0,0
node_c1,2,4,,,
node_c2,3,5,,,
node_c3,,,,,
fitness,0.0,11,,,

TREE_ID,76,,,,,,,,,,
tree_type,g,,,,,,,,,,
tree_depth_base,3,,,,,,,,,,
NODE_ID,1,2,3,4,5,6,7,8,9,10,11
node_depth,0,1,1,2,2,2,2,3,3,3,3
node_type,root,func,func,func,term,term,func,term,term,term,term
node_label,/,*,+,*,b,b,+,c,a,a,b
node_parent,,1,1,2,2,3,3,4,4,7,7
node_arity,2,2,2,2,0,0,2,0,0,0,0
node_c1,2,4,6,8,,,10,,,,
node_c2,3,5,7,9,,,11,,,,
node_c3,,,,,,,,,,,
fitness,1.0,23,,,,,,,,,

TREE_ID,77,,
tree_type,f,,
tree_depth_base,1,,
NODE_ID,1,2,3
node_depth,0,1,1
node_type,root,term,term
node_label,*,a,b
node_parent,,1,1
node_arity,2,0,0
node_c1,2,,
node_c2,3,,
node_c3,,,
fitness,1.0,7,

TREE_ID,78,,,,,,,,,,,,
tree_type,g,,,,,,,,,,,,
tree_depth_base,3,,,,,,,,,,,,
NODE_ID,1,2,3,4,5,6,7,8,9,10,11,12,13
node_depth,0,1,1,2,2,2,2,3,3,3,3,3,3
node_type,root,func,func,func,func,term,func,term,term,term,term,term,term
node_label,/,*,+,*,+,b,+,c,a,b,c,a,b
node_parent,,1,1,2,2,3,3,4,4,5,5,7,7
node_arity,2,2,2,2,2,0,2,0,0,0,0,0,0
node_c1,2,4,6,8,10,,12,,,,,,
node_c2,3,5,7,9,11,,13,,,,,,
node_c3,,,,,,,,,,,,,
fitness,1.0,27,,,,,,,,,,,

TREE_ID,79,,
tree_type,f,,
tree_depth_base,1,,
NODE_ID,1,2,3
node_depth,0,1,1
node_type,root,term,term
node_label,/,b,a
node_parent,,1,1
node_arity,2,0,0
node_c1,2,,
node_c2,3,,
node_c3,,,
fitness,1.0,7,

TREE_ID,80,,
tree_type,f,,
tree_depth_base,1,,
NODE_ID,1,2,3
node_depth,0,1,1
node_type,root,term,term
node_label,*,c,b
node_parent,,1,1
node_arity,2,0,0
node_c1,2,,
node_c2,3,,
node_c3,,,
fitness,1.0,7,

TREE_ID,81,,,,,,,,,,
tree_type,g,,,,,,,,,,
tree_depth_base,3,,,,,,,,,,
NODE_ID,1,2,3,4,5,6,7,8,9,10,11
node_depth,0,1,1,2,2,2,2,3,3,3,3
node_type,root,func,func,term,func,term,func,term,term,term,term
node_label,-,/,*,c,/,c,+,c,c,c,c
node_parent,,1,1,2,2,3,3,5,5,7,7
node_arity,2,2,2,0,2,0,2,0,0,0,0
node_c1,2,4,6,,8,,10,,,,
node_c2,3,5,7,,9,,11,,,,
node_c3,,,,,,,,,,,
fitness,0.0,23,,,,,,,,,

TREE_ID,82,,
tree_type,f,,
tree_depth_base,1,,
NODE_ID,1,2,3
node_depth,0,1,1
node_type,root,term,term
node_label,*,b,a
node_parent,,1,1
node_arity,2,0,0
node_c1,2,,
node_c2,3,,
node_c3,,,
fitness,1.0,7,

TREE_ID,83,,
tree_type,g,,
tree_depth_base,3,,
NODE_ID,1,2,3
node_depth,0,1,1
node_type,root,term,term
node_label,*,c,b
node_parent,,1,1
node_arity,2,0,0
node_c1,2,,
node_c2,3,,
node_c3,,,
fitness,1.0,7,

TREE_ID,84,,
tree_type,g,,
tree_depth_base,3,,
NODE_ID,1,2,3
node_depth,0,1,1
node_type,root,term,term
node_label,*,c,b
node_parent,,1,1
node_arity,2,0,0
node_c1,2,,
node_c2,3,,
node_c3,,,
fitness,1.0,7,

TREE_ID,85,,
tree_type,g,,
tree_depth_base,3,,
NODE_ID,1,2,3
node_depth,0,1,1
node_type,root,term,term
node_label,*,b,c
node_parent,,1,1
node_arity,2,0,0
node_c1,2,,
node_c2,3,,
node_c3,,,
fitness,1.0,7,

TREE_ID,86,,
tree_type,g,,
tree_depth_base,2,,
NODE_ID,1,2,3
node_depth,0,1,1
node_type,root,term,term
node_label,/,a,c
node_parent,,1,1
node_arity,2,0,0
node_c1,2,,
node_c2,3,,
node_c3,,,
fitness,0.0,7,

TREE_ID,87,,,,,,
tree_type,g,,,,,,
tree_depth_base,3,,,,,,
NODE_ID,1,2,3,4,5,6,7
node_depth,0,1,1,2,2,3,3
node_type,root,func,term,term,func,term,term
node_label,-,-,a,b,-,a,a
node_parent,,1,1,2,2,5,5
node_arity,2,2,0,0,2,0,0
node_c1,2,4,,,6,,
node_c2,3,5,,,7,,
node_c3,,,,,,,
fitness,0.0,15,,,,,

TREE_ID,88,,
tree_type,g,,
tree_depth_base,1,,
NODE_ID,1,2,3
node_depth,0,1,1
node_type,root,term,term
node_label,*,a,b
node_parent,,1,1
node_arity,2,0,0
node_c1,2,,
node_c2,3,,
node_c3,,,
fitness,1.0,7,

TREE_ID,89,,
tree_type,g,,
tree_depth_base,3,,
NODE_ID,1,2,3
node_depth,0,1,1
node_type,root,term,term
node_label,*,c,c
node_parent,,1,1
node_arity,2,0,0
node_c1,2,,
node_c2,3,,
node_c3,,,
fitness,0.0,7,

TREE_ID,90,,
tree_type,g,,
tree_depth_base,2,,
NODE_ID,1,2,3
node_depth,0,1,1
node_type,root,term,term
node_label,+,b,b
node_parent,,1,1
node_arity,2,0,0
node_c1,2,,
node_c2,3,,
node_c3,,,
fitness,0.0,7,

TREE_ID,91,,,,,,,,,,
tree_type,f,,,,,,,,,,
tree_depth_base,3,,,,,,,,,,
NODE_ID,1,2,3,4,5,6,7,8,9,10,11
node_depth,0,1,1,2,2,2,2,3,3,3,3
node_type,root,func,func,func,func,term,term,term,term,term,term
node_label,+,+,+,*,+,a,b,a,b,b,b
node_parent,,1,1,2,2,3,3,4,4,5,5
node_arity,2,2,2,2,2,0,0,0,0,0,0
node_c1,2,4,6,8,10,,,,,,
node_c2,3,5,7,9,11,,,,,,
node_c3,,,,,,,,,,,
fitness,1.0,23,,,,,,,,,

TREE_ID,92,,,,,,,,,,
tree_type,g,,,,,,,,,,
tree_depth_base,3,,,,,,,,,,
NODE_ID,1,2,3,4,5,6,7,8,9,10,11
node_depth,0,1,1,2,2,2,2,3,3,3,3
node_type,root,func,func,term,term,func,func,term,term,term,term
node_label,+,/,/,a,c,*,*,b,c,a,b
node_parent,,1,1,2,2,3,3,6,6,7,7
node_arity,2,2,2,0,0,2,2,0,0,0,0
node_c1,2,4,6,,,8,10,,,,
node_c2,3,5,7,,,9,11,,,,
node_c3,,,,,,,,,,,
fitness,1.0,23,,,,,,,,,

TREE_ID,93,,
tree_type,g,,
tree_depth_base,2,,
NODE_ID,1,2,3
node_depth,0,1,1
node_type,root,term,term
node_label,+,b,c
node_parent,,1,1
node_arity,2,0,0
node_c1,2,,
node_c2,3,,
node_c3,,,
fitness,1.0,7,

TREE_ID,94,,
tree_type,g,,
tree_depth_base,1,,
NODE_ID,1,2,3
node_depth,0,1,1
node_type,root,term,term
node_label,*,a,b
node_parent,,1,1
node_arity,2,0,0
node_c1,2,,
node_c2,3,,
node_c3,,,
fitness,1.0,7,

TREE_ID,95,,
tree_type,g,,
tree_depth_base,2,,
NODE_ID,1,2,3
node_depth,0,1,1
node_type,root,term,term
node_label,+,c,c
node_parent,,1,1
node_arity,2,0,0
node_c1,2,,
node_c2,3,,
node_c3,,,
fitness,1.0,7,

TREE_ID,96,,
tree_type,g,,
tree_depth_base,3,,
NODE_ID,1,2,3
node_depth,0,1,1
node_type,root,term,term
node_label,*,b,b
node_parent,,1,1
node_arity,2,0,0
node_c1,2,,
node_c2,3,,
node_c3,,,
fitness,1.0,7,

TREE_ID,97,,
tree_type,f,,
tree_depth_base,1,,
NODE_ID,1,2,3
node_depth,0,1,1
node_type,root,term,term
node_label,*,b,b
node_parent,,1,1
node_arity,2,0,0
node_c1,2,,
node_c2,3,,
node_c3,,,
fitness,1.0,7,

TREE_ID,98,,,,,,
tree_type,f,,,,,,
tree_depth_base,2,,,,,,
NODE_ID,1,2,3,4,5,6,7
node_depth,0,1,1,2,2,2,2
node_type,root,func,func,term,term,term,term
node_label,*,+,+,a,a,c,c
node_parent,,1,1,2,2,3,3
node_arity,2,2,2,0,0,0,0
node_c1,2,4,6,,,,
node_c2,3,5,7,,,,
node_c3,,,,,,,
fitness,0.0,15,,,,,

TREE_ID,99,,,,,,,,,,
tree_type,g,,,,,,,,,,
tree_depth_base,3,,,,,,,,,,
NODE_ID,1,2,3,4,5,6,7,8,9,10,11
node_depth,0,1,1,2,2,2,2,3,3,3,3
node_type,root,func,func,term,func,term,func,term,term,term,term
node_label,-,/,*,c,/,c,+,c,a,c,c
node_parent,,1,1,2,2,3,3,5,5,7,7
node_arity,2,2,2,0,2,0,2,0,0,0,0
node_c1,2,4,6,,8,,10,,,,
node_c2,3,5,7,,9,,11,,,,
node_c3,,,,,,,,,,,
fitness,1.0,23,,,,,,,,,

TREE_ID,100,,
tree_type,g,,
tree_depth_base,2,,
NODE_ID,1,2,3
node_depth,0,1,1
node_type,root,term,term
node_label,+,b,c
node_parent,,1,1
node_arity,2,0,0
node_c1,2,,
node_c2,3,,
node_c3,,,
fitness,1.0,7,

Karoo GP by Kai Staats,Generation:,3

TREE_ID,1,,,,
tree_type,f,,,,
tree_depth_base,2,,,,
NODE_ID,1,2,3,4,5
node_depth,0,1,1,2,2
node_type,root,func,term,term,term
node_label,*,+,b,b,a
node_parent,,1,1,2,2
node_arity,2,2,0,0,0
node_c1,2,4,,,
node_c2,3,5,,,
node_c3,,,,,
fitness,1.0,11,,,

TREE_ID,2,,
tree_type,f,,
tree_depth_base,1,,
NODE_ID,1,2,3
node_depth,0,1,1
node_type,root,term,term
node_label,*,b,b
node_parent,,1,1
node_arity,2,0,0
node_c1,2,,
node_c2,3,,
node_c3,,,
fitness,1.0,7,

TREE_ID,3,,
tree_type,g,,
tree_depth_base,2,,
NODE_ID,1,2,3
node_depth,0,1,1
node_type,root,term,term
node_label,*,b,c
node_parent,,1,1
node_arity,2,0,0
node_c1,2,,
node_c2,3,,
node_c3,,,
fitness,1.0,7,

TREE_ID,4,,,,,,,,,,
tree_type,g,,,,,,,,,,
tree_depth_base,3,,,,,,,,,,
NODE_ID,1,2,3,4,5,6,7,8,9,10,11
node_depth,0,1,1,2,2,2,2,3,3,3,3
node_type,root,func,func,term,func,term,func,term,term,term,term
node_label,-,/,*,c,/,c,+,c,a,c,c
node_parent,,1,1,2,2,3,3,5,5,7,7
node_arity,2,2,2,0,2,0,2,0,0,0,0
node_c1,2,4,6,,8,,10,,,,
node_c2,3,5,7,,9,,11,,,,
node_c3,,,,,,,,,,,
fitness,1.0,23,,,,,,,,,

TREE_ID,5,,,,,,,,
tree_type,g,,,,,,,,
tree_depth_base,3,,,,,,,,
NODE_ID,1,2,3,4,5,6,7,8,9
node_depth,0,1,1,2,2,2,2,3,3
node_type,root,func,func,term,func,term,term,term,term
node_label,-,/,*,c,/,c,b,c,a
node_parent,,1,1,2,2,3,3,5,5
node_arity,2,2,2,0,2,0,0,0,0
node_c1,2,4,6,,8,,,,
node_c2,3,5,7,,9,,,,
node_c3,,,,,,,,,
fitness,1.0,19,,,,,,,

TREE_ID,6,,
tree_type,g,,
tree_depth_base,1,,
NODE_ID,1,2,3
node_depth,0,1,1
node_type,root,term,term
node_label,*,a,b
node_parent,,1,1
node_arity,2,0,0
node_c1,2,,
node_c2,3,,
node_c3,,,
fitness,1.0,7,

TREE_ID,7,,
tree_type,f,,
tree_depth_base,1,,
NODE_ID,1,2,3
node_depth,0,1,1
node_type,root,term,term
node_label,*,c,b
node_parent,,1,1
node_arity,2,0,0
node_c1,2,,
node_c2,3,,
node_c3,,,
fitness,1.0,7,

TREE_ID,8,,,,,,,,,,,,,,
tree_type,f,,,,,,,,,,,,,,
tree_depth_base,3,,,,,,,,,,,,,,
NODE_ID,1,2,3,4,5,6,7,8,9,10,11,12,13,14,15
node_depth,0,1,1,2,2,2,2,3,3,3,3,3,3,3,3
node_type,root,func,func,func,func,func,func,term,term,term,term,term,term,term,term
node_label,+,+,*,*,+,/,-,a,b,a,b,b,a,b,a
node_parent,,1,1,2,2,3,3,4,4,5,5,6,6,7,7
node_arity,2,2,2,2,2,2,2,0,0,0,0,0,0,0,0
node_c1,2,4,6,8,10,12,14,,,,,,,,
node_c2,3,5,7,9,11,13,15,,,,,,,,
node_c3,,,,,,,,,,,,,,,
fitness,1.0,31,,,,,,,,,,,,,

TREE_ID,9,,
tree_type,g,,
tree_depth_base,1,,
NODE_ID,1,2,3
node_depth,0,1,1
node_type,root,term,term
node_label,*,a,b
node_parent,,1,1
node_arity,2,0,0
node_c1,2,,
node_c2,3,,
node_c3,,,
fitness,1.0,7,

TREE_ID,10,,
tree_type,f,,
tree_depth_base,1,,
NODE_ID,1,2,3
node_depth,0,1,1
node_type,root,term,term
node_label,*,c,b
node_parent,,1,1
node_arity,2,0,0
node_c1,2,,
node_c2,3,,
node_c3,,,
fitness,1.0,7,

TREE_ID,11,,,,
tree_type,g,,,,
tree_depth_base,1,,,,
NODE_ID,1,2,3,4,5
node_depth,0,1,1,2,2
node_type,root,term,func,term,term
node_label,*,a,*,c,c
node_parent,,1,1,3,3
node_arity,2,0,2,0,0
node_c1,2,,4,,
node_c2,3,,5,,
node_c3,,,,,
fitness,0.0,11,,,

TREE_ID,12,,
tree_type,f,,
tree_depth_base,1,,
NODE_ID,1,2,3
node_depth,0,1,1
node_type,root,term,term
node_label,*,b,c
node_parent,,1,1
node_arity,2,0,0
node_c1,2,,
node_c2,3,,
node_c3,,,
fitness,1.0,7,

TREE_ID,13,,
tree_type,f,,
tree_depth_base,1,,
NODE_ID,1,2,3
node_depth,0,1,1
node_type,root,term,term
node_label,*,b,a
node_parent,,1,1
node_arity,2,0,0
node_c1,2,,
node_c2,3,,
node_c3,,,
fitness,1.0,7,

TREE_ID,14,,,,,,
tree_type,g,,,,,,
tree_depth_base,2,,,,,,
NODE_ID,1,2,3,4,5,6,7
node_depth,0,1,1,2,2,3,3
node_type,root,term,func,func,term,term,term
node_label,+,b,/,+,a,a,b
node_parent,,1,1,3,3,4,4
node_arity,2,0,2,2,0,0,0
node_c1,2,,4,6,,,
node_c2,3,,5,7,,,
node_c3,,,,,,,
fitness,1.0,15,,,,,

TREE_ID,15,,,,,,,,,,,,,,
tree_type,f,,,,,,,,,,,,,,
tree_depth_base,3,,,,,,,,,,,,,,
NODE_ID,1,2,3,4,5,6,7,8,9,10,11,12,13,14,15
node_depth,0,1,1,2,2,2,2,3,3,3,3,3,3,3,3
node_type,root,func,func,func,func,func,func,term,term,term,term,term,term,term,term
node_label,*,-,/,*,+,-,+,b,c,b,c,b,c,a,c
node_parent,,1,1,2,2,3,3,4,4,5,5,6,6,7,7
node_arity,2,2,2,2,2,2,2,0,0,0,0,0,0,0,0
node_c1,2,4,6,8,10,12,14,,,,,,,,
node_c2,3,5,7,9,11,13,15,,,,,,,,
node_c3,,,,,,,,,,,,,,,
fitness,1.0,31,,,,,,,,,,,,,

TREE_ID,16,,
tree_type,f,,
tree_depth_base,1,,
NODE_ID,1,2,3
node_depth,0,1,1
node_type,root,term,term
node_label,/,a,a
node_parent,,1,1
node_arity,2,0,0
node_c1,2,,
node_c2,3,,
node_c3,,,
fitness,0.0,7,

TREE_ID,17,,,,,,
tree_type,f,,,,,,
tree_depth_base,2,,,,,,
NODE_ID,1,2,3,4,5,6,7
node_depth,0,1,1,2,2,2,2
node_type,root,func,func,term,term,term,term
node_label,*,+,+,b,a,c,a
node_parent,,1,1,2,2,3,3
node_arity,2,2,2,0,0,0,0
node_c1,2,4,6,,,,
node_c2,3,5,7,,,,
node_c3,,,,,,,
fitness,1.0,15,,,,,

TREE_ID,18,,,,
tree_type,f,,,,
tree_depth_base,1,,,,
NODE_ID,1,2,3,4,5
node_depth,0,1,1,2,2
node_type,root,term,func,term,term
node_label,*,a,+,c,b
node_parent,,1,1,3,3
node_arity,2,0,2,0,0
node_c1,2,,4,,
node_c2,3,,5,,
node_c3,,,,,
fitness,0.0,11,,,

TREE_ID,19,,
tree_type,g,,
tree_depth_base,1,,
NODE_ID,1,2,3
node_depth,0,1,1
node_type,root,term,term
node_label,*,a,b
node_parent,,1,1
node_arity,2,0,0
node_c1,2,,
node_c2,3,,
node_c3,,,
fitness,1.0,7,

TREE_ID,20,,,,,,,,,,,,,,
tree_type,f,,,,,,,,,,,,,,
tree_depth_base,3,,,,,,,,,,,,,,
NODE_ID,1,2,3,4,5,6,7,8,9,10,11,12,13,14,15
node_depth,0,1,1,2,2,2,2,3,3,3,3,3,3,3,3
node_type,root,func,func,func,func,func,func,term,term,term,term,term,term,term,term
node_label,+,+,*,-,+,/,-,b,b,b,b,b,a,b,a
node_parent,,1,1,2,2,3,3,4,4,5,5,6,6,7,7
node_arity,2,2,2,2,2,2,2,0,0,0,0,0,0,0,0
node_c1,2,4,6,8,10,12,14,,,,,,,,
node_c2,3,5,7,9,11,13,15,,,,,,,,
node_c3,,,,,,,,,,,,,,,
fitness,1.0,31,,,,,,,,,,,,,

TREE_ID,21,,
tree_type,g,,
tree_depth_base,3,,
NODE_ID,1,2,3
node_depth,0,1,1
node_type,root,term,term
node_label,*,b,b
node_parent,,1,1
node_arity,2,0,0
node_c1,2,,
node_c2,3,,
node_c3,,,
fitness,1.0,7,

TREE_ID,22,,,,
tree_type,g,,,,
tree_depth_base,3,,,,
NODE_ID,1,2,3,4,5
node_depth,0,1,1,2,2
node_type,root,term,func,term,term
node_label,-,c,*,c,c
node_parent,,1,1,3,3
node_arity,2,0,2,0,0
node_c1,2,,4,,
node_c2,3,,5,,
node_c3,,,,,
fitness,0.0,11,,,

TREE_ID,23,,
tree_type,f,,
tree_depth_base,1,,
NODE_ID,1,2,3
node_depth,0,1,1
node_type,root,term,term
node_label,/,c,b
node_parent,,1,1
node_arity,2,0,0
node_c1,2,,
node_c2,3,,
node_c3,,,
fitness,0.0,7,

TREE_ID,24,,,,,,
tree_type,g,,,,,,
tree_depth_base,2,,,,,,
NODE_ID,1,2,3,4,5,6,7
node_depth,0,1,1,2,2,3,3
node_type,root,term,func,func,term,term,term
node_label,*,b,+,/,a,a,b
node_parent,,1,1,3,3,4,4
node_arity,2,0,2,2,0,0,0
node_c1,2,,4,6,,,
node_c2,3,,5,7,,,
node_c3,,,,,,,
fitness,0.0,15,,,,,

TREE_ID,25,,,,,,
tree_type,g,,,,,,
tree_depth_base,3,,,,,,
NODE_ID,1,2,3,4,5,6,7
node_depth,0,1,1,2,2,3,3
node_type,root,term,func,func,term,term,term
node_label,*,b,+,+,b,c,c
node_parent,,1,1,3,3,4,4
node_arity,2,0,2,2,0,0,0
node_c1,2,,4,6,,,
node_c2,3,,5,7,,,
node_c3,,,,,,,
fitness,0.0,15,,,,,

TREE_ID,26,,
tree_type,f,,
tree_depth_base,1,,
NODE_ID,1,2,3
node_depth,0,1,1
node_type,root,term,term
node_label,*,b,b
node_parent,,1,1
node_arity,2,0,0
node_c1,2,,
node_c2,3,,
node_c3,,,
fitness,1.0,7,

TREE_ID,27,,,,,,,,,,
tree_type,g,,,,,,,,,,
tree_depth_base,3,,,,,,,,,,
NODE_ID,1,2,3,4,5,6,7,8,9,10,11
node_depth,0,1,1,2,2,2,2,3,3,3,3
node_type,root,func,func,term,term,func,func,term,term,term,term
node_label,+,/,/,a,c,*,+,b,c,a,b
node_parent,,1,1,2,2,3,3,6,6,7,7
node_arity,2,2,2,0,0,2,2,0,0,0,0
node_c1,2,4,6,,,8,10,,,,
node_c2,3,5,7,,,9,11,,,,
node_c3,,,,,,,,,,,
fitness,1.0,23,,,,,,,,,

TREE_ID,28,,,,,,,,
tree_type,g,,,,,,,,
tree_depth_base,3,,,,,,,,
NODE_ID,1,2,3,4,5,6,7,8,9
node_depth,0,1,1,2,2,2,2,3,3
node_type,root,func,func,term,func,term,term,term,term
node_label,-,/,*,c,*,c,b,a,a
node_parent,,1,1,2,2,3,3,5,5
node_arity,2,2,2,0,2,0,0,0,0
node_c1,2,4,6,,8,,,,
node_c2,3,5,7,,9,,,,
node_c3,,,,,,,,,
fitness,0.0,19,,,,,,,

TREE_ID,29,,
tree_type,f,,
tree_depth_base,1,,
NODE_ID,1,2,3
node_depth,0,1,1
node_type,root,term,term
node_label,*,b,b
node_parent,,1,1
node_arity,2,0,0
node_c1,2,,
node_c2,3,,
node_c3,,,
fitness,1.0,7,

TREE_ID,30,,
tree_type,f,,
tree_depth_base,1,,
NODE_ID,1,2,3
node_depth,0,1,1
node_type,root,term,term
node_label,*,b,a
node_parent,,1,1
node_arity,2,0,0
node_c1,2,,
node_c2,3,,
node_c3,,,
fitness,1.0,7,

TREE_ID,31,,,,,,,,,,,,,,
tree_type,f,,,,,,,,,,,,,,
tree_depth_base,3,,,,,,,,,,,,,,
NODE_ID,1,2,3,4,5,6,7,8,9,10,11,12,13,14,15
node_depth,0,1,1,2,2,2,2,3,3,3,3,3,3,3,3
node_type,root,func,func,func,func,func,func,term,term,term,term,term,term,term,term
node_label,+,+,*,*,+,/,-,a,b,a,b,a,a,b,a
node_parent,,1,1,2,2,3,3,4,4,5,5,6,6,7,7
node_arity,2,2,2,2,2,2,2,0,0,0,0,0,0,0,0
node_c1,2,4,6,8,10,12,14,,,,,,,,
node_c2,3,5,7,9,11,13,15,,,,,,,,
node_c3,,,,,,,,,,,,,,,
fitness,1.0,31,,,,,,,,,,,,,

TREE_ID,32,,,,,,
tree_type,f,,,,,,
tree_depth_base,2,,,,,,
NODE_ID,1,2,3,4,5,6,7
node_depth,0,1,1,2,2,2,2
node_type,root,func,func,term,term,term,term
node_label,*,+,+,b,b,c,c
node_parent,,1,1,2,2,3,3
node_arity,2,2,2,0,0,0,0
node_c1,2,4,6,,,,
node_c2,3,5,7,,,,
node_c3,,,,,,,
fitness,0.0,15,,,,,

TREE_ID,33,,
tree_type,g,,
tree_depth_base,2,,
NODE_ID,1,2,3
node_depth,0,1,1
node_type,root,term,term
node_label,*,b,c
node_parent,,1,1
node_arity,2,0,0
node_c1,2,,
node_c2,3,,
node_c3,,,
fitness,1.0,7,

TREE_ID,34,,
tree_type,f,,
tree_depth_base,1,,
NODE_ID,1,2,3
node_depth,0,1,1
node_type,root,term,term
node_label,/,b,a
node_parent,,1,1
node_arity,2,0,0
node_c1,2,,
node_c2,3,,
node_c3,,,
fitness,1.0,7,

TREE_ID,35,,,,,,,,,,,,
tree_type,g,,,,,,,,,,,,
tree_depth_base,3,,,,,,,,,,,,
NODE_ID,1,2,3,4,5,6,7,8,9,10,11,12,13
node_depth,0,1,1,2,2,2,2,3,3,3,3,3,3
node_type,root,func,func,term,func,func,func,term,term,term,term,term,term
node_label,+,/,/,a,+,*,+,c,b,b,c,a,b
node_parent,,1,1,2,2,3,3,5,5,6,6,7,7
node_arity,2,2,2,0,2,2,2,0,0,0,0,0,0
node_c1,2,4,6,,8,10,12,,,,,,
node_c2,3,5,7,,9,11,13,,,,,,
node_c3,,,,,,,,,,,,,
fitness,1.0,27,,,,,,,,,,,

TREE_ID,36,,
tree_type,f,,
tree_depth_base,1,,
NODE_ID,1,2,3
node_depth,0,1,1
node_type,root,term,term
node_label,*,c,c
node_parent,,1,1
node_arity,2,0,0
node_c1,2,,
node_c2,3,,
node_c3,,,
fitness,0.0,7,

TREE_ID,37,,,,
tree_type,f,,,,
tree_depth_base,1,,,,
NODE_ID,1,2,3,4,5
node_depth,0,1,1,2,2
node_type,root,term,func,term,term
node_label,*,a,+,c,c
node_parent,,1,1,3,3
node_arity,2,0,2,0,0
node_c1,2,,4,,
node_c2,3,,5,,
node_c3,,,,,
fitness,1.0,11,,,

TREE_ID,38,,,,,,,,
tree_type,g,,,,,,,,
tree_depth_base,2,,,,,,,,
NODE_ID,1,2,3,4,5,6,7,8,9
node_depth,0,1,1,2,2,3,3,3,3
node_type,root,func,term,func,func,term,term,term,term
node_label,*,/,c,*,+,b,c,a,b
node_parent,,1,1,2,2,4,4,5,5
node_arity,2,2,0,2,2,0,0,0,0
node_c1,2,4,,6,8,,,,
node_c2,3,5,,7,9,,,,
node_c3,,,,,,,,,
fitness,1.0,19,,,,,,,

TREE_ID,39,,
tree_type,f,,
tree_depth_base,1,,
NODE_ID,1,2,3
node_depth,0,1,1
node_type,root,term,term
node_label,/,b,a
node_parent,,1,1
node_arity,2,0,0
node_c1,2,,
node_c2,3,,
node_c3,,,
fitness,1.0,7,

TREE_ID,40,,
tree_type,g,,
tree_depth_base,2,,
NODE_ID,1,2,3
node_depth,0,1,1
node_type,root,term,term
node_label,+,c,c
node_parent,,1,1
node_arity,2,0,0
node_c1,2,,
node_c2,3,,
node_c3,,,
fitness,1.0,7,

TREE_ID,41,,,,
tree_type,g,,,,
tree_depth_base,2,,,,
NODE_ID,1,2,3,4,5
node_depth,0,1,1,2,2
node_type,root,func,term,term,term
node_label,+,*,b,b,a
node_parent,,1,1,2,2
node_arity,2,2,0,0,0
node_c1,2,4,,,
node_c2,3,5,,,
node_c3,,,,,
fitness,1.0,11,,,

TREE_ID,42,,,,,,,,
tree_type,g,,,,,,,,
tree_depth_base,1,,,,,,,,
NODE_ID,1,2,3,4,5,6,7,8,9
node_depth,0,1,1,2,2,3,3,3,3
node_type,root,term,func,func,func,term,term,term,term
node_label,+,c,+,-,*,b,b,a,a
node_parent,,1,1,3,3,4,4,5,5
node_arity,2,0,2,2,2,0,0,0,0
node_c1,2,,4,6,8,,,,
node_c2,3,,5,7,9,,,,
node_c3,,,,,,,,,
fitness,0.0,19,,,,,,,

TREE_ID,43,,,,,,,,
tree_type,g,,,,,,,,
tree_depth_base,3,,,,,,,,
NODE_ID,1,2,3,4,5,6,7,8,9
node_depth,0,1,1,2,2,2,2,3,3
node_type,root,func,func,term,term,term,func,term,term
node_label,+,/,/,a,c,a,*,a,b
node_parent,,1,1,2,2,3,3,7,7
node_arity,2,2,2,0,0,0,2,0,0
node_c1,2,4,6,,,,8,,
node_c2,3,5,7,,,,9,,
node_c3,,,,,,,,,
fitness,0.0,19,,,,,,,

TREE_ID,44,,,,,,,,,,
tree_type,f,,,,,,,,,,
tree_depth_base,3,,,,,,,,,,
NODE_ID,1,2,3,4,5,6,7,8,9,10,11
node_depth,0,1,1,2,2,2,2,3,3,3,3
node_type,root,func,func,func,func,term,term,term,term,term,term
node_label,+,+,+,*,+,a,b,c,b,b,b
node_parent,,1,1,2,2,3,3,4,4,5,5
node_arity,2,2,2,2,2,0,0,0,0,0,0
node_c1,2,4,6,8,10,,,,,,
node_c2,3,5,7,9,11,,,,,,
node_c3,,,,,,,,,,,
fitness,0.0,23,,,,,,,,,

TREE_ID,45,,
tree_type,g,,
tree_depth_base,1,,
NODE_ID,1,2,3
node_depth,0,1,1
node_type,root,term,term
node_label,*,a,a
node_parent,,1,1
node_arity,2,0,0
node_c1,2,,
node_c2,3,,
node_c3,,,
fitness,0.0,7,

TREE_ID,46,,
tree_type,f,,
tree_depth_base,1,,
NODE_ID,1,2,3
node_depth,0,1,1
node_type,root,term,term
node_label,/,b,b
node_parent,,1,1
node_arity,2,0,0
node_c1,2,,
node_c2,3,,
node_c3,,,
fitness,0.0,7,

TREE_ID,47,,,,,,
tree_type,g,,,,,,
tree_depth_base,3,,,,,,
NODE_ID,1,2,3,4,5,6,7
node_depth,0,1,1,2,2,2,2
node_type,root,func,func,term,term,term,term
node_label,-,/,*,c,c,c,b
node_parent,,1,1,2,2,3,3
node_arity,2,2,2,0,0,0,0
node_c1,2,4,6,,,,
node_c2,3,5,7,,,,
node_c3,,,,,,,
fitness,0.0,15,,,,,

TREE_ID,48,,,,
tree_type,g,,,,
tree_depth_base,2,,,,
NODE_ID,1,2,3,4,5
node_depth,0,1,1,2,2
node_type,root,term,func,term,term
node_label,*,b,/,c,a
node_parent,,1,1,3,3
node_arity,2,0,2,0,0
node_c1,2,,4,,
node_c2,3,,5,,
node_c3,,,,,
fitness,2.0,11,,,

TREE_ID,49,,
tree_type,f,,
tree_depth_base,1,,
NODE_ID,1,2,3
node_depth,0,1,1
node_type,root,term,term
node_label,*,c,b
node_parent,,1,1
node_arity,2,0,0
node_c1,2,,
node_c2,3,,
node_c3,,,
fitness,1.0,7,

TREE_ID,50,,,,,,,,
tree_type,g,,,,,,,,
tree_depth_base,1,,,,,,,,
NODE_ID,1,2,3,4,5,6,7,8,9
node_depth,0,1,1,2,2,3,3,3,3
node_type,root,term,func,func,func,term,term,term,term
node_label,+,c,+,-,*,b,a,a,a
node_parent,,1,1,3,3,4,4,5,5
node_arity,2,0,2,2,2,0,0,0,0
node_c1,2,,4,6,8,,,,
node_c2,3,,5,7,9,,,,
node_c3,,,,,,,,,
fitness,2.0,19,,,,,,,

TREE_ID,51,,,,,,,,,,
tree_type,g,,,,,,,,,,
tree_depth_base,3,,,,,,,,,,
NODE_ID,1,2,3,4,5,6,7,8,9,10,11
node_depth,0,1,1,2,2,2,2,3,3,3,3
node_type,root,func,func,term,term,func,func,term,term,term,term
node_label,+,/,/,a,c,/,+,b,b,a,b
node_parent,,1,1,2,2,3,3,6,6,7,7
node_arity,2,2,2,0,0,2,2,0,0,0,0
node_c1,2,4,6,,,8,10,,,,
node_c2,3,5,7,,,9,11,,,,
node_c3,,,,,,,,,,,
fitness,1.0,23,,,,,,,,,

TREE_ID,52,,
tree_type,f,,
tree_depth_base,1,,
NODE_ID,1,2,3
node_depth,0,1,1
node_type,root,term,term
node_label,/,b,a
node_parent,,1,1
node_arity,2,0,0
node_c1,2,,
node_c2,3,,
node_c3,,,
fitness,1.0,7,

TREE_ID,53,,,,,,,,
tree_type,g,,,,,,,,
tree_depth_base,3,,,,,,,,
NODE_ID,1,2,3,4,5,6,7,8,9
node_depth,0,1,1,2,2,2,2,3,3
node_type,root,func,func,term,func,term,term,term,term
node_label,-,/,*,c,/,c,c,c,a
node_parent,,1,1,2,2,3,3,5,5
node_arity,2,2,2,0,2,0,0,0,0
node_c1,2,4,6,,8,,,,
node_c2,3,5,7,,9,,,,
node_c3,,,,,,,,,
fitness,1.0,19,,,,,,,

TREE_ID,54,,
tree_type,g,,
tree_depth_base,2,,
NODE_ID,1,2,3
node_depth,0,1,1
node_type,root,term,term
node_label,+,c,c
node_parent,,1,1
node_arity,2,0,0
node_c1,2,,
node_c2,3,,
node_c3,,,
fitness,1.0,7,

TREE_ID,55,,,,,,,,,,
tree_type,f,,,,,,,,,,
tree_depth_base,3,,,,,,,,,,
NODE_ID,1,2,3,4,5,6,7,8,9,10,11
node_depth,0,1,1,2,2,2,2,3,3,3,3
node_type,root,func,func,func,func,term,term,term,term,term,term
node_label,+,+,+,*,+,a,b,a,a,b,b
node_parent,,1,1,2,2,3,3,4,4,5,5
node_arity,2,2,2,2,2,0,0,0,0,0,0
node_c1,2,4,6,8,10,,,,,,
node_c2,3,5,7,9,11,,,,,,
node_c3,,,,,,,,,,,
fitness,1.0,23,,,,,,,,,

TREE_ID,56,,
tree_type,f,,
tree_depth_base,1,,
NODE_ID,1,2,3
node_depth,0,1,1
node_type,root,term,term
node_label,*,b,b
node_parent,,1,1
node_arity,2,0,0
node_c1,2,,
node_c2,3,,
node_c3,,,
fitness,1.0,7,

TREE_ID,57,,
tree_type,g,,
tree_depth_base,2,,
NODE_ID,1,2,3
node_depth,0,1,1
node_type,root,term,term
node_label,*,a,c
node_parent,,1,1
node_arity,2,0,0
node_c1,2,,
node_c2,3,,
node_c3,,,
fitness,0.0,7,

TREE_ID,58,,,,,,,,,,
tree_type,g,,,,,,,,,,
tree_depth_base,3,,,,,,,,,,
NODE_ID,1,2,3,4,5,6,7,8,9,10,11
node_depth,0,1,1,2,2,2,2,3,3,3,3
node_type,root,func,func,term,func,term,func,term,term,term,term
node_label,-,/,*,c,/,c,+,c,b,c,c
node_parent,,1,1,2,2,3,3,5,5,7,7
node_arity,2,2,2,0,2,0,2,0,0,0,0
node_c1,2,4,6,,8,,10,,,,
node_c2,3,5,7,,9,,11,,,,
node_c3,,,,,,,,,,,
fitness,0.0,23,,,,,,,,,

TREE_ID,59,,
tree_type,g,,
tree_depth_base,3,,
NODE_ID,1,2,3
node_depth,0,1,1
node_type,root,term,term
node_label,*,b,b
node_parent,,1,1
node_arity,2,0,0
node_c1,2,,
node_c2,3,,
node_c3,,,
fitness,1.0,7,

TREE_ID,60,,
tree_type,f,,
tree_depth_base,1,,
NODE_ID,1,2,3
node_depth,0,1,1
node_type,root,term,term
node_label,*,b,b
node_parent,,1,1
node_arity,2,0,0
node_c1,2,,
node_c2,3,,
node_c3,,,
fitness,1.0,7,

TREE_ID,61,,,,,,
tree_type,f,,,,,,
tree_depth_base,1,,,,,,
NODE_ID,1,2,3,4,5,6,7
node_depth,0,1,1,2,2,3,3
node_type,root,func,term,term,func,term,term
node_label,*,/,c,b,+,a,c
node_parent,,1,1,2,2,5,5
node_arity,2,2,0,0,2,0,0
node_c1,2,4,,,6,,
node_c2,3,5,,,7,,
node_c3,,,,,,,
fitness,1.0,15,,,,,

TREE_ID,62,,,,
tree_type,g,,,,
tree_depth_base,2,,,,
NODE_ID,1,2,3,4,5
node_depth,0,1,1,2,2
node_type,root,func,term,term,term
node_label,*,-,c,b,c
node_parent,,1,1,2,2
node_arity,2,2,0,0,0
node_c1,2,4,,,
node_c2,3,5,,,
node_c3,,,,,
fitness,0.0,11,,,

TREE_ID,63,,,,
tree_type,f,,,,
tree_depth_base,1,,,,
NODE_ID,1,2,3,4,5
node_depth,0,1,1,2,2
node_type,root,term,func,term,term
node_label,*,a,+,c,b
node_parent,,1,1,3,3
node_arity,2,0,2,0,0
node_c1,2,,4,,
node_c2,3,,5,,
node_c3,,,,,
fitness,0.0,11,,,

TREE_ID,64,,
tree_type,g,,
tree_depth_base,3,,
NODE_ID,1,2,3
node_depth,0,1,1
node_type,root,term,term
node_label,*,c,b
node_parent,,1,1
node_arity,2,0,0
node_c1,2,,
node_c2,3,,
node_c3,,,
fitness,1.0,7,

TREE_ID,65,,
tree_type,g,,
tree_depth_base,1,,
NODE_ID,1,2,3
node_depth,0,1,1
node_type,root,term,term
node_label,*,a,b
node_parent,,1,1
node_arity,2,0,0
node_c1,2,,
node_c2,3,,
node_c3,,,
fitness,1.0,7,

TREE_ID,66,,,,,,,,,,,,
tree_type,g,,,,,,,,,,,,
tree_depth_base,3,,,,,,,,,,,,
NODE_ID,1,2,3,4,5,6,7,8,9,10,11,12,13
node_depth,0,1,1,2,2,2,2,3,3,3,3,3,3
node_type,root,func,func,func,func,term,func,term,term,term,term,term,term
node_label,/,*,+,*,+,b,+,c,a,b,c,a,b
node_parent,,1,1,2,2,3,3,4,4,5,5,7,7
node_arity,2,2,2,2,2,0,2,0,0,0,0,0,0
node_c1,2,4,6,8,10,,12,,,,,,
node_c2,3,5,7,9,11,,13,,,,,,
node_c3,,,,,,,,,,,,,
fitness,1.0,27,,,,,,,,,,,

TREE_ID,67,,,,,,,,,,,,
tree_type,f,,,,,,,,,,,,
tree_depth_base,3,,,,,,,,,,,,
NODE_ID,1,2,3,4,5,6,7,8,9,10,11,12,13
node_depth,0,1,1,2,2,2,2,3,3,3,3,3,3
node_type,root,func,func,term,func,func,func,term,term,term,term,term,term
node_label,*,/,/,b,-,+,/,c,b,b,c,c,a
node_parent,,1,1,2,2,3,3,5,5,6,6,7,7
node_arity,2,2,2,0,2,2,2,0,0,0,0,0,0
node_c1,2,4,6,,8,10,12,,,,,,
node_c2,3,5,7,,9,11,13,,,,,,
node_c3,,,,,,,,,,,,,
fitness,1.0,27,,,,,,,,,,,

TREE_ID,68,,,,
tree_type,f,,,,
tree_depth_base,1,,,,
NODE_ID,1,2,3,4,5
node_depth,0,1,1,2,2
node_type,root,term,func,term,term
node_label,*,a,+,c,a
node_parent,,1,1,3,3
node_arity,2,0,2,0,0
node_c1,2,,4,,
node_c2,3,,5,,
node_c3,,,,,
fitness,0.0,11,,,

TREE_ID,69,,
tree_type,f,,
tree_depth_base,1,,
NODE_ID,1,2,3
node_depth,0,1,1
node_type,root,term,term
node_label,/,b,c
node_parent,,1,1
node_arity,2,0,0
node_c1,2,,
node_c2,3,,
node_c3,,,
fitness,0.0,7,

TREE_ID,70,,,,,,,,,,,,
tree_type,g,,,,,,,,,,,,
tree_depth_base,3,,,,,,,,,,,,
NODE_ID,1,2,3,4,5,6,7,8,9,10,11,12,13
node_depth,0,1,1,2,2,2,2,3,3,3,3,3,3
node_type,root,func,func,term,func,func,func,term,term,term,term,term,term
node_label,+,/,/,a,+,*,+,c,a,b,c,a,b
node_parent,,1,1,2,2,3,3,5,5,6,6,7,7
node_arity,2,2,2,0,2,2,2,0,0,0,0,0,0
node_c1,2,4,6,,8,10,12,,,,,,
node_c2,3,5,7,,9,11,13,,,,,,
node_c3,,,,,,,,,,,,,
fitness,1.0,27,,,,,,,,,,,

TREE_ID,71,,
tree_type,g,,
tree_depth_base,2,,
NODE_ID,1,2,3
node_depth,0,1,1
node_type,root,term,term
node_label,+,b,c
node_parent,,1,1
node_arity,2,0,0
node_c1,2,,
node_c2,3,,
node_c3,,,
fitness,1.0,7,

TREE_ID,72,,
tree_type,g,,
tree_depth_base,3,,
NODE_ID,1,2,3
node_depth,0,1,1
node_type,root,term,term
node_label,*,b,b
node_parent,,1,1
node_arity,2,0,0
node_c1,2,,
node_c2,3,,
node_c3,,,
fitness,1.0,7,

TREE_ID,73,,,,,,,,,,
tree_type,g,,,,,,,,,,
tree_depth_base,3,,,,,,,,,,
NODE_ID,1,2,3,4,5,6,7,8,9,10,11
node_depth,0,1,1,2,2,2,2,3,3,3,3
node_type,root,func,func,term,func,term,func,term,term,term,term
node_label,-,/,*,c,/,a,+,c,a,c,c
node_parent,,1,1,2,2,3,3,5,5,7,7
node_arity,2,2,2,0,2,0,2,0,0,0,0
node_c1,2,4,6,,8,,10,,,,
node_c2,3,5,7,,9,,11,,,,
node_c3,,,,,,,,,,,
fitness,1.0,23,,,,,,,,,

TREE_ID,74,,,,,,,,
tree_type,g,,,,,,,,
tree_depth_base,1,,,,,,,,
NODE_ID,1,2,3,4,5,6,7,8,9
node_depth,0,1,1,2,2,3,3,3,3
node_type,root,term,func,func,func,term,term,term,term
node_label,+,c,+,-,*,b,a,a,c
node_parent,,1,1,3,3,4,4,5,5
node_arity,2,0,2,2,2,0,0,0,0
node_c1,2,,4,6,8,,,,
node_c2,3,,5,7,9,,,,
node_c3,,,,,,,,,
fitness,1.0,19,,,,,,,

TREE_ID,75,,,,,,
tree_type,g,,,,,,
tree_depth_base,3,,,,,,
NODE_ID,1,2,3,4,5,6,7
node_depth,0,1,1,2,2,3,3
node_type,root,term,func,term,func,term,term
node_label,-,c,*,c,+,c,a
node_parent,,1,1,3,3,7,7
node_arity,2,0,2,0,2,0,0
node_c1,2,,4,,6,,
node_c2,3,,5,,7,,
node_c3,,,,,,,
fitness,0.0,15,,,,,

TREE_ID,76,,,,,,
tree_type,f,,,,,,
tree_depth_base,1,,,,,,
NODE_ID,1,2,3,4,5,6,7
node_depth,0,1,1,2,2,3,3
node_type,root,term,func,term,func,term,term
node_label,*,b,/,c,/,c,a
node_parent,,1,1,3,3,5,5
node_arity,2,0,2,0,2,0,0
node_c1,2,,4,,6,,
node_c2,3,,5,,7,,
node_c3,,,,,,,
fitness,1.0,15,,,,,

TREE_ID,77,,,,,,
tree_type,g,,,,,,
tree_depth_base,1,,,,,,
NODE_ID,1,2,3,4,5,6,7
node_depth,0,1,1,2,2,3,3
node_type,root,term,func,term,func,term,term
node_label,+,c,+,c,*,a,a
node_parent,,1,1,3,3,5,5
node_arity,2,0,2,0,2,0,0
node_c1,2,,4,,6,,
node_c2,3,,5,,7,,
node_c3,,,,,,,
fitness,0.0,15,,,,,

TREE_ID,78,,,,,,,,,,,,,,
tree_type,f,,,,,,,,,,,,,,
tree_depth_base,3,,,,,,,,,,,,,,
NODE_ID,1,2,3,4,5,6,7,8,9,10,11,12,13,14,15
node_depth,0,1,1,2,2,2,2,3,3,3,3,3,3,3,3
node_type,root,func,func,func,func,func,func,term,term,term,term,term,term,term,term
node_label,*,-,/,*,+,-,+,a,a,b,c,b,c,a,a
node_parent,,1,1,2,2,3,3,4,4,5,5,6,6,7,7
node_arity,2,2,2,2,2,2,2,0,0,0,0,0,0,0,0
node_c1,2,4,6,8,10,12,14,,,,,,,,
node_c2,3,5,7,9,11,13,15,,,,,,,,
node_c3,,,,,,,,,,,,,,,
fitness,1.0,31,,,,,,,,,,,,,

TREE_ID,79,,
tree_type,g,,
tree_depth_base,1,,
NODE_ID,1,2,3
node_depth,0,1,1
node_type,root,term,term
node_label,/,a,a
node_parent,,1,1
node_arity,2,0,0
node_c1,2,,
node_c2,3,,
node_c3,,,
fitness,0.0,7,

TREE_ID,80,,,,,,,,
tree_type,g,,,,,,,,
tree_depth_base,1,,,,,,,,
NODE_ID,1,2,3,4,5,6,7,8,9
node_depth,0,1,1,2,2,3,3,3,3
node_type,root,term,func,func,func,term,term,term,term
node_label,+,c,+,-,*,b,a,c,a
node_parent,,1,1,3,3,4,4,5,5
node_arity,2,0,2,2,2,0,0,0,0
node_c1,2,,4,6,8,,,,
node_c2,3,,5,7,9,,,,
node_c3,,,,,,,,,
fitness,1.0,19,,,,,,,

TREE_ID,81,,,,,,,,
tree_type,g,,,,,,,,
tree_depth_base,1,,,,,,,,
NODE_ID,1,2,3,4,5,6,7,8,9
node_depth,0,1,1,2,2,3,3,3,3
node_type,root,term,func,func,func,term,term,term,term
node_label,+,c,+,-,*,b,a,b,a
node_parent,,1,1,3,3,4,4,5,5
node_arity,2,0,2,2,2,0,0,0,0
node_c1,2,,4,6,8,,,,
node_c2,3,,5,7,9,,,,
node_c3,,,,,,,,,
fitness,2.0,19,,,,,,,

TREE_ID,82,,
tree_type,f,,
tree_depth_base,1,,
NODE_ID,1,2,3
node_depth,0,1,1
node_type,root,term,term
node_label,/,a,a
node_parent,,1,1
node_arity,2,0,0
node_c1,2,,
node_c2,3,,
node_c3,,,
fitness,0.0,7,

TREE_ID,83,,,,,,,,,,
tree_type,g,,,,,,,,,,
tree_depth_base,3,,,,,,,,,,
NODE_ID,1,2,3,4,5,6,7,8,9,10,11
node_depth,0,1,1,2,2,2,2,3,3,3,3
node_type,root,func,func,func,term,term,func,term,term,term,term
node_label,/,*,+,*,b,b,+,c,a,a,b
node_parent,,1,1,2,2,3,3,4,4,7,7
node_arity,2,2,2,2,0,0,2,0,0,0,0
node_c1,2,4,6,8,,,10,,,,
node_c2,3,5,7,9,,,11,,,,
node_c3,,,,,,,,,,,
fitness,1.0,23,,,,,,,,,

TREE_ID,84,,,,
tree_type,f,,,,
tree_depth_base,1,,,,
NODE_ID,1,2,3,4,5
node_depth,0,1,1,2,2
node_type,root,func,term,term,term
node_label,*,+,b,b,c
node_parent,,1,1,2,2
node_arity,2,2,0,0,0
node_c1,2,4,,,
node_c2,3,5,,,
node_c3,,,,,
fitness,1.0,11,,,

TREE_ID,85,,,,,,,,
tree_type,g,,,,,,,,
tree_depth_base,1,,,,,,,,
NODE_ID,1,2,3,4,5,6,7,8,9
node_depth,0,1,1,2,2,3,3,3,3
node_type,root,term,func,func,func,term,term,term,term
node_label,+,c,+,-,*,b,a,a,a
node_parent,,1,1,3,3,4,4,5,5
node_arity,2,0,2,2,2,0,0,0,0
node_c1,2,,4,6,8,,,,
node_c2,3,,5,7,9,,,,
node_c3,,,,,,,,,
fitness,2.0,19,,,,,,,

TREE_ID,86,,,,,,,,
tree_type,g,,,,,,,,
tree_depth_base,1,,,,,,,,
NODE_ID,1,2,3,4,5,6,7,8,9
node_depth,0,1,1,2,2,3,3,3,3
node_type,root,term,func,func,func,term,term,term,term
node_label,+,c,+,-,*,b,a,a,a
node_parent,,1,1,3,3,4,4,5,5
node_arity,2,0,2,2,2,0,0,0,0
node_c1,2,,4,6,8,,,,
node_c2,3,,5,7,9,,,,
node_c3,,,,,,,,,
fitness,2.0,19,,,,,,,

TREE_ID,87,,,,
tree_type,f,,,,
tree_depth_base,1,,,,
NODE_ID,1,2,3,4,5
node_depth,0,1,1,2,2
node_type,root,func,term,term,term
node_label,*,*,b,c,c
node_parent,,1,1,2,2
node_arity,2,2,0,0,0
node_c1,2,4,,,
node_c2,3,5,,,
node_c3,,,,,
fitness,0.0,11,,,

TREE_ID,88,,
tree_type,g,,
tree_depth_base,3,,
NODE_ID,1,2,3
node_depth,0,1,1
node_type,root,term,term
node_label,*,b,a
node_parent,,1,1
node_arity,2,0,0
node_c1,2,,
node_c2,3,,
node_c3,,,
fitness,1.0,7,

TREE_ID,89,,
tree_type,g,,
tree_depth_base,3,,
NODE_ID,1,2,3
node_depth,0,1,1
node_type,root,term,term
node_label,*,c,b
node_parent,,1,1
node_arity,2,0,0
node_c1,2,,
node_c2,3,,
node_c3,,,
fitness,1.0,7,

TREE_ID,90,,,,
tree_type,f,,,,
tree_depth_base,1,,,,
NODE_ID,1,2,3,4,5
node_depth,0,1,1,2,2
node_type,root,term,func,term,term
node_label,*,a,+,c,c
node_parent,,1,1,3,3
node_arity,2,0,2,0,0
node_c1,2,,4,,
node_c2,3,,5,,
node_c3,,,,,
fitness,1.0,11,,,

TREE_ID,91,,,,,,,,,,
tree_type,g,,,,,,,,,,
tree_depth_base,3,,,,,,,,,,
NODE_ID,1,2,3,4,5,6,7,8,9,10,11
node_depth,0,1,1,2,2,2,2,3,3,3,3
node_type,root,func,func,term,func,term,func,term,term,term,term
node_label,+,/,/,a,+,c,+,c,c,a,b
node_parent,,1,1,2,2,3,3,5,5,7,7
node_arity,2,2,2,0,2,0,2,0,0,0,0
node_c1,2,4,6,,8,,10,,,,
node_c2,3,5,7,,9,,11,,,,
node_c3,,,,,,,,,,,
fitness,1.0,23,,,,,,,,,

TREE_ID,92,,,,,,,,
tree_type,g,,,,,,,,
tree_depth_base,2,,,,,,,,
NODE_ID,1,2,3,4,5,6,7,8,9
node_depth,0,1,1,2,2,3,3,3,3
node_type,root,func,term,func,func,term,term,term,term
node_label,*,/,c,*,+,b,a,a,b
node_parent,,1,1,2,2,4,4,5,5
node_arity,2,2,0,2,2,0,0,0,0
node_c1,2,4,,6,8,,,,
node_c2,3,5,,7,9,,,,
node_c3,,,,,,,,,
fitness,1.0,19,,,,,,,

TREE_ID,93,,
tree_type,f,,
tree_depth_base,1,,
NODE_ID,1,2,3
node_depth,0,1,1
node_type,root,term,term
node_label,*,b,b
node_parent,,1,1
node_arity,2,0,0
node_c1,2,,
node_c2,3,,
node_c3,,,
fitness,1.0,7,

TREE_ID,94,,
tree_type,f,,
tree_depth_base,1,,
NODE_ID,1,2,3
node_depth,0,1,1
node_type,root,term,term
node_label,*,a,a
node_parent,,1,1
node_arity,2,0,0
node_c1,2,,
node_c2,3,,
node_c3,,,
fitness,0.0,7,

TREE_ID,95,,
tree_type,f,,
tree_depth_base,1,,
NODE_ID,1,2,3
node_depth,0,1,1
node_type,root,term,term
node_label,/,c,a
node_parent,,1,1
node_arity,2,0,0
node_c1,2,,
node_c2,3,,
node_c3,,,
fitness,1.0,7,

TREE_ID,96,,
tree_type,f,,
tree_depth_base,1,,
NODE_ID,1,2,3
node_depth,0,1,1
node_type,root,term,term
node_label,*,b,b
node_parent,,1,1
node_arity,2,0,0
node_c1,2,,
node_c2,3,,
node_c3,,,
fitness,1.0,7,

TREE_ID,97,,,,,,
tree_type,g,,,,,,
tree_depth_base,1,,,,,,
NODE_ID,1,2,3,4,5,6,7
node_depth,0,1,1,2,2,3,3
node_type,root,term,func,term,func,term,term
node_label,+,c,+,a,*,a,a
node_parent,,1,1,3,3,5,5
node_arity,2,0,2,0,2,0,0
node_c1,2,,4,,6,,
node_c2,3,,5,,7,,
node_c3,,,,,,,
fitness,0.0,15,,,,,

TREE_ID,98,,,,
tree_type,g,,,,
tree_depth_base,1,,,,
NODE_ID,1,2,3,4,5
node_depth,0,1,1,2,2
node_type,root,term,func,term,term
node_label,/,c,-,b,a
node_parent,,1,1,3,3
node_arity,2,0,2,0,0
node_c1,2,,4,,
node_c2,3,,5,,
node_c3,,,,,
fitness,0.0,11,,,

TREE_ID,99,,
tree_type,f,,
tree_depth_base,1,,
NODE_ID,1,2,3
node_depth,0,1,1
node_type,root,term,term
node_label,/,b,a
node_parent,,1,1
node_arity,2,0,0
node_c1,2,,
node_c2,3,,
node_c3,,,
fitness,1.0,7,

TREE_ID,100,,
tree_type,f,,
tree_depth_base,1,,
NODE_ID,1,2,3
node_depth,0,1,1
node_type,root,term,term
node_label,*,b,b
node_parent,,1,1
node_arity,2,0,0
node_c1,2,,
node_c2,3,,
node_c3,,,
fitness,1.0,7,

Karoo GP by Kai Staats,Generation:,4

TREE_ID,1,,
tree_type,f,,
tree_depth_base,1,,
NODE_ID,1,2,3
node_depth,0,1,1
node_type,root,term,term
node_label,*,c,b
node_parent,,1,1
node_arity,2,0,0
node_c1,2,,
node_c2,3,,
node_c3,,,
fitness,1.0,7,

TREE_ID,2,,,,
tree_type,f,,,,
tree_depth_base,1,,,,
NODE_ID,1,2,3,4,5
node_depth,0,1,1,2,2
node_type,root,term,func,term,term
node_label,*,a,+,c,c
node_parent,,1,1,3,3
node_arity,2,0,2,0,0
node_c1,2,,4,,
node_c2,3,,5,,
node_c3,,,,,
fitness,1.0,11,,,

TREE_ID,3,,,,,,,,,,
tree_type,g,,,,,,,,,,
tree_depth_base,3,,,,,,,,,,
NODE_ID,1,2,3,4,5,6,7,8,9,10,11
node_depth,0,1,1,2,2,2,2,3,3,3,3
node_type,root,func,func,func,term,term,func,term,term,term,term
node_label,/,*,+,*,b,b,+,c,a,a,b
node_parent,,1,1,2,2,3,3,4,4,7,7
node_arity,2,2,2,2,0,0,2,0,0,0,0
node_c1,2,4,6,8,,,10,,,,
node_c2,3,5,7,9,,,11,,,,
node_c3,,,,,,,,,,,
fitness,1.0,23,,,,,,,,,

TREE_ID,4,,
tree_type,f,,
tree_depth_base,1,,
NODE_ID,1,2,3
node_depth,0,1,1
node_type,root,term,term
node_label,*,b,a
node_parent,,1,1
node_arity,2,0,0
node_c1,2,,
node_c2,3,,
node_c3,,,
fitness,1.0,7,

TREE_ID,5,,,,,,,,,,
tree_type,g,,,,,,,,,,
tree_depth_base,3,,,,,,,,,,
NODE_ID,1,2,3,4,5,6,7,8,9,10,11
node_depth,0,1,1,2,2,2,2,3,3,3,3
node_type,root,func,func,func,term,term,func,term,term,term,term
node_label,/,*,+,*,b,b,+,c,a,a,b
node_parent,,1,1,2,2,3,3,4,4,7,7
node_arity,2,2,2,2,0,0,2,0,0,0,0
node_c1,2,4,6,8,,,10,,,,
node_c2,3,5,7,9,,,11,,,,
node_c3,,,,,,,,,,,
fitness,1.0,23,,,,,,,,,

TREE_ID,6,,,,,,,,
tree_type,g,,,,,,,,
tree_depth_base,1,,,,,,,,
NODE_ID,1,2,3,4,5,6,7,8,9
node_depth,0,1,1,2,2,3,3,3,3
node_type,root,term,func,func,func,term,term,term,term
node_label,+,c,+,-,*,b,a,b,a
node_parent,,1,1,3,3,4,4,5,5
node_arity,2,0,2,2,2,0,0,0,0
node_c1,2,,4,6,8,,,,
node_c2,3,,5,7,9,,,,
node_c3,,,,,,,,,
fitness,2.0,19,,,,,,,

TREE_ID,7,,
tree_type,f,,
tree_depth_base,1,,
NODE_ID,1,2,3
node_depth,0,1,1
node_type,root,term,term
node_label,/,b,a
node_parent,,1,1
node_arity,2,0,0
node_c1,2,,
node_c2,3,,
node_c3,,,
fitness,1.0,7,

TREE_ID,8,,,,,,,,
tree_type,g,,,,,,,,
tree_depth_base,1,,,,,,,,
NODE_ID,1,2,3,4,5,6,7,8,9
node_depth,0,1,1,2,2,3,3,3,3
node_type,root,term,func,func,func,term,term,term,term
node_label,+,c,+,-,*,b,a,b,a
node_parent,,1,1,3,3,4,4,5,5
node_arity,2,0,2,2,2,0,0,0,0
node_c1,2,,4,6,8,,,,
node_c2,3,,5,7,9,,,,
node_c3,,,,,,,,,
fitness,2.0,19,,,,,,,

TREE_ID,9,,,,
tree_type,f,,,,
tree_depth_base,1,,,,
NODE_ID,1,2,3,4,5
node_depth,0,1,1,2,2
node_type,root,term,func,term,term
node_label,*,a,+,c,c
node_parent,,1,1,3,3
node_arity,2,0,2,0,0
node_c1,2,,4,,
node_c2,3,,5,,
node_c3,,,,,
fitness,1.0,11,,,

TREE_ID,10,,,,,,,,
tree_type,g,,,,,,,,
tree_depth_base,1,,,,,,,,
NODE_ID,1,2,3,4,5,6,7,8,9
node_depth,0,1,1,2,2,3,3,3,3
node_type,root,term,func,func,func,term,term,term,term
node_label,+,c,+,-,*,b,a,a,a
node_parent,,1,1,3,3,4,4,5,5
node_arity,2,0,2,2,2,0,0,0,0
node_c1,2,,4,6,8,,,,
node_c2,3,,5,7,9,,,,
node_c3,,,,,,,,,
fitness,2.0,19,,,,,,,

TREE_ID,11,,,,,,,,
tree_type,g,,,,,,,,
tree_depth_base,1,,,,,,,,
NODE_ID,1,2,3,4,5,6,7,8,9
node_depth,0,1,1,2,2,3,3,3,3
node_type,root,term,func,func,func,term,term,term,term
node_label,+,c,+,-,*,b,a,b,a
node_parent,,1,1,3,3,4,4,5,5
node_arity,2,0,2,2,2,0,0,0,0
node_c1,2,,4,6,8,,,,
node_c2,3,,5,7,9,,,,
node_c3,,,,,,,,,
fitness,2.0,19,,,,,,,

TREE_ID,12,,,,,,,,,,
tree_type,g,,,,,,,,,,
tree_depth_base,1,,,,,,,,,,
NODE_ID,1,2,3,4,5,6,7,8,9,10,11
node_depth,0,1,1,2,2,2,2,3,3,3,3
node_type,root,func,func,term,term,func,func,term,term,term,term
node_label,+,-,+,b,a,-,*,b,a,a,a
node_parent,,1,1,2,2,3,3,4,4,5,5
node_arity,2,2,2,0,0,2,2,0,0,0,0
node_c1,2,4,6,,,8,10,,,,
node_c2,3,5,7,,,9,11,,,,
node_c3,,,,,,,,,,,
fitness,0.0,23,,,,,,,,,

TREE_ID,13,,,,,,,,
tree_type,g,,,,,,,,
tree_depth_base,2,,,,,,,,
NODE_ID,1,2,3,4,5,6,7,8,9
node_depth,0,1,1,2,2,3,3,3,3
node_type,root,func,term,func,func,term,term,term,term
node_label,*,/,c,*,+,b,a,a,c
node_parent,,1,1,2,2,4,4,5,5
node_arity,2,2,0,2,2,0,0,0,0
node_c1,2,4,,6,8,,,,
node_c2,3,5,,7,9,,,,
node_c3,,,,,,,,,
fitness,0.0,19,,,,,,,

TREE_ID,14,,
tree_type,f,,
tree_depth_base,1,,
NODE_ID,1,2,3
node_depth,0,1,1
node_type,root,term,term
node_label,*,b,b
node_parent,,1,1
node_arity,2,0,0
node_c1,2,,
node_c2,3,,
node_c3,,,
fitness,1.0,7,

TREE_ID,15,,,,,,,,
tree_type,g,,,,,,,,
tree_depth_base,1,,,,,,,,
NODE_ID,1,2,3,4,5,6,7,8,9
node_depth,0,1,1,2,2,3,3,3,3
node_type,root,term,func,func,func,term,term,term,term
node_label,+,c,+,-,*,b,a,c,a
node_parent,,1,1,3,3,4,4,5,5
node_arity,2,0,2,2,2,0,0,0,0
node_c1,2,,4,6,8,,,,
node_c2,3,,5,7,9,,,,
node_c3,,,,,,,,,
fitness,1.0,19,,,,,,,

TREE_ID,16,,,,,,
tree_type,g,,,,,,
tree_depth_base,2,,,,,,
NODE_ID,1,2,3,4,5,6,7
node_depth,0,1,1,2,2,2,2
node_type,root,func,func,term,term,term,term
node_label,*,+,/,b,c,c,a
node_parent,,1,1,2,2,3,3
node_arity,2,2,2,0,0,0,0
node_c1,2,4,6,,,,
node_c2,3,5,7,,,,
node_c3,,,,,,,
fitness,1.0,15,,,,,

TREE_ID,17,,,,,,,,
tree_type,g,,,,,,,,
tree_depth_base,1,,,,,,,,
NODE_ID,1,2,3,4,5,6,7,8,9
node_depth,0,1,1,2,2,3,3,3,3
node_type,root,term,func,func,func,term,term,term,term
node_label,+,c,+,-,*,b,a,b,a
node_parent,,1,1,3,3,4,4,5,5
node_arity,2,0,2,2,2,0,0,0,0
node_c1,2,,4,6,8,,,,
node_c2,3,,5,7,9,,,,
node_c3,,,,,,,,,
fitness,2.0,19,,,,,,,

TREE_ID,18,,,,,,,,,,,,
tree_type,g,,,,,,,,,,,,
tree_depth_base,3,,,,,,,,,,,,
NODE_ID,1,2,3,4,5,6,7,8,9,10,11,12,13
node_depth,0,1,1,2,2,2,2,3,3,3,3,3,3
node_type,root,func,func,func,func,term,func,term,term,term,term,term,term
node_label,/,*,+,+,+,b,+,c,c,b,c,a,b
node_parent,,1,1,2,2,3,3,4,4,5,5,7,7
node_arity,2,2,2,2,2,0,2,0,0,0,0,0,0
node_c1,2,4,6,8,10,,12,,,,,,
node_c2,3,5,7,9,11,,13,,,,,,
node_c3,,,,,,,,,,,,,
fitness,0.0,27,,,,,,,,,,,

TREE_ID,19,,
tree_type,f,,
tree_depth_base,1,,
NODE_ID,1,2,3
node_depth,0,1,1
node_type,root,term,term
node_label,/,a,a
node_parent,,1,1
node_arity,2,0,0
node_c1,2,,
node_c2,3,,
node_c3,,,
fitness,0.0,7,

TREE_ID,20,,,,,,,,
tree_type,g,,,,,,,,
tree_depth_base,1,,,,,,,,
NODE_ID,1,2,3,4,5,6,7,8,9
node_depth,0,1,1,2,2,3,3,3,3
node_type,root,term,func,func,func,term,term,term,term
node_label,+,c,+,-,*,c,a,b,a
node_parent,,1,1,3,3,4,4,5,5
node_arity,2,0,2,2,2,0,0,0,0
node_c1,2,,4,6,8,,,,
node_c2,3,,5,7,9,,,,
node_c3,,,,,,,,,
fitness,0.0,19,,,,,,,

TREE_ID,21,,,,,,,,,,
tree_type,g,,,,,,,,,,
tree_depth_base,3,,,,,,,,,,
NODE_ID,1,2,3,4,5,6,7,8,9,10,11
node_depth,0,1,1,2,2,2,2,3,3,3,3
node_type,root,func,func,term,term,func,func,term,term,term,term
node_label,+,/,/,a,c,*,+,b,c,a,c
node_parent,,1,1,2,2,3,3,6,6,7,7
node_arity,2,2,2,0,0,2,2,0,0,0,0
node_c1,2,4,6,,,8,10,,,,
node_c2,3,5,7,,,9,11,,,,
node_c3,,,,,,,,,,,
fitness,1.0,23,,,,,,,,,

TREE_ID,22,,,,,,,,,,,,,,
tree_type,f,,,,,,,,,,,,,,
tree_depth_base,3,,,,,,,,,,,,,,
NODE_ID,1,2,3,4,5,6,7,8,9,10,11,12,13,14,15
node_depth,0,1,1,2,2,2,2,3,3,3,3,3,3,3,3
node_type,root,func,func,func,func,func,func,term,term,term,term,term,term,term,term
node_label,+,+,*,*,+,/,-,a,b,a,b,b,a,b,a
node_parent,,1,1,2,2,3,3,4,4,5,5,6,6,7,7
node_arity,2,2,2,2,2,2,2,0,0,0,0,0,0,0,0
node_c1,2,4,6,8,10,12,14,,,,,,,,
node_c2,3,5,7,9,11,13,15,,,,,,,,
node_c3,,,,,,,,,,,,,,,
fitness,1.0,31,,,,,,,,,,,,,

TREE_ID,23,,
tree_type,f,,
tree_depth_base,1,,
NODE_ID,1,2,3
node_depth,0,1,1
node_type,root,term,term
node_label,/,b,b
node_parent,,1,1
node_arity,2,0,0
node_c1,2,,
node_c2,3,,
node_c3,,,
fitness,0.0,7,

TREE_ID,24,,,,,,,,
tree_type,g,,,,,,,,
tree_depth_base,1,,,,,,,,
NODE_ID,1,2,3,4,5,6,7,8,9
node_depth,0,1,1,2,2,3,3,3,3
node_type,root,term,func,func,func,term,term,term,term
node_label,+,c,+,-,*,b,a,b,a
node_parent,,1,1,3,3,4,4,5,5
node_arity,2,0,2,2,2,0,0,0,0
node_c1,2,,4,6,8,,,,
node_c2,3,,5,7,9,,,,
node_c3,,,,,,,,,
fitness,2.0,19,,,,,,,

TREE_ID,25,,
tree_type,g,,
tree_depth_base,1,,
NODE_ID,1,2,3
node_depth,0,1,1
node_type,root,term,term
node_label,*,a,b
node_parent,,1,1
node_arity,2,0,0
node_c1,2,,
node_c2,3,,
node_c3,,,
fitness,1.0,7,

TREE_ID,26,,
tree_type,f,,
tree_depth_base,1,,
NODE_ID,1,2,3
node_depth,0,1,1
node_type,root,term,term
node_label,*,b,c
node_parent,,1,1
node_arity,2,0,0
node_c1,2,,
node_c2,3,,
node_c3,,,
fitness,1.0,7,

TREE_ID,27,,
tree_type,g,,
tree_depth_base,1,,
NODE_ID,1,2,3
node_depth,0,1,1
node_type,root,term,term
node_label,*,a,c
node_parent,,1,1
node_arity,2,0,0
node_c1,2,,
node_c2,3,,
node_c3,,,
fitness,0.0,7,

TREE_ID,28,,,,,,,,
tree_type,g,,,,,,,,
tree_depth_base,1,,,,,,,,
NODE_ID,1,2,3,4,5,6,7,8,9
node_depth,0,1,1,2,2,3,3,3,3
node_type,root,term,func,func,func,term,term,term,term
node_label,+,c,+,-,*,b,c,a,a
node_parent,,1,1,3,3,4,4,5,5
node_arity,2,0,2,2,2,0,0,0,0
node_c1,2,,4,6,8,,,,
node_c2,3,,5,7,9,,,,
node_c3,,,,,,,,,
fitness,0.0,19,,,,,,,

TREE_ID,29,,,,,,,,,,,,
tree_type,g,,,,,,,,,,,,
tree_depth_base,3,,,,,,,,,,,,
NODE_ID,1,2,3,4,5,6,7,8,9,10,11,12,13
node_depth,0,1,1,2,2,2,2,3,3,3,3,3,3
node_type,root,func,func,func,func,term,func,term,term,term,term,term,term
node_label,/,*,+,*,+,b,+,c,a,b,c,b,b
node_parent,,1,1,2,2,3,3,4,4,5,5,7,7
node_arity,2,2,2,2,2,0,2,0,0,0,0,0,0
node_c1,2,4,6,8,10,,12,,,,,,
node_c2,3,5,7,9,11,,13,,,,,,
node_c3,,,,,,,,,,,,,
fitness,0.0,27,,,,,,,,,,,

TREE_ID,30,,,,,,
tree_type,f,,,,,,
tree_depth_base,1,,,,,,
NODE_ID,1,2,3,4,5,6,7
node_depth,0,1,1,2,2,3,3
node_type,root,func,term,term,func,term,term
node_label,*,/,c,b,+,a,c
node_parent,,1,1,2,2,5,5
node_arity,2,2,0,0,2,0,0
node_c1,2,4,,,6,,
node_c2,3,5,,,7,,
node_c3,,,,,,,
fitness,1.0,15,,,,,

TREE_ID,31,,,,,,
tree_type,g,,,,,,
tree_depth_base,2,,,,,,
NODE_ID,1,2,3,4,5,6,7
node_depth,0,1,1,2,2,3,3
node_type,root,term,func,func,term,term,term
node_label,*,b,/,-,a,b,a
node_parent,,1,1,3,3,4,4
node_arity,2,0,2,2,0,0,0
node_c1,2,,4,6,,,
node_c2,3,,5,7,,,
node_c3,,,,,,,
fitness,0.0,15,,,,,

TREE_ID,32,,,,,,
tree_type,g,,,,,,
tree_depth_base,1,,,,,,
NODE_ID,1,2,3,4,5,6,7
node_depth,0,1,1,2,2,3,3
node_type,root,term,func,term,func,term,term
node_label,+,c,+,c,*,b,a
node_parent,,1,1,3,3,5,5
node_arity,2,0,2,0,2,0,0
node_c1,2,,4,,6,,
node_c2,3,,5,,7,,
node_c3,,,,,,,
fitness,0.0,15,,,,,

TREE_ID,33,,
tree_type,f,,
tree_depth_base,1,,
NODE_ID,1,2,3
node_depth,0,1,1
node_type,root,term,term
node_label,*,b,c
node_parent,,1,1
node_arity,2,0,0
node_c1,2,,
node_c2,3,,
node_c3,,,
fitness,1.0,7,

TREE_ID,34,,
tree_type,g,,
tree_depth_base,2,,
NODE_ID,1,2,3
node_depth,0,1,1
node_type,root,term,term
node_label,*,b,b
node_parent,,1,1
node_arity,2,0,0
node_c1,2,,
node_c2,3,,
node_c3,,,
fitness,1.0,7,

TREE_ID,35,,,,,,,,
tree_type,g,,,,,,,,
tree_depth_base,3,,,,,,,,
NODE_ID,1,2,3,4,5,6,7,8,9
node_depth,0,1,1,2,2,2,2,3,3
node_type,root,func,func,term,func,term,term,term,term
node_label,-,/,*,c,/,c,c,c,a
node_parent,,1,1,2,2,3,3,5,5
node_arity,2,2,2,0,2,0,0,0,0
node_c1,2,4,6,,8,,,,
node_c2,3,5,7,,9,,,,
node_c3,,,,,,,,,
fitness,1.0,19,,,,,,,

TREE_ID,36,,
tree_type,f,,
tree_depth_base,1,,
NODE_ID,1,2,3
node_depth,0,1,1
node_type,root,term,term
node_label,/,b,a
node_parent,,1,1
node_arity,2,0,0
node_c1,2,,
node_c2,3,,
node_c3,,,
fitness,1.0,7,

TREE_ID,37,,
tree_type,g,,
tree_depth_base,3,,
NODE_ID,1,2,3
node_depth,0,1,1
node_type,root,term,term
node_label,*,a,b
node_parent,,1,1
node_arity,2,0,0
node_c1,2,,
node_c2,3,,
node_c3,,,
fitness,1.0,7,

TREE_ID,38,,,,,,,,
tree_type,g,,,,,,,,
tree_depth_base,1,,,,,,,,
NODE_ID,1,2,3,4,5,6,7,8,9
node_depth,0,1,1,2,2,3,3,3,3
node_type,root,term,func,func,func,term,term,term,term
node_label,+,c,+,-,*,b,a,c,a
node_parent,,1,1,3,3,4,4,5,5
node_arity,2,0,2,2,2,0,0,0,0
node_c1,2,,4,6,8,,,,
node_c2,3,,5,7,9,,,,
node_c3,,,,,,,,,
fitness,1.0,19,,,,,,,

TREE_ID,39,,,,,,
tree_type,f,,,,,,
tree_depth_base,1,,,,,,
NODE_ID,1,2,3,4,5,6,7
node_depth,0,1,1,2,2,3,3
node_type,root,func,term,term,func,term,term
node_label,*,/,c,b,+,a,c
node_parent,,1,1,2,2,5,5
node_arity,2,2,0,0,2,0,0
node_c1,2,4,,,6,,
node_c2,3,5,,,7,,
node_c3,,,,,,,
fitness,1.0,15,,,,,

TREE_ID,40,,
tree_type,g,,
tree_depth_base,1,,
NODE_ID,1,2,3
node_depth,0,1,1
node_type,root,term,term
node_label,+,c,a
node_parent,,1,1
node_arity,2,0,0
node_c1,2,,
node_c2,3,,
node_c3,,,
fitness,0.0,7,

TREE_ID,41,,,,
tree_type,g,,,,
tree_depth_base,3,,,,
NODE_ID,1,2,3,4,5
node_depth,0,1,1,2,2
node_type,root,func,term,term,term
node_label,*,/,a,c,a
node_parent,,1,1,2,2
node_arity,2,2,0,0,0
node_c1,2,4,,,
node_c2,3,5,,,
node_c3,,,,,
fitness,0.0,11,,,

TREE_ID,42,,
tree_type,g,,
tree_depth_base,2,,
NODE_ID,1,2,3
node_depth,0,1,1
node_type,root,term,term
node_label,*,b,b
node_parent,,1,1
node_arity,2,0,0
node_c1,2,,
node_c2,3,,
node_c3,,,
fitness,1.0,7,

TREE_ID,43,,,,,,
tree_type,f,,,,,,
tree_depth_base,1,,,,,,
NODE_ID,1,2,3,4,5,6,7
node_depth,0,1,1,2,2,3,3
node_type,root,term,func,func,term,term,term
node_label,/,b,*,*,b,c,a
node_parent,,1,1,3,3,4,4
node_arity,2,0,2,2,0,0,0
node_c1,2,,4,6,,,
node_c2,3,,5,7,,,
node_c3,,,,,,,
fitness,0.0,15,,,,,

TREE_ID,44,,,,,,
tree_type,g,,,,,,
tree_depth_base,3,,,,,,
NODE_ID,1,2,3,4,5,6,7
node_depth,0,1,1,2,2,3,3
node_type,root,term,func,term,func,term,term
node_label,/,a,+,b,+,a,b
node_parent,,1,1,3,3,7,7
node_arity,2,0,2,0,2,0,0
node_c1,2,,4,,6,,
node_c2,3,,5,,7,,
node_c3,,,,,,,
fitness,0.0,15,,,,,

TREE_ID,45,,,,,,
tree_type,f,,,,,,
tree_depth_base,2,,,,,,
NODE_ID,1,2,3,4,5,6,7
node_depth,0,1,1,2,2,3,3
node_type,root,func,term,term,func,term,term
node_label,*,+,b,b,-,b,a
node_parent,,1,1,2,2,5,5
node_arity,2,2,0,0,2,0,0
node_c1,2,4,,,6,,
node_c2,3,5,,,7,,
node_c3,,,,,,,
fitness,0.0,15,,,,,

TREE_ID,46,,,,,,
tree_type,g,,,,,,
tree_depth_base,1,,,,,,
NODE_ID,1,2,3,4,5,6,7
node_depth,0,1,1,2,2,3,3
node_type,root,term,func,term,func,term,term
node_label,+,c,+,a,*,a,a
node_parent,,1,1,3,3,5,5
node_arity,2,0,2,0,2,0,0
node_c1,2,,4,,6,,
node_c2,3,,5,,7,,
node_c3,,,,,,,
fitness,0.0,15,,,,,

TREE_ID,47,,,,,,,,
tree_type,g,,,,,,,,
tree_depth_base,2,,,,,,,,
NODE_ID,1,2,3,4,5,6,7,8,9
node_depth,0,1,1,2,2,3,3,3,3
node_type,root,func,term,func,func,term,term,term,term
node_label,*,/,c,*,+,b,c,a,a
node_parent,,1,1,2,2,4,4,5,5
node_arity,2,2,0,2,2,0,0,0,0
node_c1,2,4,,6,8,,,,
node_c2,3,5,,7,9,,,,
node_c3,,,,,,,,,
fitness,1.0,19,,,,,,,

TREE_ID,48,,,,
tree_type,g,,,,
tree_depth_base,2,,,,
NODE_ID,1,2,3,4,5
node_depth,0,1,1,2,2
node_type,root,term,func,term,term
node_label,*,b,/,c,b
node_parent,,1,1,3,3
node_arity,2,0,2,0,0
node_c1,2,,4,,
node_c2,3,,5,,
node_c3,,,,,
fitness,0.0,11,,,

TREE_ID,49,,,,,,,,,,,,
tree_type,g,,,,,,,,,,,,
tree_depth_base,3,,,,,,,,,,,,
NODE_ID,1,2,3,4,5,6,7,8,9,10,11,12,13
node_depth,0,1,1,2,2,2,2,3,3,3,3,3,3
node_type,root,func,func,term,func,func,func,term,term,term,term,term,term
node_label,+,/,/,a,+,*,+,c,b,b,c,b,b
node_parent,,1,1,2,2,3,3,5,5,6,6,7,7
node_arity,2,2,2,0,2,2,2,0,0,0,0,0,0
node_c1,2,4,6,,8,10,12,,,,,,
node_c2,3,5,7,,9,11,13,,,,,,
node_c3,,,,,,,,,,,,,
fitness,0.0,27,,,,,,,,,,,

TREE_ID,50,,
tree_type,f,,
tree_depth_base,1,,
NODE_ID,1,2,3
node_depth,0,1,1
node_type,root,term,term
node_label,*,b,a
node_parent,,1,1
node_arity,2,0,0
node_c1,2,,
node_c2,3,,
node_c3,,,
fitness,1.0,7,

TREE_ID,51,,,,
tree_type,f,,,,
tree_depth_base,1,,,,
NODE_ID,1,2,3,4,5
node_depth,0,1,1,2,2
node_type,root,func,term,term,term
node_label,*,+,c,b,c
node_parent,,1,1,2,2
node_arity,2,2,0,0,0
node_c1,2,4,,,
node_c2,3,5,,,
node_c3,,,,,
fitness,0.0,11,,,

TREE_ID,52,,,,,,,,
tree_type,g,,,,,,,,
tree_depth_base,1,,,,,,,,
NODE_ID,1,2,3,4,5,6,7,8,9
node_depth,0,1,1,2,2,3,3,3,3
node_type,root,term,func,func,func,term,term,term,term
node_label,+,b,+,-,*,b,a,a,a
node_parent,,1,1,3,3,4,4,5,5
node_arity,2,0,2,2,2,0,0,0,0
node_c1,2,,4,6,8,,,,
node_c2,3,,5,7,9,,,,
node_c3,,,,,,,,,
fitness,0.0,19,,,,,,,

TREE_ID,53,,,,
tree_type,f,,,,
tree_depth_base,1,,,,
NODE_ID,1,2,3,4,5
node_depth,0,1,1,2,2
node_type,root,term,func,term,term
node_label,*,b,-,b,a
node_parent,,1,1,3,3
node_arity,2,0,2,0,0
node_c1,2,,4,,
node_c2,3,,5,,
node_c3,,,,,
fitness,0.0,11,,,

TREE_ID,54,,,,,,
tree_type,g,,,,,,
tree_depth_base,1,,,,,,
NODE_ID,1,2,3,4,5,6,7
node_depth,0,1,1,2,2,3,3
node_type,root,term,func,term,func,term,term
node_label,+,c,+,a,*,a,a
node_parent,,1,1,3,3,5,5
node_arity,2,0,2,0,2,0,0
node_c1,2,,4,,6,,
node_c2,3,,5,,7,,
node_c3,,,,,,,
fitness,0.0,15,,,,,

TREE_ID,55,,,,,,
tree_type,f,,,,,,
tree_depth_base,2,,,,,,
NODE_ID,1,2,3,4,5,6,7
node_depth,0,1,1,2,2,2,2
node_type,root,func,func,term,term,term,term
node_label,*,+,*,b,a,b,a
node_parent,,1,1,2,2,3,3
node_arity,2,2,2,0,0,0,0
node_c1,2,4,6,,,,
node_c2,3,5,7,,,,
node_c3,,,,,,,
fitness,0.0,15,,,,,

TREE_ID,56,,,,,,
tree_type,g,,,,,,
tree_depth_base,1,,,,,,
NODE_ID,1,2,3,4,5,6,7
node_depth,0,1,1,2,2,3,3
node_type,root,term,func,func,term,term,term
node_label,+,c,+,-,b,b,a
node_parent,,1,1,3,3,4,4
node_arity,2,0,2,2,0,0,0
node_c1,2,,4,6,,,
node_c2,3,,5,7,,,
node_c3,,,,,,,
fitness,1.0,15,,,,,

TREE_ID,57,,
tree_type,f,,
tree_depth_base,1,,
NODE_ID,1,2,3
node_depth,0,1,1
node_type,root,term,term
node_label,/,a,a
node_parent,,1,1
node_arity,2,0,0
node_c1,2,,
node_c2,3,,
node_c3,,,
fitness,0.0,7,

TREE_ID,58,,,,,,,,
tree_type,g,,,,,,,,
tree_depth_base,1,,,,,,,,
NODE_ID,1,2,3,4,5,6,7,8,9
node_depth,0,1,1,2,2,3,3,3,3
node_type,root,term,func,func,func,term,term,term,term
node_label,+,c,+,-,*,b,a,a,b
node_parent,,1,1,3,3,4,4,5,5
node_arity,2,0,2,2,2,0,0,0,0
node_c1,2,,4,6,8,,,,
node_c2,3,,5,7,9,,,,
node_c3,,,,,,,,,
fitness,2.0,19,,,,,,,

TREE_ID,59,,,,,,
tree_type,f,,,,,,
tree_depth_base,1,,,,,,
NODE_ID,1,2,3,4,5,6,7
node_depth,0,1,1,2,2,3,3
node_type,root,func,term,term,func,term,term
node_label,*,/,b,b,+,a,c
node_parent,,1,1,2,2,5,5
node_arity,2,2,0,0,2,0,0
node_c1,2,4,,,6,,
node_c2,3,5,,,7,,
node_c3,,,,,,,
fitness,1.0,15,,,,,

TREE_ID,60,,
tree_type,f,,
tree_depth_base,1,,
NODE_ID,1,2,3
node_depth,0,1,1
node_type,root,term,term
node_label,*,c,b
node_parent,,1,1
node_arity,2,0,0
node_c1,2,,
node_c2,3,,
node_c3,,,
fitness,1.0,7,

TREE_ID,61,,,,,,,,
tree_type,g,,,,,,,,
tree_depth_base,1,,,,,,,,
NODE_ID,1,2,3,4,5,6,7,8,9
node_depth,0,1,1,2,2,3,3,3,3
node_type,root,term,func,func,func,term,term,term,term
node_label,+,c,+,-,*,b,a,a,c
node_parent,,1,1,3,3,4,4,5,5
node_arity,2,0,2,2,2,0,0,0,0
node_c1,2,,4,6,8,,,,
node_c2,3,,5,7,9,,,,
node_c3,,,,,,,,,
fitness,1.0,19,,,,,,,

TREE_ID,62,,,,,,,,
tree_type,g,,,,,,,,
tree_depth_base,1,,,,,,,,
NODE_ID,1,2,3,4,5,6,7,8,9
node_depth,0,1,1,2,2,3,3,3,3
node_type,root,term,func,func,func,term,term,term,term
node_label,+,a,+,-,*,b,a,a,a
node_parent,,1,1,3,3,4,4,5,5
node_arity,2,0,2,2,2,0,0,0,0
node_c1,2,,4,6,8,,,,
node_c2,3,,5,7,9,,,,
node_c3,,,,,,,,,
fitness,0.0,19,,,,,,,

TREE_ID,63,,,,,,,,,,
tree_type,f,,,,,,,,,,
tree_depth_base,3,,,,,,,,,,
NODE_ID,1,2,3,4,5,6,7,8,9,10,11
node_depth,0,1,1,2,2,2,2,3,3,3,3
node_type,root,func,func,func,func,term,term,term,term,term,term
node_label,+,+,+,*,+,b,b,a,a,b,b
node_parent,,1,1,2,2,3,3,4,4,5,5
node_arity,2,2,2,2,2,0,0,0,0,0,0
node_c1,2,4,6,8,10,,,,,,
node_c2,3,5,7,9,11,,,,,,
node_c3,,,,,,,,,,,
fitness,0.0,23,,,,,,,,,

TREE_ID,64,,
tree_type,f,,
tree_depth_base,1,,
NODE_ID,1,2,3
node_depth,0,1,1
node_type,root,term,term
node_label,*,c,a
node_parent,,1,1
node_arity,2,0,0
node_c1,2,,
node_c2,3,,
node_c3,,,
fitness,0.0,7,

TREE_ID,65,,
tree_type,f,,
tree_depth_base,1,,
NODE_ID,1,2,3
node_depth,0,1,1
node_type,root,term,term
node_label,*,c,b
node_parent,,1,1
node_arity,2,0,0
node_c1,2,,
node_c2,3,,
node_c3,,,
fitness,1.0,7,

TREE_ID,66,,,,,,,,
tree_type,g,,,,,,,,
tree_depth_base,3,,,,,,,,
NODE_ID,1,2,3,4,5,6,7,8,9
node_depth,0,1,1,2,2,2,2,3,3
node_type,root,func,func,term,func,term,term,term,term
node_label,-,/,*,c,/,c,b,c,a
node_parent,,1,1,2,2,3,3,5,5
node_arity,2,2,2,0,2,0,0,0,0
node_c1,2,4,6,,8,,,,
node_c2,3,5,7,,9,,,,
node_c3,,,,,,,,,
fitness,1.0,19,,,,,,,

TREE_ID,67,,,,
tree_type,g,,,,
tree_depth_base,2,,,,
NODE_ID,1,2,3,4,5
node_depth,0,1,1,2,2
node_type,root,term,func,term,term
node_label,*,b,/,c,b
node_parent,,1,1,3,3
node_arity,2,0,2,0,0
node_c1,2,,4,,
node_c2,3,,5,,
node_c3,,,,,
fitness,0.0,11,,,

TREE_ID,68,,,,
tree_type,g,,,,
tree_depth_base,2,,,,
NODE_ID,1,2,3,4,5
node_depth,0,1,1,2,2
node_type,root,term,func,term,term
node_label,*,a,/,c,a
node_parent,,1,1,3,3
node_arity,2,0,2,0,0
node_c1,2,,4,,
node_c2,3,,5,,
node_c3,,,,,
fitness,0.0,11,,,

TREE_ID,69,,
tree_type,g,,
tree_depth_base,2,,
NODE_ID,1,2,3
node_depth,0,1,1
node_type,root,term,term
node_label,+,c,a
node_parent,,1,1
node_arity,2,0,0
node_c1,2,,
node_c2,3,,
node_c3,,,
fitness,0.0,7,

TREE_ID,70,,,,,,,,
tree_type,g,,,,,,,,
tree_depth_base,1,,,,,,,,
NODE_ID,1,2,3,4,5,6,7,8,9
node_depth,0,1,1,2,2,3,3,3,3
node_type,root,term,func,func,func,term,term,term,term
node_label,+,c,+,-,*,b,a,c,a
node_parent,,1,1,3,3,4,4,5,5
node_arity,2,0,2,2,2,0,0,0,0
node_c1,2,,4,6,8,,,,
node_c2,3,,5,7,9,,,,
node_c3,,,,,,,,,
fitness,1.0,19,,,,,,,

TREE_ID,71,,,,
tree_type,g,,,,
tree_depth_base,2,,,,
NODE_ID,1,2,3,4,5
node_depth,0,1,1,2,2
node_type,root,term,func,term,term
node_label,*,b,-,b,a
node_parent,,1,1,3,3
node_arity,2,0,2,0,0
node_c1,2,,4,,
node_c2,3,,5,,
node_c3,,,,,
fitness,0.0,11,,,

TREE_ID,72,,,,,,
tree_type,g,,,,,,
tree_depth_base,1,,,,,,
NODE_ID,1,2,3,4,5,6,7
node_depth,0,1,1,2,2,3,3
node_type,root,term,func,term,func,term,term
node_label,+,c,+,c,*,a,a
node_parent,,1,1,3,3,5,5
node_arity,2,0,2,0,2,0,0
node_c1,2,,4,,6,,
node_c2,3,,5,,7,,
node_c3,,,,,,,
fitness,0.0,15,,,,,

TREE_ID,73,,
tree_type,g,,
tree_depth_base,2,,
NODE_ID,1,2,3
node_depth,0,1,1
node_type,root,term,term
node_label,+,c,a
node_parent,,1,1
node_arity,2,0,0
node_c1,2,,
node_c2,3,,
node_c3,,,
fitness,0.0,7,

TREE_ID,74,,,,
tree_type,f,,,,
tree_depth_base,2,,,,
NODE_ID,1,2,3,4,5
node_depth,0,1,1,2,2
node_type,root,func,term,term,term
node_label,*,+,b,b,c
node_parent,,1,1,2,2
node_arity,2,2,0,0,0
node_c1,2,4,,,
node_c2,3,5,,,
node_c3,,,,,
fitness,1.0,11,,,

TREE_ID,75,,,,,,,,,,
tree_type,g,,,,,,,,,,
tree_depth_base,3,,,,,,,,,,
NODE_ID,1,2,3,4,5,6,7,8,9,10,11
node_depth,0,1,1,2,2,2,2,3,3,3,3
node_type,root,func,func,term,func,term,func,term,term,term,term
node_label,+,/,/,a,+,c,+,c,c,c,b
node_parent,,1,1,2,2,3,3,5,5,7,7
node_arity,2,2,2,0,2,0,2,0,0,0,0
node_c1,2,4,6,,8,,10,,,,
node_c2,3,5,7,,9,,11,,,,
node_c3,,,,,,,,,,,
fitness,0.0,23,,,,,,,,,

TREE_ID,76,,,,,,
tree_type,g,,,,,,
tree_depth_base,1,,,,,,
NODE_ID,1,2,3,4,5,6,7
node_depth,0,1,1,2,2,3,3
node_type,root,term,func,func,term,term,term
node_label,+,c,+,-,a,b,a
node_parent,,1,1,3,3,4,4
node_arity,2,0,2,2,0,0,0
node_c1,2,,4,6,,,
node_c2,3,,5,7,,,
node_c3,,,,,,,
fitness,1.0,15,,,,,

TREE_ID,77,,,,,,,,
tree_type,g,,,,,,,,
tree_depth_base,1,,,,,,,,
NODE_ID,1,2,3,4,5,6,7,8,9
node_depth,0,1,1,2,2,3,3,3,3
node_type,root,term,func,func,func,term,term,term,term
node_label,+,a,+,-,*,b,a,a,a
node_parent,,1,1,3,3,4,4,5,5
node_arity,2,0,2,2,2,0,0,0,0
node_c1,2,,4,6,8,,,,
node_c2,3,,5,7,9,,,,
node_c3,,,,,,,,,
fitness,0.0,19,,,,,,,

TREE_ID,78,,,,
tree_type,g,,,,
tree_depth_base,2,,,,
NODE_ID,1,2,3,4,5
node_depth,0,1,1,2,2
node_type,root,term,func,term,term
node_label,*,b,/,c,c
node_parent,,1,1,3,3
node_arity,2,0,2,0,0
node_c1,2,,4,,
node_c2,3,,5,,
node_c3,,,,,
fitness,0.0,11,,,

TREE_ID,79,,,,,,
tree_type,g,,,,,,
tree_depth_base,1,,,,,,
NODE_ID,1,2,3,4,5,6,7
node_depth,0,1,1,2,2,3,3
node_type,root,term,func,term,func,term,term
node_label,+,c,+,b,*,a,a
node_parent,,1,1,3,3,5,5
node_arity,2,0,2,0,2,0,0
node_c1,2,,4,,6,,
node_c2,3,,5,,7,,
node_c3,,,,,,,
fitness,2.0,15,,,,,

TREE_ID,80,,,,,,,,,,,,,,
tree_type,f,,,,,,,,,,,,,,
tree_depth_base,3,,,,,,,,,,,,,,
NODE_ID,1,2,3,4,5,6,7,8,9,10,11,12,13,14,15
node_depth,0,1,1,2,2,2,2,3,3,3,3,3,3,3,3
node_type,root,func,func,func,func,func,func,term,term,term,term,term,term,term,term
node_label,+,+,*,*,+,/,-,a,b,a,b,b,a,b,a
node_parent,,1,1,2,2,3,3,4,4,5,5,6,6,7,7
node_arity,2,2,2,2,2,2,2,0,0,0,0,0,0,0,0
node_c1,2,4,6,8,10,12,14,,,,,,,,
node_c2,3,5,7,9,11,13,15,,,,,,,,
node_c3,,,,,,,,,,,,,,,
fitness,1.0,31,,,,,,,,,,,,,

TREE_ID,81,,,,,,,,
tree_type,g,,,,,,,,
tree_depth_base,1,,,,,,,,
NODE_ID,1,2,3,4,5,6,7,8,9
node_depth,0,1,1,2,2,3,3,3,3
node_type,root,term,func,func,func,term,term,term,term
node_label,+,c,+,-,*,b,a,a,a
node_parent,,1,1,3,3,4,4,5,5
node_arity,2,0,2,2,2,0,0,0,0
node_c1,2,,4,6,8,,,,
node_c2,3,,5,7,9,,,,
node_c3,,,,,,,,,
fitness,2.0,19,,,,,,,

TREE_ID,82,,
tree_type,g,,
tree_depth_base,1,,
NODE_ID,1,2,3
node_depth,0,1,1
node_type,root,term,term
node_label,*,b,b
node_parent,,1,1
node_arity,2,0,0
node_c1,2,,
node_c2,3,,
node_c3,,,
fitness,1.0,7,

TREE_ID,83,,,,,,,,
tree_type,g,,,,,,,,
tree_depth_base,3,,,,,,,,
NODE_ID,1,2,3,4,5,6,7,8,9
node_depth,0,1,1,2,2,2,2,3,3
node_type,root,func,func,term,func,term,term,term,term
node_label,-,/,*,c,/,c,c,c,a
node_parent,,1,1,2,2,3,3,5,5
node_arity,2,2,2,0,2,0,0,0,0
node_c1,2,4,6,,8,,,,
node_c2,3,5,7,,9,,,,
node_c3,,,,,,,,,
fitness,1.0,19,,,,,,,

TREE_ID,84,,,,
tree_type,f,,,,
tree_depth_base,1,,,,
NODE_ID,1,2,3,4,5
node_depth,0,1,1,2,2
node_type,root,term,func,term,term
node_label,*,a,+,c,c
node_parent,,1,1,3,3
node_arity,2,0,2,0,0
node_c1,2,,4,,
node_c2,3,,5,,
node_c3,,,,,
fitness,1.0,11,,,

TREE_ID,85,,,,,,,,,,,,
tree_type,f,,,,,,,,,,,,
tree_depth_base,3,,,,,,,,,,,,
NODE_ID,1,2,3,4,5,6,7,8,9,10,11,12,13
node_depth,0,1,1,2,2,2,2,3,3,3,3,3,3
node_type,root,func,func,term,func,func,func,term,term,term,term,term,term
node_label,*,-,/,b,+,-,+,b,c,b,c,a,a
node_parent,,1,1,2,2,3,3,5,5,6,6,7,7
node_arity,2,2,2,0,2,2,2,0,0,0,0,0,0
node_c1,2,4,6,,8,10,12,,,,,,
node_c2,3,5,7,,9,11,13,,,,,,
node_c3,,,,,,,,,,,,,
fitness,1.0,27,,,,,,,,,,,

TREE_ID,86,,,,
tree_type,f,,,,
tree_depth_base,1,,,,
NODE_ID,1,2,3,4,5
node_depth,0,1,1,2,2
node_type,root,term,func,term,term
node_label,*,c,*,a,a
node_parent,,1,1,3,3
node_arity,2,0,2,0,0
node_c1,2,,4,,
node_c2,3,,5,,
node_c3,,,,,
fitness,0.0,11,,,

TREE_ID,87,,
tree_type,f,,
tree_depth_base,1,,
NODE_ID,1,2,3
node_depth,0,1,1
node_type,root,term,term
node_label,*,b,a
node_parent,,1,1
node_arity,2,0,0
node_c1,2,,
node_c2,3,,
node_c3,,,
fitness,1.0,7,

TREE_ID,88,,
tree_type,f,,
tree_depth_base,1,,
NODE_ID,1,2,3
node_depth,0,1,1
node_type,root,term,term
node_label,*,b,a
node_parent,,1,1
node_arity,2,0,0
node_c1,2,,
node_c2,3,,
node_c3,,,
fitness,1.0,7,

TREE_ID,89,,,,,,,,
tree_type,g,,,,,,,,
tree_depth_base,3,,,,,,,,
NODE_ID,1,2,3,4,5,6,7,8,9
node_depth,0,1,1,2,2,2,2,3,3
node_type,root,func,func,term,func,term,term,term,term
node_label,-,/,*,b,/,c,c,c,a
node_parent,,1,1,2,2,3,3,5,5
node_arity,2,2,2,0,2,0,0,0,0
node_c1,2,4,6,,8,,,,
node_c2,3,5,7,,9,,,,
node_c3,,,,,,,,,
fitness,1.0,19,,,,,,,

TREE_ID,90,,,,
tree_type,g,,,,
tree_depth_base,2,,,,
NODE_ID,1,2,3,4,5
node_depth,0,1,1,2,2
node_type,root,term,func,term,term
node_label,*,c,/,c,a
node_parent,,1,1,3,3
node_arity,2,0,2,0,0
node_c1,2,,4,,
node_c2,3,,5,,
node_c3,,,,,
fitness,1.0,11,,,

TREE_ID,91,,
tree_type,f,,
tree_depth_base,2,,
NODE_ID,1,2,3
node_depth,0,1,1
node_type,root,term,term
node_label,*,b,b
node_parent,,1,1
node_arity,2,0,0
node_c1,2,,
node_c2,3,,
node_c3,,,
fitness,1.0,7,

TREE_ID,92,,,,,,,,,,,,
tree_type,g,,,,,,,,,,,,
tree_depth_base,3,,,,,,,,,,,,
NODE_ID,1,2,3,4,5,6,7,8,9,10,11,12,13
node_depth,0,1,1,2,2,2,2,3,3,3,3,3,3
node_type,root,func,func,func,func,term,func,term,term,term,term,term,term
node_label,/,*,+,*,+,b,+,c,a,b,c,a,c
node_parent,,1,1,2,2,3,3,4,4,5,5,7,7
node_arity,2,2,2,2,2,0,2,0,0,0,0,0,0
node_c1,2,4,6,8,10,,12,,,,,,
node_c2,3,5,7,9,11,,13,,,,,,
node_c3,,,,,,,,,,,,,
fitness,0.0,27,,,,,,,,,,,

TREE_ID,93,,
tree_type,g,,
tree_depth_base,3,,
NODE_ID,1,2,3
node_depth,0,1,1
node_type,root,term,term
node_label,*,c,a
node_parent,,1,1
node_arity,2,0,0
node_c1,2,,
node_c2,3,,
node_c3,,,
fitness,0.0,7,

TREE_ID,94,,
tree_type,g,,
tree_depth_base,3,,
NODE_ID,1,2,3
node_depth,0,1,1
node_type,root,term,term
node_label,*,b,b
node_parent,,1,1
node_arity,2,0,0
node_c1,2,,
node_c2,3,,
node_c3,,,
fitness,1.0,7,

TREE_ID,95,,,,
tree_type,g,,,,
tree_depth_base,3,,,,
NODE_ID,1,2,3,4,5
node_depth,0,1,1,2,2
node_type,root,func,term,term,term
node_label,+,/,a,a,c
node_parent,,1,1,2,2
node_arity,2,2,0,0,0
node_c1,2,4,,,
node_c2,3,5,,,
node_c3,,,,,
fitness,0.0,11,,,

TREE_ID,96,,,,,,,,,,
tree_type,f,,,,,,,,,,
tree_depth_base,1,,,,,,,,,,
NODE_ID,1,2,3,4,5,6,7,8,9,10,11
node_depth,0,1,1,2,2,2,2,3,3,3,3
node_type,root,func,func,func,func,term,term,term,term,term,term
node_label,*,/,+,*,+,c,c,b,c,a,b
node_parent,,1,1,2,2,3,3,4,4,5,5
node_arity,2,2,2,2,2,0,0,0,0,0,0
node_c1,2,4,6,8,10,,,,,,
node_c2,3,5,7,9,11,,,,,,
node_c3,,,,,,,,,,,
fitness,1.0,23,,,,,,,,,

TREE_ID,97,,,,
tree_type,g,,,,
tree_depth_base,3,,,,
NODE_ID,1,2,3,4,5
node_depth,0,1,1,2,2
node_type,root,func,term,term,term
node_label,*,+,b,c,b
node_parent,,1,1,2,2
node_arity,2,2,0,0,0
node_c1,2,4,,,
node_c2,3,5,,,
node_c3,,,,,
fitness,1.0,11,,,

TREE_ID,98,,,,,,,,,,
tree_type,g,,,,,,,,,,
tree_depth_base,3,,,,,,,,,,
NODE_ID,1,2,3,4,5,6,7,8,9,10,11
node_depth,0,1,1,2,2,2,2,3,3,3,3
node_type,root,func,func,term,term,func,func,term,term,term,term
node_label,+,/,/,a,b,*,+,b,c,a,b
node_parent,,1,1,2,2,3,3,6,6,7,7
node_arity,2,2,2,0,0,2,2,0,0,0,0
node_c1,2,4,6,,,8,10,,,,
node_c2,3,5,7,,,9,11,,,,
node_c3,,,,,,,,,,,
fitness,1.0,23,,,,,,,,,

TREE_ID,99,,
tree_type,f,,
tree_depth_base,1,,
NODE_ID,1,2,3
node_depth,0,1,1
node_type,root,term,term
node_label,*,b,c
node_parent,,1,1
node_arity,2,0,0
node_c1,2,,
node_c2,3,,
node_c3,,,
fitness,1.0,7,

TREE_ID,100,,,,
tree_type,g,,,,
tree_depth_base,2,,,,
NODE_ID,1,2,3,4,5
node_depth,0,1,1,2,2
node_type,root,term,func,term,term
node_label,*,b,/,b,a
node_parent,,1,1,3,3
node_arity,2,0,2,0,0
node_c1,2,,4,,
node_c2,3,,5,,
node_c3,,,,,
fitness,1.0,11,,,

Karoo GP by Kai Staats,Generation:,5

TREE_ID,1,,,,,,,,
tree_type,g,,,,,,,,
tree_depth_base,1,,,,,,,,
NODE_ID,1,2,3,4,5,6,7,8,9
node_depth,0,1,1,2,2,3,3,3,3
node_type,root,term,func,func,func,term,term,term,term
node_label,+,c,+,-,*,b,a,a,a
node_parent,,1,1,3,3,4,4,5,5
node_arity,2,0,2,2,2,0,0,0,0
node_c1,2,,4,6,8,,,,
node_c2,3,,5,7,9,,,,
node_c3,,,,,,,,,
fitness,2.0,19,,,,,,,

TREE_ID,2,,,,,,,,
tree_type,g,,,,,,,,
tree_depth_base,1,,,,,,,,
NODE_ID,1,2,3,4,5,6,7,8,9
node_depth,0,1,1,2,2,3,3,3,3
node_type,root,term,func,func,func,term,term,term,term
node_label,+,c,+,-,*,b,a,b,a
node_parent,,1,1,3,3,4,4,5,5
node_arity,2,0,2,2,2,0,0,0,0
node_c1,2,,4,6,8,,,,
node_c2,3,,5,7,9,,,,
node_c3,,,,,,,,,
fitness,2.0,19,,,,,,,

TREE_ID,3,,,,,,,,
tree_type,g,,,,,,,,
tree_depth_base,1,,,,,,,,
NODE_ID,1,2,3,4,5,6,7,8,9
node_depth,0,1,1,2,2,3,3,3,3
node_type,root,term,func,func,func,term,term,term,term
node_label,+,c,+,-,*,b,a,b,a
node_parent,,1,1,3,3,4,4,5,5
node_arity,2,0,2,2,2,0,0,0,0
node_c1,2,,4,6,8,,,,
node_c2,3,,5,7,9,,,,
node_c3,,,,,,,,,
fitness,2.0,19,,,,,,,

TREE_ID,4,,,,,,,,
tree_type,g,,,,,,,,
tree_depth_base,3,,,,,,,,
NODE_ID,1,2,3,4,5,6,7,8,9
node_depth,0,1,1,2,2,2,2,3,3
node_type,root,func,func,term,func,term,term,term,term
node_label,-,/,*,c,/,c,c,c,a
node_parent,,1,1,2,2,3,3,5,5
node_arity,2,2,2,0,2,0,0,0,0
node_c1,2,4,6,,8,,,,
node_c2,3,5,7,,9,,,,
node_c3,,,,,,,,,
fitness,1.0,19,,,,,,,

TREE_ID,5,,,,,,
tree_type,g,,,,,,
tree_depth_base,1,,,,,,
NODE_ID,1,2,3,4,5,6,7
node_depth,0,1,1,2,2,3,3
node_type,root,term,func,term,func,term,term
node_label,+,c,+,b,*,a,a
node_parent,,1,1,3,3,5,5
node_arity,2,0,2,0,2,0,0
node_c1,2,,4,,6,,
node_c2,3,,5,,7,,
node_c3,,,,,,,
fitness,2.0,15,,,,,

TREE_ID,6,,,,,,,,
tree_type,g,,,,,,,,
tree_depth_base,1,,,,,,,,
NODE_ID,1,2,3,4,5,6,7,8,9
node_depth,0,1,1,2,2,3,3,3,3
node_type,root,term,func,func,func,term,term,term,term
node_label,+,c,+,-,*,b,a,a,b
node_parent,,1,1,3,3,4,4,5,5
node_arity,2,0,2,2,2,0,0,0,0
node_c1,2,,4,6,8,,,,
node_c2,3,,5,7,9,,,,
node_c3,,,,,,,,,
fitness,2.0,19,,,,,,,

TREE_ID,7,,,,,,,,,,
tree_type,g,,,,,,,,,,
tree_depth_base,3,,,,,,,,,,
NODE_ID,1,2,3,4,5,6,7,8,9,10,11
node_depth,0,1,1,2,2,2,2,3,3,3,3
node_type,root,func,func,term,term,func,func,term,term,term,term
node_label,+,/,/,a,b,*,+,b,c,a,b
node_parent,,1,1,2,2,3,3,6,6,7,7
node_arity,2,2,2,0,0,2,2,0,0,0,0
node_c1,2,4,6,,,8,10,,,,
node_c2,3,5,7,,,9,11,,,,
node_c3,,,,,,,,,,,
fitness,1.0,23,,,,,,,,,

TREE_ID,8,,,,,,,,
tree_type,g,,,,,,,,
tree_depth_base,1,,,,,,,,
NODE_ID,1,2,3,4,5,6,7,8,9
node_depth,0,1,1,2,2,3,3,3,3
node_type,root,term,func,func,func,term,term,term,term
node_label,+,c,+,-,*,b,a,a,a
node_parent,,1,1,3,3,4,4,5,5
node_arity,2,0,2,2,2,0,0,0,0
node_c1,2,,4,6,8,,,,
node_c2,3,,5,7,9,,,,
node_c3,,,,,,,,,
fitness,2.0,19,,,,,,,

TREE_ID,9,,,,,,,,
tree_type,g,,,,,,,,
tree_depth_base,1,,,,,,,,
NODE_ID,1,2,3,4,5,6,7,8,9
node_depth,0,1,1,2,2,3,3,3,3
node_type,root,term,func,func,func,term,term,term,term
node_label,+,c,+,-,*,b,a,b,a
node_parent,,1,1,3,3,4,4,5,5
node_arity,2,0,2,2,2,0,0,0,0
node_c1,2,,4,6,8,,,,
node_c2,3,,5,7,9,,,,
node_c3,,,,,,,,,
fitness,2.0,19,,,,,,,

TREE_ID,10,,,,,,,,
tree_type,g,,,,,,,,
tree_depth_base,1,,,,,,,,
NODE_ID,1,2,3,4,5,6,7,8,9
node_depth,0,1,1,2,2,3,3,3,3
node_type,root,term,func,func,func,term,term,term,term
node_label,+,c,+,-,*,b,a,b,a
node_parent,,1,1,3,3,4,4,5,5
node_arity,2,0,2,2,2,0,0,0,0
node_c1,2,,4,6,8,,,,
node_c2,3,,5,7,9,,,,
node_c3,,,,,,,,,
fitness,2.0,19,,,,,,,

TREE_ID,11,,,,,,,,
tree_type,g,,,,,,,,
tree_depth_base,1,,,,,,,,
NODE_ID,1,2,3,4,5,6,7,8,9
node_depth,0,1,1,2,2,3,3,3,3
node_type,root,term,func,func,func,term,term,term,term
node_label,+,c,+,-,*,b,a,a,b
node_parent,,1,1,3,3,4,4,5,5
node_arity,2,0,2,2,2,0,0,0,0
node_c1,2,,4,6,8,,,,
node_c2,3,,5,7,9,,,,
node_c3,,,,,,,,,
fitness,2.0,19,,,,,,,

TREE_ID,12,,,,,,,,
tree_type,g,,,,,,,,
tree_depth_base,1,,,,,,,,
NODE_ID,1,2,3,4,5,6,7,8,9
node_depth,0,1,1,2,2,3,3,3,3
node_type,root,term,func,func,func,term,term,term,term
node_label,+,c,+,-,*,a,a,a,b
node_parent,,1,1,3,3,4,4,5,5
node_arity,2,0,2,2,2,0,0,0,0
node_c1,2,,4,6,8,,,,
node_c2,3,,5,7,9,,,,
node_c3,,,,,,,,,
fitness,0.0,19,,,,,,,

TREE_ID,13,,,,
tree_type,f,,,,
tree_depth_base,1,,,,
NODE_ID,1,2,3,4,5
node_depth,0,1,1,2,2
node_type,root,term,func,term,term
node_label,*,a,/,b,a
node_parent,,1,1,3,3
node_arity,2,0,2,0,0
node_c1,2,,4,,
node_c2,3,,5,,
node_c3,,,,,
fitness,0.0,11,,,

TREE_ID,14,,,,,,,,
tree_type,g,,,,,,,,
tree_depth_base,1,,,,,,,,
NODE_ID,1,2,3,4,5,6,7,8,9
node_depth,0,1,1,2,2,3,3,3,3
node_type,root,term,func,func,func,term,term,term,term
node_label,+,c,+,-,*,b,a,b,b
node_parent,,1,1,3,3,4,4,5,5
node_arity,2,0,2,2,2,0,0,0,0
node_c1,2,,4,6,8,,,,
node_c2,3,,5,7,9,,,,
node_c3,,,,,,,,,
fitness,0.0,19,,,,,,,

TREE_ID,15,,,,,,,,,,,,
tree_type,g,,,,,,,,,,,,
tree_depth_base,1,,,,,,,,,,,,
NODE_ID,1,2,3,4,5,6,7,8,9,10,11,12,13
node_depth,0,1,1,2,2,2,2,3,3,3,3,3,3
node_type,root,func,func,term,func,func,func,term,term,term,term,term,term
node_label,+,+,+,c,+,-,*,c,c,b,a,b,a
node_parent,,1,1,2,2,3,3,5,5,4,4,5,5
node_arity,2,2,2,0,2,2,2,0,0,0,0,0,0
node_c1,2,4,6,,8,10,12,,,,,,
node_c2,3,5,7,,9,11,13,,,,,,
node_c3,,,,,,,,,,,,,
fitness,0.0,27,,,,,,,,,,,

TREE_ID,16,,,,,,,,
tree_type,g,,,,,,,,
tree_depth_base,1,,,,,,,,
NODE_ID,1,2,3,4,5,6,7,8,9
node_depth,0,1,1,2,2,3,3,3,3
node_type,root,term,func,func,func,term,term,term,term
node_label,+,c,+,-,*,b,a,b,c
node_parent,,1,1,3,3,4,4,5,5
node_arity,2,0,2,2,2,0,0,0,0
node_c1,2,,4,6,8,,,,
node_c2,3,,5,7,9,,,,
node_c3,,,,,,,,,
fitness,0.0,19,,,,,,,

TREE_ID,17,,,,,,
tree_type,f,,,,,,
tree_depth_base,1,,,,,,
NODE_ID,1,2,3,4,5,6,7
node_depth,0,1,1,2,2,3,3
node_type,root,func,term,term,func,term,term
node_label,*,/,c,b,+,a,a
node_parent,,1,1,2,2,5,5
node_arity,2,2,0,0,2,0,0
node_c1,2,4,,,6,,
node_c2,3,5,,,7,,
node_c3,,,,,,,
fitness,1.0,15,,,,,

TREE_ID,18,,,,,,,,
tree_type,g,,,,,,,,
tree_depth_base,3,,,,,,,,
NODE_ID,1,2,3,4,5,6,7,8,9
node_depth,0,1,1,2,2,2,2,3,3
node_type,root,func,func,term,func,term,term,term,term
node_label,-,/,*,b,/,c,c,c,a
node_parent,,1,1,2,2,3,3,5,5
node_arity,2,2,2,0,2,0,0,0,0
node_c1,2,4,6,,8,,,,
node_c2,3,5,7,,9,,,,
node_c3,,,,,,,,,
fitness,1.0,19,,,,,,,

TREE_ID,19,,,,,,,,
tree_type,g,,,,,,,,
tree_depth_base,1,,,,,,,,
NODE_ID,1,2,3,4,5,6,7,8,9
node_depth,0,1,1,2,2,3,3,3,3
node_type,root,term,func,func,func,term,term,term,term
node_label,+,c,+,-,*,b,c,b,a
node_parent,,1,1,3,3,4,4,5,5
node_arity,2,0,2,2,2,0,0,0,0
node_c1,2,,4,6,8,,,,
node_c2,3,,5,7,9,,,,
node_c3,,,,,,,,,
fitness,1.0,19,,,,,,,

TREE_ID,20,,
tree_type,f,,
tree_depth_base,1,,
NODE_ID,1,2,3
node_depth,0,1,1
node_type,root,term,term
node_label,*,b,c
node_parent,,1,1
node_arity,2,0,0
node_c1,2,,
node_c2,3,,
node_c3,,,
fitness,1.0,7,

TREE_ID,21,,,,
tree_type,f,,,,
tree_depth_base,2,,,,
NODE_ID,1,2,3,4,5
node_depth,0,1,1,2,2
node_type,root,func,term,term,term
node_label,*,+,b,b,c
node_parent,,1,1,2,2
node_arity,2,2,0,0,0
node_c1,2,4,,,
node_c2,3,5,,,
node_c3,,,,,
fitness,1.0,11,,,

TREE_ID,22,,
tree_type,f,,
tree_depth_base,1,,
NODE_ID,1,2,3
node_depth,0,1,1
node_type,root,term,term
node_label,*,a,a
node_parent,,1,1
node_arity,2,0,0
node_c1,2,,
node_c2,3,,
node_c3,,,
fitness,0.0,7,

TREE_ID,23,,,,,,,,,,
tree_type,g,,,,,,,,,,
tree_depth_base,3,,,,,,,,,,
NODE_ID,1,2,3,4,5,6,7,8,9,10,11
node_depth,0,1,1,2,2,2,2,3,3,3,3
node_type,root,func,func,term,term,func,func,term,term,term,term
node_label,+,/,/,a,b,*,+,b,b,a,b
node_parent,,1,1,2,2,3,3,6,6,7,7
node_arity,2,2,2,0,0,2,2,0,0,0,0
node_c1,2,4,6,,,8,10,,,,
node_c2,3,5,7,,,9,11,,,,
node_c3,,,,,,,,,,,
fitness,1.0,23,,,,,,,,,

TREE_ID,24,,,,,,
tree_type,f,,,,,,
tree_depth_base,1,,,,,,
NODE_ID,1,2,3,4,5,6,7
node_depth,0,1,1,2,2,3,3
node_type,root,func,term,term,func,term,term
node_label,*,/,c,b,+,a,c
node_parent,,1,1,2,2,5,5
node_arity,2,2,0,0,2,0,0
node_c1,2,4,,,6,,
node_c2,3,5,,,7,,
node_c3,,,,,,,
fitness,1.0,15,,,,,

TREE_ID,25,,,,,,,,
tree_type,g,,,,,,,,
tree_depth_base,1,,,,,,,,
NODE_ID,1,2,3,4,5,6,7,8,9
node_depth,0,1,1,2,2,3,3,3,3
node_type,root,term,func,func,func,term,term,term,term
node_label,+,c,+,-,*,b,a,c,b
node_parent,,1,1,3,3,4,4,5,5
node_arity,2,0,2,2,2,0,0,0,0
node_c1,2,,4,6,8,,,,
node_c2,3,,5,7,9,,,,
node_c3,,,,,,,,,
fitness,0.0,19,,,,,,,

TREE_ID,26,,,,,,
tree_type,f,,,,,,
tree_depth_base,1,,,,,,
NODE_ID,1,2,3,4,5,6,7
node_depth,0,1,1,2,2,3,3
node_type,root,func,term,term,func,term,term
node_label,*,/,a,b,+,a,c
node_parent,,1,1,2,2,5,5
node_arity,2,2,0,0,2,0,0
node_c1,2,4,,,6,,
node_c2,3,5,,,7,,
node_c3,,,,,,,
fitness,1.0,15,,,,,

TREE_ID,27,,,,,,
tree_type,g,,,,,,
tree_depth_base,1,,,,,,
NODE_ID,1,2,3,4,5,6,7
node_depth,0,1,1,2,2,3,3
node_type,root,term,func,term,func,term,term
node_label,+,c,+,c,*,b,a
node_parent,,1,1,3,3,5,5
node_arity,2,0,2,0,2,0,0
node_c1,2,,4,,6,,
node_c2,3,,5,,7,,
node_c3,,,,,,,
fitness,0.0,15,,,,,

TREE_ID,28,,
tree_type,g,,
tree_depth_base,1,,
NODE_ID,1,2,3
node_depth,0,1,1
node_type,root,term,term
node_label,+,c,a
node_parent,,1,1
node_arity,2,0,0
node_c1,2,,
node_c2,3,,
node_c3,,,
fitness,0.0,7,

TREE_ID,29,,,,,,,,
tree_type,g,,,,,,,,
tree_depth_base,1,,,,,,,,
NODE_ID,1,2,3,4,5,6,7,8,9
node_depth,0,1,1,2,2,3,3,3,3
node_type,root,term,func,func,func,term,term,term,term
node_label,+,c,/,*,-,a,b,c,a
node_parent,,1,1,3,3,4,4,5,5
node_arity,2,0,2,2,2,0,0,0,0
node_c1,2,,4,6,8,,,,
node_c2,3,,5,7,9,,,,
node_c3,,,,,,,,,
fitness,0.0,19,,,,,,,

TREE_ID,30,,,,,,,,
tree_type,g,,,,,,,,
tree_depth_base,1,,,,,,,,
NODE_ID,1,2,3,4,5,6,7,8,9
node_depth,0,1,1,2,2,3,3,3,3
node_type,root,term,func,func,func,term,term,term,term
node_label,*,a,*,*,-,b,c,b,a
node_parent,,1,1,3,3,4,4,5,5
node_arity,2,0,2,2,2,0,0,0,0
node_c1,2,,4,6,8,,,,
node_c2,3,,5,7,9,,,,
node_c3,,,,,,,,,
fitness,0.0,19,,,,,,,

TREE_ID,31,,,,,,
tree_type,g,,,,,,
tree_depth_base,1,,,,,,
NODE_ID,1,2,3,4,5,6,7
node_depth,0,1,1,2,2,3,3
node_type,root,term,func,func,term,term,term
node_label,+,c,+,-,b,b,a
node_parent,,1,1,3,3,4,4
node_arity,2,0,2,2,0,0,0
node_c1,2,,4,6,,,
node_c2,3,,5,7,,,
node_c3,,,,,,,
fitness,1.0,15,,,,,

TREE_ID,32,,,,,,
tree_type,g,,,,,,
tree_depth_base,3,,,,,,
NODE_ID,1,2,3,4,5,6,7
node_depth,0,1,1,2,2,2,2
node_type,root,func,func,term,term,term,term
node_label,*,+,*,c,b,b,a
node_parent,,1,1,2,2,3,3
node_arity,2,2,2,0,0,0,0
node_c1,2,4,6,,,,
node_c2,3,5,7,,,,
node_c3,,,,,,,
fitness,0.0,15,,,,,

TREE_ID,33,,,,,,
tree_type,f,,,,,,
tree_depth_base,1,,,,,,
NODE_ID,1,2,3,4,5,6,7
node_depth,0,1,1,2,2,3,3
node_type,root,func,term,term,func,term,term
node_label,*,/,b,b,+,a,c
node_parent,,1,1,2,2,5,5
node_arity,2,2,0,0,2,0,0
node_c1,2,4,,,6,,
node_c2,3,5,,,7,,
node_c3,,,,,,,
fitness,1.0,15,,,,,

TREE_ID,34,,
tree_type,f,,
tree_depth_base,1,,
NODE_ID,1,2,3
node_depth,0,1,1
node_type,root,term,term
node_label,*,b,a
node_parent,,1,1
node_arity,2,0,0
node_c1,2,,
node_c2,3,,
node_c3,,,
fitness,1.0,7,

TREE_ID,35,,,,,,,,
tree_type,g,,,,,,,,
tree_depth_base,1,,,,,,,,
NODE_ID,1,2,3,4,5,6,7,8,9
node_depth,0,1,1,2,2,3,3,3,3
node_type,root,term,func,func,func,term,term,term,term
node_label,+,c,+,-,*,b,c,b,a
node_parent,,1,1,3,3,4,4,5,5
node_arity,2,0,2,2,2,0,0,0,0
node_c1,2,,4,6,8,,,,
node_c2,3,,5,7,9,,,,
node_c3,,,,,,,,,
fitness,1.0,19,,,,,,,

TREE_ID,36,,,,,,,,
tree_type,g,,,,,,,,
tree_depth_base,2,,,,,,,,
NODE_ID,1,2,3,4,5,6,7,8,9
node_depth,0,1,1,2,2,3,3,3,3
node_type,root,func,term,func,func,term,term,term,term
node_label,*,/,c,*,+,b,a,a,a
node_parent,,1,1,2,2,4,4,5,5
node_arity,2,2,0,2,2,0,0,0,0
node_c1,2,4,,6,8,,,,
node_c2,3,5,,7,9,,,,
node_c3,,,,,,,,,
fitness,0.0,19,,,,,,,

TREE_ID,37,,
tree_type,g,,
tree_depth_base,3,,
NODE_ID,1,2,3
node_depth,0,1,1
node_type,root,term,term
node_label,*,b,a
node_parent,,1,1
node_arity,2,0,0
node_c1,2,,
node_c2,3,,
node_c3,,,
fitness,1.0,7,

TREE_ID,38,,,,
tree_type,f,,,,
tree_depth_base,1,,,,
NODE_ID,1,2,3,4,5
node_depth,0,1,1,2,2
node_type,root,term,func,term,term
node_label,*,b,+,c,c
node_parent,,1,1,3,3
node_arity,2,0,2,0,0
node_c1,2,,4,,
node_c2,3,,5,,
node_c3,,,,,
fitness,0.0,11,,,

TREE_ID,39,,,,,,,,,,,,
tree_type,f,,,,,,,,,,,,
tree_depth_base,3,,,,,,,,,,,,
NODE_ID,1,2,3,4,5,6,7,8,9,10,11,12,13
node_depth,0,1,1,2,2,2,2,3,3,3,3,3,3
node_type,root,func,func,term,func,func,func,term,term,term,term,term,term
node_label,*,-,/,b,+,-,+,b,c,b,c,a,a
node_parent,,1,1,2,2,3,3,5,5,6,6,7,7
node_arity,2,2,2,0,2,2,2,0,0,0,0,0,0
node_c1,2,4,6,,8,10,12,,,,,,
node_c2,3,5,7,,9,11,13,,,,,,
node_c3,,,,,,,,,,,,,
fitness,1.0,27,,,,,,,,,,,

TREE_ID,40,,,,
tree_type,g,,,,
tree_depth_base,2,,,,
NODE_ID,1,2,3,4,5
node_depth,0,1,1,2,2
node_type,root,term,func,term,term
node_label,*,b,/,b,a
node_parent,,1,1,3,3
node_arity,2,0,2,0,0
node_c1,2,,4,,
node_c2,3,,5,,
node_c3,,,,,
fitness,1.0,11,,,

TREE_ID,41,,,,,,
tree_type,g,,,,,,
tree_depth_base,3,,,,,,
NODE_ID,1,2,3,4,5,6,7
node_depth,0,1,1,2,2,3,3
node_type,root,term,func,term,func,term,term
node_label,/,c,+,b,+,a,b
node_parent,,1,1,3,3,7,7
node_arity,2,0,2,0,2,0,0
node_c1,2,,4,,6,,
node_c2,3,,5,,7,,
node_c3,,,,,,,
fitness,1.0,15,,,,,

TREE_ID,42,,,,,,
tree_type,f,,,,,,
tree_depth_base,1,,,,,,
NODE_ID,1,2,3,4,5,6,7
node_depth,0,1,1,2,2,3,3
node_type,root,func,term,func,term,term,term
node_label,*,*,b,*,b,c,a
node_parent,,1,1,2,2,4,4
node_arity,2,2,0,2,0,0,0
node_c1,2,4,,6,,,
node_c2,3,5,,7,,,
node_c3,,,,,,,
fitness,0.0,15,,,,,

TREE_ID,43,,,,,,,,
tree_type,g,,,,,,,,
tree_depth_base,1,,,,,,,,
NODE_ID,1,2,3,4,5,6,7,8,9
node_depth,0,1,1,2,2,3,3,3,3
node_type,root,term,func,func,func,term,term,term,term
node_label,+,c,+,-,*,b,b,b,a
node_parent,,1,1,3,3,4,4,5,5
node_arity,2,0,2,2,2,0,0,0,0
node_c1,2,,4,6,8,,,,
node_c2,3,,5,7,9,,,,
node_c3,,,,,,,,,
fitness,0.0,19,,,,,,,

TREE_ID,44,,,,
tree_type,g,,,,
tree_depth_base,3,,,,
NODE_ID,1,2,3,4,5
node_depth,0,1,1,2,2
node_type,root,func,term,term,term
node_label,*,+,a,c,b
node_parent,,1,1,2,2
node_arity,2,2,0,0,0
node_c1,2,4,,,
node_c2,3,5,,,
node_c3,,,,,
fitness,0.0,11,,,

TREE_ID,45,,
tree_type,f,,
tree_depth_base,1,,
NODE_ID,1,2,3
node_depth,0,1,1
node_type,root,term,term
node_label,/,c,a
node_parent,,1,1
node_arity,2,0,0
node_c1,2,,
node_c2,3,,
node_c3,,,
fitness,1.0,7,

TREE_ID,46,,,,,,,,
tree_type,g,,,,,,,,
tree_depth_base,1,,,,,,,,
NODE_ID,1,2,3,4,5,6,7,8,9
node_depth,0,1,1,2,2,3,3,3,3
node_type,root,term,func,func,func,term,term,term,term
node_label,+,b,+,-,*,b,a,a,b
node_parent,,1,1,3,3,4,4,5,5
node_arity,2,0,2,2,2,0,0,0,0
node_c1,2,,4,6,8,,,,
node_c2,3,,5,7,9,,,,
node_c3,,,,,,,,,
fitness,0.0,19,,,,,,,

TREE_ID,47,,,,,,
tree_type,f,,,,,,
tree_depth_base,1,,,,,,
NODE_ID,1,2,3,4,5,6,7
node_depth,0,1,1,2,2,2,2
node_type,root,func,func,term,term,term,term
node_label,*,-,+,b,a,c,c
node_parent,,1,1,2,2,3,3
node_arity,2,2,2,0,0,0,0
node_c1,2,4,6,,,,
node_c2,3,5,7,,,,
node_c3,,,,,,,
fitness,1.0,15,,,,,

TREE_ID,48,,,,,,
tree_type,g,,,,,,
tree_depth_base,1,,,,,,
NODE_ID,1,2,3,4,5,6,7
node_depth,0,1,1,2,2,3,3
node_type,root,term,func,term,func,term,term
node_label,+,c,+,a,*,a,b
node_parent,,1,1,3,3,5,5
node_arity,2,0,2,0,2,0,0
node_c1,2,,4,,6,,
node_c2,3,,5,,7,,
node_c3,,,,,,,
fitness,1.0,15,,,,,

TREE_ID,49,,,,,,,,
tree_type,g,,,,,,,,
tree_depth_base,1,,,,,,,,
NODE_ID,1,2,3,4,5,6,7,8,9
node_depth,0,1,1,2,2,3,3,3,3
node_type,root,term,func,func,func,term,term,term,term
node_label,+,c,+,-,*,b,a,a,a
node_parent,,1,1,3,3,4,4,5,5
node_arity,2,0,2,2,2,0,0,0,0
node_c1,2,,4,6,8,,,,
node_c2,3,,5,7,9,,,,
node_c3,,,,,,,,,
fitness,2.0,19,,,,,,,

TREE_ID,50,,,,,,,,
tree_type,g,,,,,,,,
tree_depth_base,1,,,,,,,,
NODE_ID,1,2,3,4,5,6,7,8,9
node_depth,0,1,1,2,2,3,3,3,3
node_type,root,term,func,func,func,term,term,term,term
node_label,+,c,+,-,*,b,a,b,a
node_parent,,1,1,3,3,4,4,5,5
node_arity,2,0,2,2,2,0,0,0,0
node_c1,2,,4,6,8,,,,
node_c2,3,,5,7,9,,,,
node_c3,,,,,,,,,
fitness,2.0,19,,,,,,,

TREE_ID,51,,,,
tree_type,g,,,,
tree_depth_base,3,,,,
NODE_ID,1,2,3,4,5
node_depth,0,1,1,2,2
node_type,root,term,func,term,term
node_label,-,b,*,c,c
node_parent,,1,1,3,3
node_arity,2,0,2,0,0
node_c1,2,,4,,
node_c2,3,,5,,
node_c3,,,,,
fitness,0.0,11,,,

TREE_ID,52,,,,,,
tree_type,f,,,,,,
tree_depth_base,2,,,,,,
NODE_ID,1,2,3,4,5,6,7
node_depth,0,1,1,2,2,3,3
node_type,root,func,term,term,func,term,term
node_label,*,/,b,b,/,c,a
node_parent,,1,1,2,2,5,5
node_arity,2,2,0,0,2,0,0
node_c1,2,4,,,6,,
node_c2,3,5,,,7,,
node_c3,,,,,,,
fitness,1.0,15,,,,,

TREE_ID,53,,,,,,
tree_type,g,,,,,,
tree_depth_base,1,,,,,,
NODE_ID,1,2,3,4,5,6,7
node_depth,0,1,1,2,2,3,3
node_type,root,term,func,term,func,term,term
node_label,+,c,+,a,*,b,a
node_parent,,1,1,3,3,5,5
node_arity,2,0,2,0,2,0,0
node_c1,2,,4,,6,,
node_c2,3,,5,,7,,
node_c3,,,,,,,
fitness,1.0,15,,,,,

TREE_ID,54,,,,,,,,
tree_type,g,,,,,,,,
tree_depth_base,1,,,,,,,,
NODE_ID,1,2,3,4,5,6,7,8,9
node_depth,0,1,1,2,2,3,3,3,3
node_type,root,term,func,func,func,term,term,term,term
node_label,+,c,+,-,*,b,b,c,a
node_parent,,1,1,3,3,4,4,5,5
node_arity,2,0,2,2,2,0,0,0,0
node_c1,2,,4,6,8,,,,
node_c2,3,,5,7,9,,,,
node_c3,,,,,,,,,
fitness,1.0,19,,,,,,,

TREE_ID,55,,,,,,,,
tree_type,g,,,,,,,,
tree_depth_base,1,,,,,,,,
NODE_ID,1,2,3,4,5,6,7,8,9
node_depth,0,1,1,2,2,3,3,3,3
node_type,root,term,func,func,func,term,term,term,term
node_label,+,c,+,-,*,b,a,a,a
node_parent,,1,1,3,3,4,4,5,5
node_arity,2,0,2,2,2,0,0,0,0
node_c1,2,,4,6,8,,,,
node_c2,3,,5,7,9,,,,
node_c3,,,,,,,,,
fitness,2.0,19,,,,,,,

TREE_ID,56,,,,,,,,
tree_type,g,,,,,,,,
tree_depth_base,1,,,,,,,,
NODE_ID,1,2,3,4,5,6,7,8,9
node_depth,0,1,1,2,2,3,3,3,3
node_type,root,term,func,func,func,term,term,term,term
node_label,+,c,+,-,*,b,a,b,b
node_parent,,1,1,3,3,4,4,5,5
node_arity,2,0,2,2,2,0,0,0,0
node_c1,2,,4,6,8,,,,
node_c2,3,,5,7,9,,,,
node_c3,,,,,,,,,
fitness,0.0,19,,,,,,,

TREE_ID,57,,
tree_type,g,,
tree_depth_base,1,,
NODE_ID,1,2,3
node_depth,0,1,1
node_type,root,term,term
node_label,+,c,b
node_parent,,1,1
node_arity,2,0,0
node_c1,2,,
node_c2,3,,
node_c3,,,
fitness,1.0,7,

TREE_ID,58,,,,,,,,
tree_type,f,,,,,,,,
tree_depth_base,1,,,,,,,,
NODE_ID,1,2,3,4,5,6,7,8,9
node_depth,0,1,1,2,2,3,3,3,3
node_type,root,func,term,func,func,term,term,term,term
node_label,*,+,a,-,*,b,a,b,a
node_parent,,1,1,2,2,4,4,5,5
node_arity,2,2,0,2,2,0,0,0,0
node_c1,2,4,,6,8,,,,
node_c2,3,5,,7,9,,,,
node_c3,,,,,,,,,
fitness,0.0,19,,,,,,,

TREE_ID,59,,,,
tree_type,g,,,,
tree_depth_base,1,,,,
NODE_ID,1,2,3,4,5
node_depth,0,1,1,2,2
node_type,root,term,func,term,term
node_label,+,c,+,b,a
node_parent,,1,1,3,3
node_arity,2,0,2,0,0
node_c1,2,,4,,
node_c2,3,,5,,
node_c3,,,,,
fitness,10.0,11,,,

TREE_ID,60,,,,,,,,
tree_type,g,,,,,,,,
tree_depth_base,1,,,,,,,,
NODE_ID,1,2,3,4,5,6,7,8,9
node_depth,0,1,1,2,2,3,3,3,3
node_type,root,term,func,func,func,term,term,term,term
node_label,+,c,+,-,*,b,a,b,a
node_parent,,1,1,3,3,4,4,5,5
node_arity,2,0,2,2,2,0,0,0,0
node_c1,2,,4,6,8,,,,
node_c2,3,,5,7,9,,,,
node_c3,,,,,,,,,
fitness,2.0,19,,,,,,,

TREE_ID,61,,,,,,,,
tree_type,g,,,,,,,,
tree_depth_base,1,,,,,,,,
NODE_ID,1,2,3,4,5,6,7,8,9
node_depth,0,1,1,2,2,3,3,3,3
node_type,root,term,func,func,func,term,term,term,term
node_label,+,c,+,-,*,b,a,c,a
node_parent,,1,1,3,3,4,4,5,5
node_arity,2,0,2,2,2,0,0,0,0
node_c1,2,,4,6,8,,,,
node_c2,3,,5,7,9,,,,
node_c3,,,,,,,,,
fitness,1.0,19,,,,,,,

TREE_ID,62,,,,,,,,
tree_type,g,,,,,,,,
tree_depth_base,1,,,,,,,,
NODE_ID,1,2,3,4,5,6,7,8,9
node_depth,0,1,1,2,2,3,3,3,3
node_type,root,term,func,func,func,term,term,term,term
node_label,+,c,+,-,*,b,a,b,a
node_parent,,1,1,3,3,4,4,5,5
node_arity,2,0,2,2,2,0,0,0,0
node_c1,2,,4,6,8,,,,
node_c2,3,,5,7,9,,,,
node_c3,,,,,,,,,
fitness,2.0,19,,,,,,,

TREE_ID,63,,,,,,,,
tree_type,g,,,,,,,,
tree_depth_base,1,,,,,,,,
NODE_ID,1,2,3,4,5,6,7,8,9
node_depth,0,1,1,2,2,3,3,3,3
node_type,root,term,func,func,func,term,term,term,term
node_label,+,c,+,-,*,b,a,c,a
node_parent,,1,1,3,3,4,4,5,5
node_arity,2,0,2,2,2,0,0,0,0
node_c1,2,,4,6,8,,,,
node_c2,3,,5,7,9,,,,
node_c3,,,,,,,,,
fitness,1.0,19,,,,,,,

TREE_ID,64,,,,,,,,
tree_type,g,,,,,,,,
tree_depth_base,1,,,,,,,,
NODE_ID,1,2,3,4,5,6,7,8,9
node_depth,0,1,1,2,2,3,3,3,3
node_type,root,term,func,func,func,term,term,term,term
node_label,+,c,+,-,*,b,a,b,a
node_parent,,1,1,3,3,4,4,5,5
node_arity,2,0,2,2,2,0,0,0,0
node_c1,2,,4,6,8,,,,
node_c2,3,,5,7,9,,,,
node_c3,,,,,,,,,
fitness,2.0,19,,,,,,,

TREE_ID,65,,,,,,,,
tree_type,g,,,,,,,,
tree_depth_base,1,,,,,,,,
NODE_ID,1,2,3,4,5,6,7,8,9
node_depth,0,1,1,2,2,3,3,3,3
node_type,root,term,func,func,func,term,term,term,term
node_label,+,c,+,-,*,b,c,b,a
node_parent,,1,1,3,3,4,4,5,5
node_arity,2,0,2,2,2,0,0,0,0
node_c1,2,,4,6,8,,,,
node_c2,3,,5,7,9,,,,
node_c3,,,,,,,,,
fitness,1.0,19,,,,,,,

TREE_ID,66,,,,,,,,
tree_type,g,,,,,,,,
tree_depth_base,3,,,,,,,,
NODE_ID,1,2,3,4,5,6,7,8,9
node_depth,0,1,1,2,2,2,2,3,3
node_type,root,func,func,term,func,term,term,term,term
node_label,-,/,*,c,/,a,c,c,a
node_parent,,1,1,2,2,3,3,5,5
node_arity,2,2,2,0,2,0,0,0,0
node_c1,2,4,6,,8,,,,
node_c2,3,5,7,,9,,,,
node_c3,,,,,,,,,
fitness,1.0,19,,,,,,,

TREE_ID,67,,
tree_type,f,,
tree_depth_base,1,,
NODE_ID,1,2,3
node_depth,0,1,1
node_type,root,term,term
node_label,/,b,a
node_parent,,1,1
node_arity,2,0,0
node_c1,2,,
node_c2,3,,
node_c3,,,
fitness,1.0,7,

TREE_ID,68,,,,,,
tree_type,g,,,,,,
tree_depth_base,1,,,,,,
NODE_ID,1,2,3,4,5,6,7
node_depth,0,1,1,2,2,3,3
node_type,root,term,func,term,func,term,term
node_label,+,c,+,b,*,a,a
node_parent,,1,1,3,3,5,5
node_arity,2,0,2,0,2,0,0
node_c1,2,,4,,6,,
node_c2,3,,5,,7,,
node_c3,,,,,,,
fitness,2.0,15,,,,,

TREE_ID,69,,
tree_type,g,,
tree_depth_base,1,,
NODE_ID,1,2,3
node_depth,0,1,1
node_type,root,term,term
node_label,+,c,b
node_parent,,1,1
node_arity,2,0,0
node_c1,2,,
node_c2,3,,
node_c3,,,
fitness,1.0,7,

TREE_ID,70,,,,,,,,
tree_type,g,,,,,,,,
tree_depth_base,1,,,,,,,,
NODE_ID,1,2,3,4,5,6,7,8,9
node_depth,0,1,1,2,2,3,3,3,3
node_type,root,term,func,func,func,term,term,term,term
node_label,+,c,+,-,*,b,a,a,a
node_parent,,1,1,3,3,4,4,5,5
node_arity,2,0,2,2,2,0,0,0,0
node_c1,2,,4,6,8,,,,
node_c2,3,,5,7,9,,,,
node_c3,,,,,,,,,
fitness,2.0,19,,,,,,,

TREE_ID,71,,
tree_type,f,,
tree_depth_base,1,,
NODE_ID,1,2,3
node_depth,0,1,1
node_type,root,term,term
node_label,*,b,b
node_parent,,1,1
node_arity,2,0,0
node_c1,2,,
node_c2,3,,
node_c3,,,
fitness,1.0,7,

TREE_ID,72,,
tree_type,g,,
tree_depth_base,2,,
NODE_ID,1,2,3
node_depth,0,1,1
node_type,root,term,term
node_label,*,b,b
node_parent,,1,1
node_arity,2,0,0
node_c1,2,,
node_c2,3,,
node_c3,,,
fitness,1.0,7,

TREE_ID,73,,
tree_type,g,,
tree_depth_base,1,,
NODE_ID,1,2,3
node_depth,0,1,1
node_type,root,term,term
node_label,+,c,c
node_parent,,1,1
node_arity,2,0,0
node_c1,2,,
node_c2,3,,
node_c3,,,
fitness,1.0,7,

TREE_ID,74,,,,,,,,,,
tree_type,f,,,,,,,,,,
tree_depth_base,1,,,,,,,,,,
NODE_ID,1,2,3,4,5,6,7,8,9,10,11
node_depth,0,1,1,2,2,2,2,3,3,3,3
node_type,root,func,func,term,func,term,func,term,term,term,term
node_label,*,/,+,b,+,b,*,a,c,a,a
node_parent,,1,1,2,2,3,3,5,5,7,7
node_arity,2,2,2,0,2,0,2,0,0,0,0
node_c1,2,4,6,,8,,10,,,,
node_c2,3,5,7,,9,,11,,,,
node_c3,,,,,,,,,,,
fitness,1.0,23,,,,,,,,,

TREE_ID,75,,,,
tree_type,g,,,,
tree_depth_base,3,,,,
NODE_ID,1,2,3,4,5
node_depth,0,1,1,2,2
node_type,root,term,func,term,term
node_label,-,b,*,c,c
node_parent,,1,1,3,3
node_arity,2,0,2,0,0
node_c1,2,,4,,
node_c2,3,,5,,
node_c3,,,,,
fitness,0.0,11,,,

TREE_ID,76,,,,,,
tree_type,g,,,,,,
tree_depth_base,2,,,,,,
NODE_ID,1,2,3,4,5,6,7
node_depth,0,1,1,2,2,3,3
node_type,root,term,func,term,func,term,term
node_label,*,b,/,b,/,c,a
node_parent,,1,1,3,3,5,5
node_arity,2,0,2,0,2,0,0
node_c1,2,,4,,6,,
node_c2,3,,5,,7,,
node_c3,,,,,,,
fitness,1.0,15,,,,,

TREE_ID,77,,,,,,,,
tree_type,g,,,,,,,,
tree_depth_base,1,,,,,,,,
NODE_ID,1,2,3,4,5,6,7,8,9
node_depth,0,1,1,2,2,3,3,3,3
node_type,root,term,func,func,func,term,term,term,term
node_label,+,c,+,-,*,b,b,b,a
node_parent,,1,1,3,3,4,4,5,5
node_arity,2,0,2,2,2,0,0,0,0
node_c1,2,,4,6,8,,,,
node_c2,3,,5,7,9,,,,
node_c3,,,,,,,,,
fitness,0.0,19,,,,,,,

TREE_ID,78,,
tree_type,f,,
tree_depth_base,1,,
NODE_ID,1,2,3
node_depth,0,1,1
node_type,root,term,term
node_label,*,a,a
node_parent,,1,1
node_arity,2,0,0
node_c1,2,,
node_c2,3,,
node_c3,,,
fitness,0.0,7,

TREE_ID,79,,
tree_type,f,,
tree_depth_base,1,,
NODE_ID,1,2,3
node_depth,0,1,1
node_type,root,term,term
node_label,*,a,a
node_parent,,1,1
node_arity,2,0,0
node_c1,2,,
node_c2,3,,
node_c3,,,
fitness,0.0,7,

TREE_ID,80,,,,,,,,,,
tree_type,g,,,,,,,,,,
tree_depth_base,3,,,,,,,,,,
NODE_ID,1,2,3,4,5,6,7,8,9,10,11
node_depth,0,1,1,2,2,2,2,3,3,3,3
node_type,root,func,func,func,term,term,func,term,term,term,term
node_label,/,*,+,*,b,b,+,c,b,a,b
node_parent,,1,1,2,2,3,3,4,4,7,7
node_arity,2,2,2,2,0,0,2,0,0,0,0
node_c1,2,4,6,8,,,10,,,,
node_c2,3,5,7,9,,,11,,,,
node_c3,,,,,,,,,,,
fitness,1.0,23,,,,,,,,,

TREE_ID,81,,
tree_type,f,,
tree_depth_base,1,,
NODE_ID,1,2,3
node_depth,0,1,1
node_type,root,term,term
node_label,*,b,a
node_parent,,1,1
node_arity,2,0,0
node_c1,2,,
node_c2,3,,
node_c3,,,
fitness,1.0,7,

TREE_ID,82,,
tree_type,f,,
tree_depth_base,1,,
NODE_ID,1,2,3
node_depth,0,1,1
node_type,root,term,term
node_label,/,b,a
node_parent,,1,1
node_arity,2,0,0
node_c1,2,,
node_c2,3,,
node_c3,,,
fitness,1.0,7,

TREE_ID,83,,,,,,,,
tree_type,g,,,,,,,,
tree_depth_base,1,,,,,,,,
NODE_ID,1,2,3,4,5,6,7,8,9
node_depth,0,1,1,2,2,3,3,3,3
node_type,root,term,func,func,func,term,term,term,term
node_label,+,c,+,-,*,b,b,b,a
node_parent,,1,1,3,3,4,4,5,5
node_arity,2,0,2,2,2,0,0,0,0
node_c1,2,,4,6,8,,,,
node_c2,3,,5,7,9,,,,
node_c3,,,,,,,,,
fitness,0.0,19,,,,,,,

TREE_ID,84,,
tree_type,f,,
tree_depth_base,1,,
NODE_ID,1,2,3
node_depth,0,1,1
node_type,root,term,term
node_label,*,b,a
node_parent,,1,1
node_arity,2,0,0
node_c1,2,,
node_c2,3,,
node_c3,,,
fitness,1.0,7,

TREE_ID,85,,,,,,,,
tree_type,g,,,,,,,,
tree_depth_base,1,,,,,,,,
NODE_ID,1,2,3,4,5,6,7,8,9
node_depth,0,1,1,2,2,3,3,3,3
node_type,root,term,func,func,func,term,term,term,term
node_label,+,c,+,-,*,b,a,b,c
node_parent,,1,1,3,3,4,4,5,5
node_arity,2,0,2,2,2,0,0,0,0
node_c1,2,,4,6,8,,,,
node_c2,3,,5,7,9,,,,
node_c3,,,,,,,,,
fitness,0.0,19,,,,,,,

TREE_ID,86,,
tree_type,g,,
tree_depth_base,1,,
NODE_ID,1,2,3
node_depth,0,1,1
node_type,root,term,term
node_label,+,c,a
node_parent,,1,1
node_arity,2,0,0
node_c1,2,,
node_c2,3,,
node_c3,,,
fitness,0.0,7,

TREE_ID,87,,
tree_type,g,,
tree_depth_base,1,,
NODE_ID,1,2,3
node_depth,0,1,1
node_type,root,term,term
node_label,*,b,b
node_parent,,1,1
node_arity,2,0,0
node_c1,2,,
node_c2,3,,
node_c3,,,
fitness,1.0,7,

TREE_ID,88,,,,
tree_type,g,,,,
tree_depth_base,2,,,,
NODE_ID,1,2,3,4,5
node_depth,0,1,1,2,2
node_type,root,term,func,term,term
node_label,*,b,/,b,a
node_parent,,1,1,3,3
node_arity,2,0,2,0,0
node_c1,2,,4,,
node_c2,3,,5,,
node_c3,,,,,
fitness,1.0,11,,,

TREE_ID,89,,
tree_type,f,,
tree_depth_base,2,,
NODE_ID,1,2,3
node_depth,0,1,1
node_type,root,term,term
node_label,*,b,b
node_parent,,1,1
node_arity,2,0,0
node_c1,2,,
node_c2,3,,
node_c3,,,
fitness,1.0,7,

TREE_ID,90,,
tree_type,g,,
tree_depth_base,3,,
NODE_ID,1,2,3
node_depth,0,1,1
node_type,root,term,term
node_label,*,b,b
node_parent,,1,1
node_arity,2,0,0
node_c1,2,,
node_c2,3,,
node_c3,,,
fitness,1.0,7,

TREE_ID,91,,
tree_type,f,,
tree_depth_base,2,,
NODE_ID,1,2,3
node_depth,0,1,1
node_type,root,term,term
node_label,*,b,b
node_parent,,1,1
node_arity,2,0,0
node_c1,2,,
node_c2,3,,
node_c3,,,
fitness,1.0,7,

TREE_ID,92,,,,,,,,
tree_type,g,,,,,,,,
tree_depth_base,1,,,,,,,,
NODE_ID,1,2,3,4,5,6,7,8,9
node_depth,0,1,1,2,2,3,3,3,3
node_type,root,term,func,func,func,term,term,term,term
node_label,+,c,+,-,*,b,a,b,a
node_parent,,1,1,3,3,4,4,5,5
node_arity,2,0,2,2,2,0,0,0,0
node_c1,2,,4,6,8,,,,
node_c2,3,,5,7,9,,,,
node_c3,,,,,,,,,
fitness,2.0,19,,,,,,,

TREE_ID,93,,,,,,
tree_type,f,,,,,,
tree_depth_base,1,,,,,,
NODE_ID,1,2,3,4,5,6,7
node_depth,0,1,1,2,2,3,3
node_type,root,func,term,term,func,term,term
node_label,*,/,a,b,+,a,c
node_parent,,1,1,2,2,5,5
node_arity,2,2,0,0,2,0,0
node_c1,2,4,,,6,,
node_c2,3,5,,,7,,
node_c3,,,,,,,
fitness,1.0,15,,,,,

TREE_ID,94,,,,,,,,
tree_type,g,,,,,,,,
tree_depth_base,1,,,,,,,,
NODE_ID,1,2,3,4,5,6,7,8,9
node_depth,0,1,1,2,2,3,3,3,3
node_type,root,term,func,func,func,term,term,term,term
node_label,+,c,+,-,*,b,b,b,a
node_parent,,1,1,3,3,4,4,5,5
node_arity,2,0,2,2,2,0,0,0,0
node_c1,2,,4,6,8,,,,
node_c2,3,,5,7,9,,,,
node_c3,,,,,,,,,
fitness,0.0,19,,,,,,,

TREE_ID,95,,,,,,,,
tree_type,g,,,,,,,,
tree_depth_base,1,,,,,,,,
NODE_ID,1,2,3,4,5,6,7,8,9
node_depth,0,1,1,2,2,3,3,3,3
node_type,root,term,func,func,func,term,term,term,term
node_label,+,c,+,-,*,b,a,c,a
node_parent,,1,1,3,3,4,4,5,5
node_arity,2,0,2,2,2,0,0,0,0
node_c1,2,,4,6,8,,,,
node_c2,3,,5,7,9,,,,
node_c3,,,,,,,,,
fitness,1.0,19,,,,,,,

TREE_ID,96,,
tree_type,g,,
tree_depth_base,1,,
NODE_ID,1,2,3
node_depth,0,1,1
node_type,root,term,term
node_label,+,c,a
node_parent,,1,1
node_arity,2,0,0
node_c1,2,,
node_c2,3,,
node_c3,,,
fitness,0.0,7,

TREE_ID,97,,,,,,,,
tree_type,g,,,,,,,,
tree_depth_base,1,,,,,,,,
NODE_ID,1,2,3,4,5,6,7,8,9
node_depth,0,1,1,2,2,3,3,3,3
node_type,root,term,func,func,func,term,term,term,term
node_label,+,c,+,-,*,b,c,a,a
node_parent,,1,1,3,3,4,4,5,5
node_arity,2,0,2,2,2,0,0,0,0
node_c1,2,,4,6,8,,,,
node_c2,3,,5,7,9,,,,
node_c3,,,,,,,,,
fitness,0.0,19,,,,,,,

TREE_ID,98,,,,,,,,
tree_type,g,,,,,,,,
tree_depth_base,1,,,,,,,,
NODE_ID,1,2,3,4,5,6,7,8,9
node_depth,0,1,1,2,2,3,3,3,3
node_type,root,term,func,func,func,term,term,term,term
node_label,+,a,+,-,*,b,a,a,a
node_parent,,1,1,3,3,4,4,5,5
node_arity,2,0,2,2,2,0,0,0,0
node_c1,2,,4,6,8,,,,
node_c2,3,,5,7,9,,,,
node_c3,,,,,,,,,
fitness,0.0,19,,,,,,,

TREE_ID,99,,,,,,
tree_type,g,,,,,,
tree_depth_base,1,,,,,,
NODE_ID,1,2,3,4,5,6,7
node_depth,0,1,1,2,2,3,3
node_type,root,term,func,term,func,term,term
node_label,+,c,+,b,*,b,a
node_parent,,1,1,3,3,5,5
node_arity,2,0,2,0,2,0,0
node_c1,2,,4,,6,,
node_c2,3,,5,,7,,
node_c3,,,,,,,
fitness,1.0,15,,,,,

TREE_ID,100,,,,
tree_type,f,,,,
tree_depth_base,1,,,,
NODE_ID,1,2,3,4,5
node_depth,0,1,1,2,2
node_type,root,term,func,term,term
node_label,*,c,-,b,a
node_parent,,1,1,3,3
node_arity,2,0,2,0,0
node_c1,2,,4,,
node_c2,3,,5,,
node_c3,,,,,
fitness,0.0,11,,,

Karoo GP by Kai Staats,Generation:,6

TREE_ID,1,,,,,,,,
tree_type,g,,,,,,,,
tree_depth_base,1,,,,,,,,
NODE_ID,1,2,3,4,5,6,7,8,9
node_depth,0,1,1,2,2,3,3,3,3
node_type,root,term,func,func,func,term,term,term,term
node_label,+,c,+,-,*,b,a,a,a
node_parent,,1,1,3,3,4,4,5,5
node_arity,2,0,2,2,2,0,0,0,0
node_c1,2,,4,6,8,,,,
node_c2,3,,5,7,9,,,,
node_c3,,,,,,,,,
fitness,2.0,19,,,,,,,

TREE_ID,2,,,,,,,,
tree_type,g,,,,,,,,
tree_depth_base,1,,,,,,,,
NODE_ID,1,2,3,4,5,6,7,8,9
node_depth,0,1,1,2,2,3,3,3,3
node_type,root,term,func,func,func,term,term,term,term
node_label,+,c,+,-,*,b,a,a,a
node_parent,,1,1,3,3,4,4,5,5
node_arity,2,0,2,2,2,0,0,0,0
node_c1,2,,4,6,8,,,,
node_c2,3,,5,7,9,,,,
node_c3,,,,,,,,,
fitness,2.0,19,,,,,,,

TREE_ID,3,,,,,,,,
tree_type,g,,,,,,,,
tree_depth_base,1,,,,,,,,
NODE_ID,1,2,3,4,5,6,7,8,9
node_depth,0,1,1,2,2,3,3,3,3
node_type,root,term,func,func,func,term,term,term,term
node_label,+,c,+,-,*,b,a,b,a
node_parent,,1,1,3,3,4,4,5,5
node_arity,2,0,2,2,2,0,0,0,0
node_c1,2,,4,6,8,,,,
node_c2,3,,5,7,9,,,,
node_c3,,,,,,,,,
fitness,2.0,19,,,,,,,

TREE_ID,4,,,,,,,,
tree_type,g,,,,,,,,
tree_depth_base,1,,,,,,,,
NODE_ID,1,2,3,4,5,6,7,8,9
node_depth,0,1,1,2,2,3,3,3,3
node_type,root,term,func,func,func,term,term,term,term
node_label,+,c,+,-,*,b,a,b,a
node_parent,,1,1,3,3,4,4,5,5
node_arity,2,0,2,2,2,0,0,0,0
node_c1,2,,4,6,8,,,,
node_c2,3,,5,7,9,,,,
node_c3,,,,,,,,,
fitness,2.0,19,,,,,,,

TREE_ID,5,,,,,,,,
tree_type,g,,,,,,,,
tree_depth_base,1,,,,,,,,
NODE_ID,1,2,3,4,5,6,7,8,9
node_depth,0,1,1,2,2,3,3,3,3
node_type,root,term,func,func,func,term,term,term,term
node_label,+,c,+,-,*,b,a,b,a
node_parent,,1,1,3,3,4,4,5,5
node_arity,2,0,2,2,2,0,0,0,0
node_c1,2,,4,6,8,,,,
node_c2,3,,5,7,9,,,,
node_c3,,,,,,,,,
fitness,2.0,19,,,,,,,

TREE_ID,6,,,,,,,,
tree_type,g,,,,,,,,
tree_depth_base,1,,,,,,,,
NODE_ID,1,2,3,4,5,6,7,8,9
node_depth,0,1,1,2,2,3,3,3,3
node_type,root,term,func,func,func,term,term,term,term
node_label,+,c,+,-,*,b,a,b,a
node_parent,,1,1,3,3,4,4,5,5
node_arity,2,0,2,2,2,0,0,0,0
node_c1,2,,4,6,8,,,,
node_c2,3,,5,7,9,,,,
node_c3,,,,,,,,,
fitness,2.0,19,,,,,,,

TREE_ID,7,,,,,,,,
tree_type,g,,,,,,,,
tree_depth_base,1,,,,,,,,
NODE_ID,1,2,3,4,5,6,7,8,9
node_depth,0,1,1,2,2,3,3,3,3
node_type,root,term,func,func,func,term,term,term,term
node_label,+,c,+,-,*,b,a,b,a
node_parent,,1,1,3,3,4,4,5,5
node_arity,2,0,2,2,2,0,0,0,0
node_c1,2,,4,6,8,,,,
node_c2,3,,5,7,9,,,,
node_c3,,,,,,,,,
fitness,2.0,19,,,,,,,

TREE_ID,8,,,,,,,,
tree_type,g,,,,,,,,
tree_depth_base,1,,,,,,,,
NODE_ID,1,2,3,4,5,6,7,8,9
node_depth,0,1,1,2,2,3,3,3,3
node_type,root,term,func,func,func,term,term,term,term
node_label,+,c,+,-,*,b,a,b,a
node_parent,,1,1,3,3,4,4,5,5
node_arity,2,0,2,2,2,0,0,0,0
node_c1,2,,4,6,8,,,,
node_c2,3,,5,7,9,,,,
node_c3,,,,,,,,,
fitness,2.0,19,,,,,,,

TREE_ID,9,,,,,,,,
tree_type,g,,,,,,,,
tree_depth_base,1,,,,,,,,
NODE_ID,1,2,3,4,5,6,7,8,9
node_depth,0,1,1,2,2,3,3,3,3
node_type,root,term,func,func,func,term,term,term,term
node_label,+,c,+,-,*,b,a,b,a
node_parent,,1,1,3,3,4,4,5,5
node_arity,2,0,2,2,2,0,0,0,0
node_c1,2,,4,6,8,,,,
node_c2,3,,5,7,9,,,,
node_c3,,,,,,,,,
fitness,2.0,19,,,,,,,

TREE_ID,10,,,,,,
tree_type,g,,,,,,
tree_depth_base,1,,,,,,
NODE_ID,1,2,3,4,5,6,7
node_depth,0,1,1,2,2,3,3
node_type,root,term,func,term,func,term,term
node_label,+,c,+,a,*,a,b
node_parent,,1,1,3,3,5,5
node_arity,2,0,2,0,2,0,0
node_c1,2,,4,,6,,
node_c2,3,,5,,7,,
node_c3,,,,,,,
fitness,1.0,15,,,,,

TREE_ID,11,,,,,,
tree_type,g,,,,,,
tree_depth_base,1,,,,,,
NODE_ID,1,2,3,4,5,6,7
node_depth,0,1,1,2,2,3,3
node_type,root,term,func,func,term,term,term
node_label,+,c,+,-,b,b,a
node_parent,,1,1,3,3,4,4
node_arity,2,0,2,2,0,0,0
node_c1,2,,4,6,,,
node_c2,3,,5,7,,,
node_c3,,,,,,,
fitness,1.0,15,,,,,

TREE_ID,12,,,,,,,,
tree_type,g,,,,,,,,
tree_depth_base,1,,,,,,,,
NODE_ID,1,2,3,4,5,6,7,8,9
node_depth,0,1,1,2,2,3,3,3,3
node_type,root,term,func,func,func,term,term,term,term
node_label,+,c,+,-,*,b,a,a,c
node_parent,,1,1,3,3,4,4,5,5
node_arity,2,0,2,2,2,0,0,0,0
node_c1,2,,4,6,8,,,,
node_c2,3,,5,7,9,,,,
node_c3,,,,,,,,,
fitness,1.0,19,,,,,,,

TREE_ID,13,,,,,,,,
tree_type,g,,,,,,,,
tree_depth_base,1,,,,,,,,
NODE_ID,1,2,3,4,5,6,7,8,9
node_depth,0,1,1,2,2,3,3,3,3
node_type,root,term,func,func,func,term,term,term,term
node_label,+,c,+,-,*,b,a,b,a
node_parent,,1,1,3,3,4,4,5,5
node_arity,2,0,2,2,2,0,0,0,0
node_c1,2,,4,6,8,,,,
node_c2,3,,5,7,9,,,,
node_c3,,,,,,,,,
fitness,2.0,19,,,,,,,

TREE_ID,14,,,,,,,,
tree_type,g,,,,,,,,
tree_depth_base,1,,,,,,,,
NODE_ID,1,2,3,4,5,6,7,8,9
node_depth,0,1,1,2,2,3,3,3,3
node_type,root,term,func,func,func,term,term,term,term
node_label,+,c,+,-,*,c,a,a,b
node_parent,,1,1,3,3,4,4,5,5
node_arity,2,0,2,2,2,0,0,0,0
node_c1,2,,4,6,8,,,,
node_c2,3,,5,7,9,,,,
node_c3,,,,,,,,,
fitness,0.0,19,,,,,,,

TREE_ID,15,,,,,,
tree_type,g,,,,,,
tree_depth_base,1,,,,,,
NODE_ID,1,2,3,4,5,6,7
node_depth,0,1,1,2,2,3,3
node_type,root,term,func,func,term,term,term
node_label,+,c,+,-,b,b,a
node_parent,,1,1,3,3,4,4
node_arity,2,0,2,2,0,0,0
node_c1,2,,4,6,,,
node_c2,3,,5,7,,,
node_c3,,,,,,,
fitness,1.0,15,,,,,

TREE_ID,16,,,,,,
tree_type,g,,,,,,
tree_depth_base,1,,,,,,
NODE_ID,1,2,3,4,5,6,7
node_depth,0,1,1,2,2,3,3
node_type,root,term,func,func,term,term,term
node_label,+,c,+,-,c,b,a
node_parent,,1,1,3,3,4,4
node_arity,2,0,2,2,0,0,0
node_c1,2,,4,6,,,
node_c2,3,,5,7,,,
node_c3,,,,,,,
fitness,1.0,15,,,,,

TREE_ID,17,,
tree_type,f,,
tree_depth_base,1,,
NODE_ID,1,2,3
node_depth,0,1,1
node_type,root,term,term
node_label,*,a,a
node_parent,,1,1
node_arity,2,0,0
node_c1,2,,
node_c2,3,,
node_c3,,,
fitness,0.0,7,

TREE_ID,18,,,,,,
tree_type,g,,,,,,
tree_depth_base,1,,,,,,
NODE_ID,1,2,3,4,5,6,7
node_depth,0,1,1,2,2,3,3
node_type,root,term,func,term,func,term,term
node_label,+,c,+,b,*,a,a
node_parent,,1,1,3,3,5,5
node_arity,2,0,2,0,2,0,0
node_c1,2,,4,,6,,
node_c2,3,,5,,7,,
node_c3,,,,,,,
fitness,2.0,15,,,,,

TREE_ID,19,,,,,,
tree_type,g,,,,,,
tree_depth_base,1,,,,,,
NODE_ID,1,2,3,4,5,6,7
node_depth,0,1,1,2,2,3,3
node_type,root,term,func,func,term,term,term
node_label,+,c,+,-,b,b,a
node_parent,,1,1,3,3,4,4
node_arity,2,0,2,2,0,0,0
node_c1,2,,4,6,,,
node_c2,3,,5,7,,,
node_c3,,,,,,,
fitness,1.0,15,,,,,

TREE_ID,20,,
tree_type,f,,
tree_depth_base,1,,
NODE_ID,1,2,3
node_depth,0,1,1
node_type,root,term,term
node_label,*,c,b
node_parent,,1,1
node_arity,2,0,0
node_c1,2,,
node_c2,3,,
node_c3,,,
fitness,1.0,7,

TREE_ID,21,,,,,,,,
tree_type,g,,,,,,,,
tree_depth_base,1,,,,,,,,
NODE_ID,1,2,3,4,5,6,7,8,9
node_depth,0,1,1,2,2,3,3,3,3
node_type,root,term,func,func,func,term,term,term,term
node_label,+,c,+,-,*,b,b,a,a
node_parent,,1,1,3,3,4,4,5,5
node_arity,2,0,2,2,2,0,0,0,0
node_c1,2,,4,6,8,,,,
node_c2,3,,5,7,9,,,,
node_c3,,,,,,,,,
fitness,0.0,19,,,,,,,

TREE_ID,22,,,,,,,,
tree_type,g,,,,,,,,
tree_depth_base,1,,,,,,,,
NODE_ID,1,2,3,4,5,6,7,8,9
node_depth,0,1,1,2,2,2,2,3,3
node_type,root,func,func,func,term,term,term,term,term
node_label,+,+,+,+,b,b,a,a,c
node_parent,,1,1,2,2,3,3,4,4
node_arity,2,2,2,2,0,0,0,0,0
node_c1,2,4,6,8,,,,,
node_c2,3,5,7,9,,,,,
node_c3,,,,,,,,,
fitness,0.0,19,,,,,,,

TREE_ID,23,,,,,,
tree_type,g,,,,,,
tree_depth_base,1,,,,,,
NODE_ID,1,2,3,4,5,6,7
node_depth,0,1,1,2,2,3,3
node_type,root,term,func,term,func,term,term
node_label,+,c,+,c,*,b,a
node_parent,,1,1,3,3,5,5
node_arity,2,0,2,0,2,0,0
node_c1,2,,4,,6,,
node_c2,3,,5,,7,,
node_c3,,,,,,,
fitness,0.0,15,,,,,

TREE_ID,24,,,,,,,,
tree_type,g,,,,,,,,
tree_depth_base,1,,,,,,,,
NODE_ID,1,2,3,4,5,6,7,8,9
node_depth,0,1,1,2,2,3,3,3,3
node_type,root,term,func,func,func,term,term,term,term
node_label,+,c,+,-,*,b,a,c,c
node_parent,,1,1,3,3,4,4,5,5
node_arity,2,0,2,2,2,0,0,0,0
node_c1,2,,4,6,8,,,,
node_c2,3,,5,7,9,,,,
node_c3,,,,,,,,,
fitness,0.0,19,,,,,,,

TREE_ID,25,,,,,,,,
tree_type,g,,,,,,,,
tree_depth_base,1,,,,,,,,
NODE_ID,1,2,3,4,5,6,7,8,9
node_depth,0,1,1,2,2,3,3,3,3
node_type,root,term,func,func,func,term,term,term,term
node_label,+,c,+,-,/,b,a,a,a
node_parent,,1,1,3,3,4,4,5,5
node_arity,2,0,2,2,2,0,0,0,0
node_c1,2,,4,6,8,,,,
node_c2,3,,5,7,9,,,,
node_c3,,,,,,,,,
fitness,0.0,19,,,,,,,

TREE_ID,26,,,,,,,,
tree_type,g,,,,,,,,
tree_depth_base,1,,,,,,,,
NODE_ID,1,2,3,4,5,6,7,8,9
node_depth,0,1,1,2,2,3,3,3,3
node_type,root,term,func,func,func,term,term,term,term
node_label,+,c,+,*,*,a,b,b,a
node_parent,,1,1,3,3,4,4,5,5
node_arity,2,0,2,2,2,0,0,0,0
node_c1,2,,4,6,8,,,,
node_c2,3,,5,7,9,,,,
node_c3,,,,,,,,,
fitness,0.0,19,,,,,,,

TREE_ID,27,,,,
tree_type,g,,,,
tree_depth_base,1,,,,
NODE_ID,1,2,3,4,5
node_depth,0,1,1,2,2
node_type,root,term,func,term,term
node_label,+,c,+,b,b
node_parent,,1,1,3,3
node_arity,2,0,2,0,0
node_c1,2,,4,,
node_c2,3,,5,,
node_c3,,,,,
fitness,0.0,11,,,

TREE_ID,28,,
tree_type,f,,
tree_depth_base,1,,
NODE_ID,1,2,3
node_depth,0,1,1
node_type,root,term,term
node_label,/,c,a
node_parent,,1,1
node_arity,2,0,0
node_c1,2,,
node_c2,3,,
node_c3,,,
fitness,1.0,7,

TREE_ID,29,,,,,,,,
tree_type,g,,,,,,,,
tree_depth_base,3,,,,,,,,
NODE_ID,1,2,3,4,5,6,7,8,9
node_depth,0,1,1,2,2,2,2,3,3
node_type,root,func,func,term,func,term,term,term,term
node_label,-,/,*,b,/,c,c,c,a
node_parent,,1,1,2,2,3,3,5,5
node_arity,2,2,2,0,2,0,0,0,0
node_c1,2,4,6,,8,,,,
node_c2,3,5,7,,9,,,,
node_c3,,,,,,,,,
fitness,1.0,19,,,,,,,

TREE_ID,30,,,,,,,,,,,,
tree_type,f,,,,,,,,,,,,
tree_depth_base,3,,,,,,,,,,,,
NODE_ID,1,2,3,4,5,6,7,8,9,10,11,12,13
node_depth,0,1,1,2,2,2,2,3,3,3,3,3,3
node_type,root,func,func,term,func,func,func,term,term,term,term,term,term
node_label,*,-,/,b,+,-,+,b,c,b,c,a,a
node_parent,,1,1,2,2,3,3,5,5,6,6,7,7
node_arity,2,2,2,0,2,2,2,0,0,0,0,0,0
node_c1,2,4,6,,8,10,12,,,,,,
node_c2,3,5,7,,9,11,13,,,,,,
node_c3,,,,,,,,,,,,,
fitness,1.0,27,,,,,,,,,,,

TREE_ID,31,,,,,,,,
tree_type,g,,,,,,,,
tree_depth_base,1,,,,,,,,
NODE_ID,1,2,3,4,5,6,7,8,9
node_depth,0,1,1,2,2,3,3,3,3
node_type,root,term,func,func,func,term,term,term,term
node_label,+,c,+,-,*,b,a,b,c
node_parent,,1,1,3,3,4,4,5,5
node_arity,2,0,2,2,2,0,0,0,0
node_c1,2,,4,6,8,,,,
node_c2,3,,5,7,9,,,,
node_c3,,,,,,,,,
fitness,0.0,19,,,,,,,

TREE_ID,32,,
tree_type,g,,
tree_depth_base,1,,
NODE_ID,1,2,3
node_depth,0,1,1
node_type,root,term,term
node_label,+,c,a
node_parent,,1,1
node_arity,2,0,0
node_c1,2,,
node_c2,3,,
node_c3,,,
fitness,0.0,7,

TREE_ID,33,,,,
tree_type,f,,,,
tree_depth_base,1,,,,
NODE_ID,1,2,3,4,5
node_depth,0,1,1,2,2
node_type,root,term,func,term,term
node_label,*,b,*,a,b
node_parent,,1,1,3,3
node_arity,2,0,2,0,0
node_c1,2,,4,,
node_c2,3,,5,,
node_c3,,,,,
fitness,0.0,11,,,

TREE_ID,34,,,,,,
tree_type,g,,,,,,
tree_depth_base,1,,,,,,
NODE_ID,1,2,3,4,5,6,7
node_depth,0,1,1,2,2,3,3
node_type,root,term,func,func,term,term,term
node_label,+,c,+,-,c,b,a
node_parent,,1,1,3,3,4,4
node_arity,2,0,2,2,0,0,0
node_c1,2,,4,6,,,
node_c2,3,,5,7,,,
node_c3,,,,,,,
fitness,1.0,15,,,,,

TREE_ID,35,,,,
tree_type,g,,,,
tree_depth_base,2,,,,
NODE_ID,1,2,3,4,5
node_depth,0,1,1,2,2
node_type,root,func,term,term,term
node_label,*,+,b,b,a
node_parent,,1,1,2,2
node_arity,2,2,0,0,0
node_c1,2,4,,,
node_c2,3,5,,,
node_c3,,,,,
fitness,1.0,11,,,

TREE_ID,36,,
tree_type,g,,
tree_depth_base,1,,
NODE_ID,1,2,3
node_depth,0,1,1
node_type,root,term,term
node_label,+,c,b
node_parent,,1,1
node_arity,2,0,0
node_c1,2,,
node_c2,3,,
node_c3,,,
fitness,1.0,7,

TREE_ID,37,,,,,,,,
tree_type,g,,,,,,,,
tree_depth_base,1,,,,,,,,
NODE_ID,1,2,3,4,5,6,7,8,9
node_depth,0,1,1,2,2,3,3,3,3
node_type,root,term,func,func,func,term,term,term,term
node_label,+,c,+,-,*,b,a,b,b
node_parent,,1,1,3,3,4,4,5,5
node_arity,2,0,2,2,2,0,0,0,0
node_c1,2,,4,6,8,,,,
node_c2,3,,5,7,9,,,,
node_c3,,,,,,,,,
fitness,0.0,19,,,,,,,

TREE_ID,38,,
tree_type,g,,
tree_depth_base,1,,
NODE_ID,1,2,3
node_depth,0,1,1
node_type,root,term,term
node_label,+,c,a
node_parent,,1,1
node_arity,2,0,0
node_c1,2,,
node_c2,3,,
node_c3,,,
fitness,0.0,7,

TREE_ID,39,,,,,,
tree_type,g,,,,,,
tree_depth_base,1,,,,,,
NODE_ID,1,2,3,4,5,6,7
node_depth,0,1,1,2,2,3,3
node_type,root,term,func,term,func,term,term
node_label,+,b,+,b,*,a,a
node_parent,,1,1,3,3,5,5
node_arity,2,0,2,0,2,0,0
node_c1,2,,4,,6,,
node_c2,3,,5,,7,,
node_c3,,,,,,,
fitness,0.0,15,,,,,

TREE_ID,40,,,,,,,,
tree_type,g,,,,,,,,
tree_depth_base,1,,,,,,,,
NODE_ID,1,2,3,4,5,6,7,8,9
node_depth,0,1,1,2,2,3,3,3,3
node_type,root,term,func,func,func,term,term,term,term
node_label,+,c,+,-,*,c,a,a,b
node_parent,,1,1,3,3,4,4,5,5
node_arity,2,0,2,2,2,0,0,0,0
node_c1,2,,4,6,8,,,,
node_c2,3,,5,7,9,,,,
node_c3,,,,,,,,,
fitness,0.0,19,,,,,,,

TREE_ID,41,,,,,,,,
tree_type,g,,,,,,,,
tree_depth_base,1,,,,,,,,
NODE_ID,1,2,3,4,5,6,7,8,9
node_depth,0,1,1,2,2,3,3,3,3
node_type,root,term,func,func,func,term,term,term,term
node_label,+,c,+,-,*,b,a,a,a
node_parent,,1,1,3,3,4,4,5,5
node_arity,2,0,2,2,2,0,0,0,0
node_c1,2,,4,6,8,,,,
node_c2,3,,5,7,9,,,,
node_c3,,,,,,,,,
fitness,2.0,19,,,,,,,

TREE_ID,42,,,,,,
tree_type,g,,,,,,
tree_depth_base,3,,,,,,
NODE_ID,1,2,3,4,5,6,7
node_depth,0,1,1,2,2,2,2
node_type,root,func,func,term,term,term,term
node_label,-,/,*,c,b,a,c
node_parent,,1,1,2,2,3,3
node_arity,2,2,2,0,0,0,0
node_c1,2,4,6,,,,
node_c2,3,5,7,,,,
node_c3,,,,,,,
fitness,0.0,15,,,,,

TREE_ID,43,,,,
tree_type,g,,,,
tree_depth_base,2,,,,
NODE_ID,1,2,3,4,5
node_depth,0,1,1,2,2
node_type,root,term,func,term,term
node_label,*,c,/,b,a
node_parent,,1,1,3,3
node_arity,2,0,2,0,0
node_c1,2,,4,,
node_c2,3,,5,,
node_c3,,,,,
fitness,2.0,11,,,

TREE_ID,44,,
tree_type,g,,
tree_depth_base,1,,
NODE_ID,1,2,3
node_depth,0,1,1
node_type,root,term,term
node_label,+,b,c
node_parent,,1,1
node_arity,2,0,0
node_c1,2,,
node_c2,3,,
node_c3,,,
fitness,1.0,7,

TREE_ID,45,,,,,,
tree_type,g,,,,,,
tree_depth_base,1,,,,,,
NODE_ID,1,2,3,4,5,6,7
node_depth,0,1,1,2,2,3,3
node_type,root,term,func,term,func,term,term
node_label,+,c,+,a,*,b,a
node_parent,,1,1,3,3,5,5
node_arity,2,0,2,0,2,0,0
node_c1,2,,4,,6,,
node_c2,3,,5,,7,,
node_c3,,,,,,,
fitness,1.0,15,,,,,

TREE_ID,46,,,,,,,,
tree_type,g,,,,,,,,
tree_depth_base,1,,,,,,,,
NODE_ID,1,2,3,4,5,6,7,8,9
node_depth,0,1,1,2,2,3,3,3,3
node_type,root,term,func,func,func,term,term,term,term
node_label,+,c,+,-,*,b,c,b,a
node_parent,,1,1,3,3,4,4,5,5
node_arity,2,0,2,2,2,0,0,0,0
node_c1,2,,4,6,8,,,,
node_c2,3,,5,7,9,,,,
node_c3,,,,,,,,,
fitness,1.0,19,,,,,,,

TREE_ID,47,,,,,,
tree_type,g,,,,,,
tree_depth_base,3,,,,,,
NODE_ID,1,2,3,4,5,6,7
node_depth,0,1,1,2,2,3,3
node_type,root,term,func,term,func,term,term
node_label,/,c,+,b,/,b,b
node_parent,,1,1,3,3,5,5
node_arity,2,0,2,0,2,0,0
node_c1,2,,4,,6,,
node_c2,3,,5,,7,,
node_c3,,,,,,,
fitness,1.0,15,,,,,

TREE_ID,48,,,,
tree_type,f,,,,
tree_depth_base,1,,,,
NODE_ID,1,2,3,4,5
node_depth,0,1,1,2,2
node_type,root,func,term,term,term
node_label,*,+,a,a,b
node_parent,,1,1,2,2
node_arity,2,2,0,0,0
node_c1,2,4,,,
node_c2,3,5,,,
node_c3,,,,,
fitness,0.0,11,,,

TREE_ID,49,,
tree_type,g,,
tree_depth_base,1,,
NODE_ID,1,2,3
node_depth,0,1,1
node_type,root,term,term
node_label,+,c,a
node_parent,,1,1
node_arity,2,0,0
node_c1,2,,
node_c2,3,,
node_c3,,,
fitness,0.0,7,

TREE_ID,50,,,,,,,,
tree_type,f,,,,,,,,
tree_depth_base,1,,,,,,,,
NODE_ID,1,2,3,4,5,6,7,8,9
node_depth,0,1,1,2,2,3,3,3,3
node_type,root,term,func,func,func,term,term,term,term
node_label,/,b,+,-,*,b,a,a,b
node_parent,,1,1,3,3,4,4,5,5
node_arity,2,0,2,2,2,0,0,0,0
node_c1,2,,4,6,8,,,,
node_c2,3,,5,7,9,,,,
node_c3,,,,,,,,,
fitness,0.0,19,,,,,,,

TREE_ID,51,,
tree_type,g,,
tree_depth_base,3,,
NODE_ID,1,2,3
node_depth,0,1,1
node_type,root,term,term
node_label,*,b,a
node_parent,,1,1
node_arity,2,0,0
node_c1,2,,
node_c2,3,,
node_c3,,,
fitness,1.0,7,

TREE_ID,52,,,,
tree_type,g,,,,
tree_depth_base,1,,,,
NODE_ID,1,2,3,4,5
node_depth,0,1,1,2,2
node_type,root,term,func,term,term
node_label,+,c,+,b,b
node_parent,,1,1,3,3
node_arity,2,0,2,0,0
node_c1,2,,4,,
node_c2,3,,5,,
node_c3,,,,,
fitness,0.0,11,,,

TREE_ID,53,,,,,,,,
tree_type,g,,,,,,,,
tree_depth_base,1,,,,,,,,
NODE_ID,1,2,3,4,5,6,7,8,9
node_depth,0,1,1,2,2,3,3,3,3
node_type,root,term,func,func,func,term,term,term,term
node_label,+,c,+,-,*,b,b,a,a
node_parent,,1,1,3,3,4,4,5,5
node_arity,2,0,2,2,2,0,0,0,0
node_c1,2,,4,6,8,,,,
node_c2,3,,5,7,9,,,,
node_c3,,,,,,,,,
fitness,0.0,19,,,,,,,

TREE_ID,54,,,,,,
tree_type,g,,,,,,
tree_depth_base,1,,,,,,
NODE_ID,1,2,3,4,5,6,7
node_depth,0,1,1,2,2,3,3
node_type,root,term,func,func,term,term,term
node_label,+,c,+,-,a,b,a
node_parent,,1,1,3,3,4,4
node_arity,2,0,2,2,0,0,0
node_c1,2,,4,6,,,
node_c2,3,,5,7,,,
node_c3,,,,,,,
fitness,1.0,15,,,,,

TREE_ID,55,,
tree_type,g,,
tree_depth_base,1,,
NODE_ID,1,2,3
node_depth,0,1,1
node_type,root,term,term
node_label,+,c,b
node_parent,,1,1
node_arity,2,0,0
node_c1,2,,
node_c2,3,,
node_c3,,,
fitness,1.0,7,

TREE_ID,56,,,,,,,,
tree_type,g,,,,,,,,
tree_depth_base,2,,,,,,,,
NODE_ID,1,2,3,4,5,6,7,8,9
node_depth,0,1,1,2,2,3,3,3,3
node_type,root,func,term,func,func,term,term,term,term
node_label,*,+,b,-,*,b,a,b,a
node_parent,,1,1,2,2,4,4,5,5
node_arity,2,2,0,2,2,0,0,0,0
node_c1,2,4,,6,8,,,,
node_c2,3,5,,7,9,,,,
node_c3,,,,,,,,,
fitness,0.0,19,,,,,,,

TREE_ID,57,,,,,,,,,,,,,,
tree_type,g,,,,,,,,,,,,,,
tree_depth_base,1,,,,,,,,,,,,,,
NODE_ID,1,2,3,4,5,6,7,8,9,10,11,12,13,14,15
node_depth,0,1,1,2,2,2,2,3,3,3,3,3,3,3,3
node_type,root,func,func,func,func,func,func,term,term,term,term,term,term,term,term
node_label,+,+,+,-,*,-,*,b,a,a,b,b,a,b,a
node_parent,,1,1,2,2,3,3,4,4,5,5,4,4,5,5
node_arity,2,2,2,2,2,2,2,0,0,0,0,0,0,0,0
node_c1,2,4,6,8,10,12,14,,,,,,,,
node_c2,3,5,7,9,11,13,15,,,,,,,,
node_c3,,,,,,,,,,,,,,,
fitness,1.0,31,,,,,,,,,,,,,

TREE_ID,58,,
tree_type,g,,
tree_depth_base,1,,
NODE_ID,1,2,3
node_depth,0,1,1
node_type,root,term,term
node_label,+,c,c
node_parent,,1,1
node_arity,2,0,0
node_c1,2,,
node_c2,3,,
node_c3,,,
fitness,1.0,7,

TREE_ID,59,,,,,,,,
tree_type,g,,,,,,,,
tree_depth_base,1,,,,,,,,
NODE_ID,1,2,3,4,5,6,7,8,9
node_depth,0,1,1,2,2,3,3,3,3
node_type,root,term,func,func,func,term,term,term,term
node_label,+,c,+,-,*,b,a,c,a
node_parent,,1,1,3,3,4,4,5,5
node_arity,2,0,2,2,2,0,0,0,0
node_c1,2,,4,6,8,,,,
node_c2,3,,5,7,9,,,,
node_c3,,,,,,,,,
fitness,1.0,19,,,,,,,

TREE_ID,60,,,,,,,,
tree_type,g,,,,,,,,
tree_depth_base,1,,,,,,,,
NODE_ID,1,2,3,4,5,6,7,8,9
node_depth,0,1,1,2,2,3,3,3,3
node_type,root,term,func,func,func,term,term,term,term
node_label,+,b,+,-,*,b,a,a,a
node_parent,,1,1,3,3,4,4,5,5
node_arity,2,0,2,2,2,0,0,0,0
node_c1,2,,4,6,8,,,,
node_c2,3,,5,7,9,,,,
node_c3,,,,,,,,,
fitness,0.0,19,,,,,,,

TREE_ID,61,,,,,,,,
tree_type,g,,,,,,,,
tree_depth_base,1,,,,,,,,
NODE_ID,1,2,3,4,5,6,7,8,9
node_depth,0,1,1,2,2,3,3,3,3
node_type,root,term,func,func,func,term,term,term,term
node_label,+,a,+,-,*,b,a,a,a
node_parent,,1,1,3,3,4,4,5,5
node_arity,2,0,2,2,2,0,0,0,0
node_c1,2,,4,6,8,,,,
node_c2,3,,5,7,9,,,,
node_c3,,,,,,,,,
fitness,0.0,19,,,,,,,

TREE_ID,62,,,,,,,,
tree_type,g,,,,,,,,
tree_depth_base,1,,,,,,,,
NODE_ID,1,2,3,4,5,6,7,8,9
node_depth,0,1,1,2,2,3,3,3,3
node_type,root,term,func,func,func,term,term,term,term
node_label,+,c,+,-,*,b,a,b,c
node_parent,,1,1,3,3,4,4,5,5
node_arity,2,0,2,2,2,0,0,0,0
node_c1,2,,4,6,8,,,,
node_c2,3,,5,7,9,,,,
node_c3,,,,,,,,,
fitness,0.0,19,,,,,,,

TREE_ID,63,,,,,,,,
tree_type,g,,,,,,,,
tree_depth_base,1,,,,,,,,
NODE_ID,1,2,3,4,5,6,7,8,9
node_depth,0,1,1,2,2,3,3,3,3
node_type,root,term,func,func,func,term,term,term,term
node_label,+,c,+,-,+,b,a,b,b
node_parent,,1,1,3,3,4,4,5,5
node_arity,2,0,2,2,2,0,0,0,0
node_c1,2,,4,6,8,,,,
node_c2,3,,5,7,9,,,,
node_c3,,,,,,,,,
fitness,0.0,19,,,,,,,

TREE_ID,64,,,,
tree_type,g,,,,
tree_depth_base,1,,,,
NODE_ID,1,2,3,4,5
node_depth,0,1,1,2,2
node_type,root,term,func,term,term
node_label,+,c,*,b,a
node_parent,,1,1,3,3
node_arity,2,0,2,0,0
node_c1,2,,4,,
node_c2,3,,5,,
node_c3,,,,,
fitness,0.0,11,,,

TREE_ID,65,,,,,,,,
tree_type,g,,,,,,,,
tree_depth_base,1,,,,,,,,
NODE_ID,1,2,3,4,5,6,7,8,9
node_depth,0,1,1,2,2,3,3,3,3
node_type,root,term,func,func,func,term,term,term,term
node_label,+,c,+,-,*,a,a,b,a
node_parent,,1,1,3,3,4,4,5,5
node_arity,2,0,2,2,2,0,0,0,0
node_c1,2,,4,6,8,,,,
node_c2,3,,5,7,9,,,,
node_c3,,,,,,,,,
fitness,0.0,19,,,,,,,

TREE_ID,66,,,,,,,,
tree_type,g,,,,,,,,
tree_depth_base,1,,,,,,,,
NODE_ID,1,2,3,4,5,6,7,8,9
node_depth,0,1,1,2,2,3,3,3,3
node_type,root,term,func,func,func,term,term,term,term
node_label,+,c,+,-,*,b,b,a,a
node_parent,,1,1,3,3,4,4,5,5
node_arity,2,0,2,2,2,0,0,0,0
node_c1,2,,4,6,8,,,,
node_c2,3,,5,7,9,,,,
node_c3,,,,,,,,,
fitness,0.0,19,,,,,,,

TREE_ID,67,,,,,,
tree_type,f,,,,,,
tree_depth_base,1,,,,,,
NODE_ID,1,2,3,4,5,6,7
node_depth,0,1,1,2,2,3,3
node_type,root,func,term,term,func,term,term
node_label,*,/,a,b,+,a,a
node_parent,,1,1,2,2,5,5
node_arity,2,2,0,0,2,0,0
node_c1,2,4,,,6,,
node_c2,3,5,,,7,,
node_c3,,,,,,,
fitness,1.0,15,,,,,

TREE_ID,68,,
tree_type,g,,
tree_depth_base,1,,
NODE_ID,1,2,3
node_depth,0,1,1
node_type,root,term,term
node_label,+,c,c
node_parent,,1,1
node_arity,2,0,0
node_c1,2,,
node_c2,3,,
node_c3,,,
fitness,1.0,7,

TREE_ID,69,,,,,,
tree_type,g,,,,,,
tree_depth_base,1,,,,,,
NODE_ID,1,2,3,4,5,6,7
node_depth,0,1,1,2,2,3,3
node_type,root,term,func,term,func,term,term
node_label,+,c,+,b,*,b,a
node_parent,,1,1,3,3,5,5
node_arity,2,0,2,0,2,0,0
node_c1,2,,4,,6,,
node_c2,3,,5,,7,,
node_c3,,,,,,,
fitness,1.0,15,,,,,

TREE_ID,70,,,,,,,,
tree_type,g,,,,,,,,
tree_depth_base,1,,,,,,,,
NODE_ID,1,2,3,4,5,6,7,8,9
node_depth,0,1,1,2,2,3,3,3,3
node_type,root,term,func,func,func,term,term,term,term
node_label,+,c,+,-,*,b,a,a,a
node_parent,,1,1,3,3,4,4,5,5
node_arity,2,0,2,2,2,0,0,0,0
node_c1,2,,4,6,8,,,,
node_c2,3,,5,7,9,,,,
node_c3,,,,,,,,,
fitness,2.0,19,,,,,,,

TREE_ID,71,,,,,,
tree_type,g,,,,,,
tree_depth_base,1,,,,,,
NODE_ID,1,2,3,4,5,6,7
node_depth,0,1,1,2,2,3,3
node_type,root,term,func,term,func,term,term
node_label,+,c,+,a,*,a,a
node_parent,,1,1,3,3,5,5
node_arity,2,0,2,0,2,0,0
node_c1,2,,4,,6,,
node_c2,3,,5,,7,,
node_c3,,,,,,,
fitness,0.0,15,,,,,

TREE_ID,72,,,,,,,,
tree_type,g,,,,,,,,
tree_depth_base,1,,,,,,,,
NODE_ID,1,2,3,4,5,6,7,8,9
node_depth,0,1,1,2,2,3,3,3,3
node_type,root,term,func,func,func,term,term,term,term
node_label,+,c,+,-,*,b,a,b,b
node_parent,,1,1,3,3,4,4,5,5
node_arity,2,0,2,2,2,0,0,0,0
node_c1,2,,4,6,8,,,,
node_c2,3,,5,7,9,,,,
node_c3,,,,,,,,,
fitness,0.0,19,,,,,,,

TREE_ID,73,,
tree_type,g,,
tree_depth_base,1,,
NODE_ID,1,2,3
node_depth,0,1,1
node_type,root,term,term
node_label,+,c,a
node_parent,,1,1
node_arity,2,0,0
node_c1,2,,
node_c2,3,,
node_c3,,,
fitness,0.0,7,

TREE_ID,74,,,,,,,,
tree_type,g,,,,,,,,
tree_depth_base,1,,,,,,,,
NODE_ID,1,2,3,4,5,6,7,8,9
node_depth,0,1,1,2,2,3,3,3,3
node_type,root,term,func,func,func,term,term,term,term
node_label,+,c,+,-,*,b,c,a,b
node_parent,,1,1,3,3,4,4,5,5
node_arity,2,0,2,2,2,0,0,0,0
node_c1,2,,4,6,8,,,,
node_c2,3,,5,7,9,,,,
node_c3,,,,,,,,,
fitness,1.0,19,,,,,,,

TREE_ID,75,,,,,,
tree_type,g,,,,,,
tree_depth_base,1,,,,,,
NODE_ID,1,2,3,4,5,6,7
node_depth,0,1,1,2,2,3,3
node_type,root,term,func,term,func,term,term
node_label,+,c,+,b,*,a,a
node_parent,,1,1,3,3,5,5
node_arity,2,0,2,0,2,0,0
node_c1,2,,4,,6,,
node_c2,3,,5,,7,,
node_c3,,,,,,,
fitness,2.0,15,,,,,

TREE_ID,76,,,,,,
tree_type,g,,,,,,
tree_depth_base,1,,,,,,
NODE_ID,1,2,3,4,5,6,7
node_depth,0,1,1,2,2,3,3
node_type,root,term,func,term,func,term,term
node_label,+,c,+,b,*,a,a
node_parent,,1,1,3,3,5,5
node_arity,2,0,2,0,2,0,0
node_c1,2,,4,,6,,
node_c2,3,,5,,7,,
node_c3,,,,,,,
fitness,2.0,15,,,,,

TREE_ID,77,,,,,,,,
tree_type,g,,,,,,,,
tree_depth_base,1,,,,,,,,
NODE_ID,1,2,3,4,5,6,7,8,9
node_depth,0,1,1,2,2,3,3,3,3
node_type,root,term,func,func,func,term,term,term,term
node_label,+,c,+,-,*,b,a,b,a
node_parent,,1,1,3,3,4,4,5,5
node_arity,2,0,2,2,2,0,0,0,0
node_c1,2,,4,6,8,,,,
node_c2,3,,5,7,9,,,,
node_c3,,,,,,,,,
fitness,2.0,19,,,,,,,

TREE_ID,78,,,,
tree_type,f,,,,
tree_depth_base,2,,,,
NODE_ID,1,2,3,4,5
node_depth,0,1,1,2,2
node_type,root,func,term,term,term
node_label,*,+,b,b,c
node_parent,,1,1,2,2
node_arity,2,2,0,0,0
node_c1,2,4,,,
node_c2,3,5,,,
node_c3,,,,,
fitness,1.0,11,,,

TREE_ID,79,,,,,,,,,,,,
tree_type,g,,,,,,,,,,,,
tree_depth_base,1,,,,,,,,,,,,
NODE_ID,1,2,3,4,5,6,7,8,9,10,11,12,13
node_depth,0,1,1,2,2,2,2,3,3,3,3,3,3
node_type,root,func,func,term,func,func,func,term,term,term,term,term,term
node_label,+,/,+,b,+,-,*,a,c,b,a,b,a
node_parent,,1,1,2,2,3,3,5,5,4,4,5,5
node_arity,2,2,2,0,2,2,2,0,0,0,0,0,0
node_c1,2,4,6,,8,10,12,,,,,,
node_c2,3,5,7,,9,11,13,,,,,,
node_c3,,,,,,,,,,,,,
fitness,1.0,27,,,,,,,,,,,

TREE_ID,80,,
tree_type,f,,
tree_depth_base,1,,
NODE_ID,1,2,3
node_depth,0,1,1
node_type,root,term,term
node_label,*,c,a
node_parent,,1,1
node_arity,2,0,0
node_c1,2,,
node_c2,3,,
node_c3,,,
fitness,0.0,7,

TREE_ID,81,,,,,,,,
tree_type,g,,,,,,,,
tree_depth_base,1,,,,,,,,
NODE_ID,1,2,3,4,5,6,7,8,9
node_depth,0,1,1,2,2,3,3,3,3
node_type,root,term,func,func,func,term,term,term,term
node_label,+,c,+,-,*,b,a,a,a
node_parent,,1,1,3,3,4,4,5,5
node_arity,2,0,2,2,2,0,0,0,0
node_c1,2,,4,6,8,,,,
node_c2,3,,5,7,9,,,,
node_c3,,,,,,,,,
fitness,2.0,19,,,,,,,

TREE_ID,82,,,,,,
tree_type,g,,,,,,
tree_depth_base,1,,,,,,
NODE_ID,1,2,3,4,5,6,7
node_depth,0,1,1,2,2,3,3
node_type,root,term,func,term,func,term,term
node_label,+,c,+,b,*,a,b
node_parent,,1,1,3,3,5,5
node_arity,2,0,2,0,2,0,0
node_c1,2,,4,,6,,
node_c2,3,,5,,7,,
node_c3,,,,,,,
fitness,1.0,15,,,,,

TREE_ID,83,,,,,,
tree_type,g,,,,,,
tree_depth_base,1,,,,,,
NODE_ID,1,2,3,4,5,6,7
node_depth,0,1,1,2,2,3,3
node_type,root,term,func,term,func,term,term
node_label,+,c,+,a,*,b,a
node_parent,,1,1,3,3,5,5
node_arity,2,0,2,0,2,0,0
node_c1,2,,4,,6,,
node_c2,3,,5,,7,,
node_c3,,,,,,,
fitness,1.0,15,,,,,

TREE_ID,84,,,,,,,,
tree_type,g,,,,,,,,
tree_depth_base,1,,,,,,,,
NODE_ID,1,2,3,4,5,6,7,8,9
node_depth,0,1,1,2,2,3,3,3,3
node_type,root,term,func,func,func,term,term,term,term
node_label,+,c,+,-,*,b,c,b,c
node_parent,,1,1,3,3,4,4,5,5
node_arity,2,0,2,2,2,0,0,0,0
node_c1,2,,4,6,8,,,,
node_c2,3,,5,7,9,,,,
node_c3,,,,,,,,,
fitness,1.0,19,,,,,,,

TREE_ID,85,,
tree_type,f,,
tree_depth_base,1,,
NODE_ID,1,2,3
node_depth,0,1,1
node_type,root,term,term
node_label,/,b,b
node_parent,,1,1
node_arity,2,0,0
node_c1,2,,
node_c2,3,,
node_c3,,,
fitness,0.0,7,

TREE_ID,86,,
tree_type,g,,
tree_depth_base,2,,
NODE_ID,1,2,3
node_depth,0,1,1
node_type,root,term,term
node_label,*,a,b
node_parent,,1,1
node_arity,2,0,0
node_c1,2,,
node_c2,3,,
node_c3,,,
fitness,1.0,7,

TREE_ID,87,,
tree_type,g,,
tree_depth_base,1,,
NODE_ID,1,2,3
node_depth,0,1,1
node_type,root,term,term
node_label,+,c,b
node_parent,,1,1
node_arity,2,0,0
node_c1,2,,
node_c2,3,,
node_c3,,,
fitness,1.0,7,

TREE_ID,88,,,,,,,,
tree_type,g,,,,,,,,
tree_depth_base,1,,,,,,,,
NODE_ID,1,2,3,4,5,6,7,8,9
node_depth,0,1,1,2,2,3,3,3,3
node_type,root,term,func,func,func,term,term,term,term
node_label,+,c,+,-,*,c,a,b,a
node_parent,,1,1,3,3,4,4,5,5
node_arity,2,0,2,2,2,0,0,0,0
node_c1,2,,4,6,8,,,,
node_c2,3,,5,7,9,,,,
node_c3,,,,,,,,,
fitness,0.0,19,,,,,,,

TREE_ID,89,,
tree_type,g,,
tree_depth_base,1,,
NODE_ID,1,2,3
node_depth,0,1,1
node_type,root,term,term
node_label,+,c,b
node_parent,,1,1
node_arity,2,0,0
node_c1,2,,
node_c2,3,,
node_c3,,,
fitness,1.0,7,

TREE_ID,90,,,,,,,,
tree_type,f,,,,,,,,
tree_depth_base,2,,,,,,,,
NODE_ID,1,2,3,4,5,6,7,8,9
node_depth,0,1,1,2,2,3,3,3,3
node_type,root,func,term,func,func,term,term,term,term
node_label,*,+,b,-,*,b,a,b,a
node_parent,,1,1,2,2,4,4,5,5
node_arity,2,2,0,2,2,0,0,0,0
node_c1,2,4,,6,8,,,,
node_c2,3,5,,7,9,,,,
node_c3,,,,,,,,,
fitness,0.0,19,,,,,,,

TREE_ID,91,,,,,,,,,,
tree_type,g,,,,,,,,,,
tree_depth_base,1,,,,,,,,,,
NODE_ID,1,2,3,4,5,6,7,8,9,10,11
node_depth,0,1,1,2,2,2,2,3,3,3,3
node_type,root,func,func,func,func,term,term,term,term,term,term
node_label,+,+,+,-,*,b,a,b,a,b,a
node_parent,,1,1,2,2,3,3,4,4,5,5
node_arity,2,2,2,2,2,0,0,0,0,0,0
node_c1,2,4,6,8,10,,,,,,
node_c2,3,5,7,9,11,,,,,,
node_c3,,,,,,,,,,,
fitness,1.0,23,,,,,,,,,

TREE_ID,92,,
tree_type,g,,
tree_depth_base,1,,
NODE_ID,1,2,3
node_depth,0,1,1
node_type,root,term,term
node_label,+,c,c
node_parent,,1,1
node_arity,2,0,0
node_c1,2,,
node_c2,3,,
node_c3,,,
fitness,1.0,7,

TREE_ID,93,,,,,,,,
tree_type,g,,,,,,,,
tree_depth_base,1,,,,,,,,
NODE_ID,1,2,3,4,5,6,7,8,9
node_depth,0,1,1,2,2,3,3,3,3
node_type,root,term,func,func,func,term,term,term,term
node_label,+,c,+,-,*,b,a,c,a
node_parent,,1,1,3,3,4,4,5,5
node_arity,2,0,2,2,2,0,0,0,0
node_c1,2,,4,6,8,,,,
node_c2,3,,5,7,9,,,,
node_c3,,,,,,,,,
fitness,1.0,19,,,,,,,

TREE_ID,94,,,,,,,,
tree_type,g,,,,,,,,
tree_depth_base,1,,,,,,,,
NODE_ID,1,2,3,4,5,6,7,8,9
node_depth,0,1,1,2,2,3,3,3,3
node_type,root,term,func,func,func,term,term,term,term
node_label,+,b,+,-,*,b,a,b,a
node_parent,,1,1,3,3,4,4,5,5
node_arity,2,0,2,2,2,0,0,0,0
node_c1,2,,4,6,8,,,,
node_c2,3,,5,7,9,,,,
node_c3,,,,,,,,,
fitness,0.0,19,,,,,,,

TREE_ID,95,,,,,,,,
tree_type,g,,,,,,,,
tree_depth_base,1,,,,,,,,
NODE_ID,1,2,3,4,5,6,7,8,9
node_depth,0,1,1,2,2,3,3,3,3
node_type,root,term,func,func,func,term,term,term,term
node_label,+,c,+,-,*,c,a,b,a
node_parent,,1,1,3,3,4,4,5,5
node_arity,2,0,2,2,2,0,0,0,0
node_c1,2,,4,6,8,,,,
node_c2,3,,5,7,9,,,,
node_c3,,,,,,,,,
fitness,0.0,19,,,,,,,

TREE_ID,96,,,,
tree_type,g,,,,
tree_depth_base,1,,,,
NODE_ID,1,2,3,4,5
node_depth,0,1,1,2,2
node_type,root,term,func,term,term
node_label,+,b,+,b,a
node_parent,,1,1,3,3
node_arity,2,0,2,0,0
node_c1,2,,4,,
node_c2,3,,5,,
node_c3,,,,,
fitness,0.0,11,,,

TREE_ID,97,,,,
tree_type,f,,,,
tree_depth_base,2,,,,
NODE_ID,1,2,3,4,5
node_depth,0,1,1,2,2
node_type,root,func,term,term,term
node_label,*,*,b,b,a
node_parent,,1,1,2,2
node_arity,2,2,0,0,0
node_c1,2,4,,,
node_c2,3,5,,,
node_c3,,,,,
fitness,0.0,11,,,

TREE_ID,98,,,,,,,,
tree_type,g,,,,,,,,
tree_depth_base,1,,,,,,,,
NODE_ID,1,2,3,4,5,6,7,8,9
node_depth,0,1,1,2,2,3,3,3,3
node_type,root,term,func,func,func,term,term,term,term
node_label,+,c,+,-,+,b,a,b,c
node_parent,,1,1,3,3,4,4,5,5
node_arity,2,0,2,2,2,0,0,0,0
node_c1,2,,4,6,8,,,,
node_c2,3,,5,7,9,,,,
node_c3,,,,,,,,,
fitness,0.0,19,,,,,,,

TREE_ID,99,,,,,,
tree_type,g,,,,,,
tree_depth_base,1,,,,,,
NODE_ID,1,2,3,4,5,6,7
node_depth,0,1,1,2,2,3,3
node_type,root,term,func,term,func,term,term
node_label,+,c,+,b,*,c,a
node_parent,,1,1,3,3,5,5
node_arity,2,0,2,0,2,0,0
node_c1,2,,4,,6,,
node_c2,3,,5,,7,,
node_c3,,,,,,,
fitness,1.0,15,,,,,

TREE_ID,100,,,,,,,,
tree_type,g,,,,,,,,
tree_depth_base,1,,,,,,,,
NODE_ID,1,2,3,4,5,6,7,8,9
node_depth,0,1,1,2,2,3,3,3,3
node_type,root,term,func,func,func,term,term,term,term
node_label,+,a,+,-,*,b,a,a,b
node_parent,,1,1,3,3,4,4,5,5
node_arity,2,0,2,2,2,0,0,0,0
node_c1,2,,4,6,8,,,,
node_c2,3,,5,7,9,,,,
node_c3,,,,,,,,,
fitness,1.0,19,,,,,,,

Karoo GP by Kai Staats,Generation:,7

TREE_ID,1,,,,,,,,
tree_type,g,,,,,,,,
tree_depth_base,1,,,,,,,,
NODE_ID,1,2,3,4,5,6,7,8,9
node_depth,0,1,1,2,2,3,3,3,3
node_type,root,term,func,func,func,term,term,term,term
node_label,+,c,+,-,*,b,a,a,a
node_parent,,1,1,3,3,4,4,5,5
node_arity,2,0,2,2,2,0,0,0,0
node_c1,2,,4,6,8,,,,
node_c2,3,,5,7,9,,,,
node_c3,,,,,,,,,
fitness,2.0,19,,,,,,,

TREE_ID,2,,,,,,,,
tree_type,g,,,,,,,,
tree_depth_base,1,,,,,,,,
NODE_ID,1,2,3,4,5,6,7,8,9
node_depth,0,1,1,2,2,3,3,3,3
node_type,root,term,func,func,func,term,term,term,term
node_label,+,c,+,-,*,b,a,b,a
node_parent,,1,1,3,3,4,4,5,5
node_arity,2,0,2,2,2,0,0,0,0
node_c1,2,,4,6,8,,,,
node_c2,3,,5,7,9,,,,
node_c3,,,,,,,,,
fitness,2.0,19,,,,,,,

TREE_ID,3,,,,,,,,
tree_type,g,,,,,,,,
tree_depth_base,1,,,,,,,,
NODE_ID,1,2,3,4,5,6,7,8,9
node_depth,0,1,1,2,2,3,3,3,3
node_type,root,term,func,func,func,term,term,term,term
node_label,+,c,+,-,*,b,a,b,a
node_parent,,1,1,3,3,4,4,5,5
node_arity,2,0,2,2,2,0,0,0,0
node_c1,2,,4,6,8,,,,
node_c2,3,,5,7,9,,,,
node_c3,,,,,,,,,
fitness,2.0,19,,,,,,,

TREE_ID,4,,
tree_type,f,,
tree_depth_base,1,,
NODE_ID,1,2,3
node_depth,0,1,1
node_type,root,term,term
node_label,/,c,a
node_parent,,1,1
node_arity,2,0,0
node_c1,2,,
node_c2,3,,
node_c3,,,
fitness,1.0,7,

TREE_ID,5,,,,,,
tree_type,g,,,,,,
tree_depth_base,1,,,,,,
NODE_ID,1,2,3,4,5,6,7
node_depth,0,1,1,2,2,3,3
node_type,root,term,func,term,func,term,term
node_label,+,c,+,b,*,a,a
node_parent,,1,1,3,3,5,5
node_arity,2,0,2,0,2,0,0
node_c1,2,,4,,6,,
node_c2,3,,5,,7,,
node_c3,,,,,,,
fitness,2.0,15,,,,,

TREE_ID,6,,,,,,
tree_type,g,,,,,,
tree_depth_base,1,,,,,,
NODE_ID,1,2,3,4,5,6,7
node_depth,0,1,1,2,2,3,3
node_type,root,term,func,term,func,term,term
node_label,+,c,+,b,*,a,a
node_parent,,1,1,3,3,5,5
node_arity,2,0,2,0,2,0,0
node_c1,2,,4,,6,,
node_c2,3,,5,,7,,
node_c3,,,,,,,
fitness,2.0,15,,,,,

TREE_ID,7,,
tree_type,g,,
tree_depth_base,1,,
NODE_ID,1,2,3
node_depth,0,1,1
node_type,root,term,term
node_label,+,c,b
node_parent,,1,1
node_arity,2,0,0
node_c1,2,,
node_c2,3,,
node_c3,,,
fitness,1.0,7,

TREE_ID,8,,
tree_type,f,,
tree_depth_base,1,,
NODE_ID,1,2,3
node_depth,0,1,1
node_type,root,term,term
node_label,/,c,a
node_parent,,1,1
node_arity,2,0,0
node_c1,2,,
node_c2,3,,
node_c3,,,
fitness,1.0,7,

TREE_ID,9,,,,,,
tree_type,g,,,,,,
tree_depth_base,1,,,,,,
NODE_ID,1,2,3,4,5,6,7
node_depth,0,1,1,2,2,3,3
node_type,root,term,func,term,func,term,term
node_label,+,c,+,a,*,a,b
node_parent,,1,1,3,3,5,5
node_arity,2,0,2,0,2,0,0
node_c1,2,,4,,6,,
node_c2,3,,5,,7,,
node_c3,,,,,,,
fitness,1.0,15,,,,,

TREE_ID,10,,,,,,,,
tree_type,g,,,,,,,,
tree_depth_base,1,,,,,,,,
NODE_ID,1,2,3,4,5,6,7,8,9
node_depth,0,1,1,2,2,3,3,3,3
node_type,root,term,func,func,func,term,term,term,term
node_label,+,c,+,-,*,b,a,a,a
node_parent,,1,1,3,3,4,4,5,5
node_arity,2,0,2,2,2,0,0,0,0
node_c1,2,,4,6,8,,,,
node_c2,3,,5,7,9,,,,
node_c3,,,,,,,,,
fitness,2.0,19,,,,,,,

TREE_ID,11,,,,,,,,
tree_type,g,,,,,,,,
tree_depth_base,1,,,,,,,,
NODE_ID,1,2,3,4,5,6,7,8,9
node_depth,0,1,1,2,2,3,3,3,3
node_type,root,term,func,func,func,term,term,term,term
node_label,+,c,+,-,*,b,a,a,a
node_parent,,1,1,3,3,4,4,5,5
node_arity,2,0,2,2,2,0,0,0,0
node_c1,2,,4,6,8,,,,
node_c2,3,,5,7,9,,,,
node_c3,,,,,,,,,
fitness,2.0,19,,,,,,,

TREE_ID,12,,,,,,,,
tree_type,g,,,,,,,,
tree_depth_base,1,,,,,,,,
NODE_ID,1,2,3,4,5,6,7,8,9
node_depth,0,1,1,2,2,3,3,3,3
node_type,root,term,func,func,func,term,term,term,term
node_label,+,c,+,-,*,b,a,b,b
node_parent,,1,1,3,3,4,4,5,5
node_arity,2,0,2,2,2,0,0,0,0
node_c1,2,,4,6,8,,,,
node_c2,3,,5,7,9,,,,
node_c3,,,,,,,,,
fitness,0.0,19,,,,,,,

TREE_ID,13,,,,,,,,
tree_type,g,,,,,,,,
tree_depth_base,1,,,,,,,,
NODE_ID,1,2,3,4,5,6,7,8,9
node_depth,0,1,1,2,2,3,3,3,3
node_type,root,term,func,func,func,term,term,term,term
node_label,+,c,+,-,*,b,a,c,a
node_parent,,1,1,3,3,4,4,5,5
node_arity,2,0,2,2,2,0,0,0,0
node_c1,2,,4,6,8,,,,
node_c2,3,,5,7,9,,,,
node_c3,,,,,,,,,
fitness,1.0,19,,,,,,,

TREE_ID,14,,,,,,,,
tree_type,g,,,,,,,,
tree_depth_base,1,,,,,,,,
NODE_ID,1,2,3,4,5,6,7,8,9
node_depth,0,1,1,2,2,3,3,3,3
node_type,root,term,func,func,func,term,term,term,term
node_label,+,c,+,-,*,b,a,b,a
node_parent,,1,1,3,3,4,4,5,5
node_arity,2,0,2,2,2,0,0,0,0
node_c1,2,,4,6,8,,,,
node_c2,3,,5,7,9,,,,
node_c3,,,,,,,,,
fitness,2.0,19,,,,,,,

TREE_ID,15,,
tree_type,g,,
tree_depth_base,1,,
NODE_ID,1,2,3
node_depth,0,1,1
node_type,root,term,term
node_label,+,c,a
node_parent,,1,1
node_arity,2,0,0
node_c1,2,,
node_c2,3,,
node_c3,,,
fitness,0.0,7,

TREE_ID,16,,,,,,,,
tree_type,g,,,,,,,,
tree_depth_base,1,,,,,,,,
NODE_ID,1,2,3,4,5,6,7,8,9
node_depth,0,1,1,2,2,3,3,3,3
node_type,root,term,func,func,func,term,term,term,term
node_label,+,c,+,-,*,b,a,a,a
node_parent,,1,1,3,3,4,4,5,5
node_arity,2,0,2,2,2,0,0,0,0
node_c1,2,,4,6,8,,,,
node_c2,3,,5,7,9,,,,
node_c3,,,,,,,,,
fitness,2.0,19,,,,,,,

TREE_ID,17,,,,,,
tree_type,g,,,,,,
tree_depth_base,1,,,,,,
NODE_ID,1,2,3,4,5,6,7
node_depth,0,1,1,2,2,3,3
node_type,root,term,func,func,term,term,term
node_label,+,c,+,-,a,b,a
node_parent,,1,1,3,3,4,4
node_arity,2,0,2,2,0,0,0
node_c1,2,,4,6,,,
node_c2,3,,5,7,,,
node_c3,,,,,,,
fitness,1.0,15,,,,,

TREE_ID,18,,,,,,,,
tree_type,g,,,,,,,,
tree_depth_base,1,,,,,,,,
NODE_ID,1,2,3,4,5,6,7,8,9
node_depth,0,1,1,2,2,3,3,3,3
node_type,root,term,func,func,func,term,term,term,term
node_label,+,c,+,-,*,c,a,a,a
node_parent,,1,1,3,3,4,4,5,5
node_arity,2,0,2,2,2,0,0,0,0
node_c1,2,,4,6,8,,,,
node_c2,3,,5,7,9,,,,
node_c3,,,,,,,,,
fitness,1.0,19,,,,,,,

TREE_ID,19,,,,,,,,
tree_type,g,,,,,,,,
tree_depth_base,1,,,,,,,,
NODE_ID,1,2,3,4,5,6,7,8,9
node_depth,0,1,1,2,2,3,3,3,3
node_type,root,term,func,func,func,term,term,term,term
node_label,+,c,+,-,*,b,c,b,a
node_parent,,1,1,3,3,4,4,5,5
node_arity,2,0,2,2,2,0,0,0,0
node_c1,2,,4,6,8,,,,
node_c2,3,,5,7,9,,,,
node_c3,,,,,,,,,
fitness,1.0,19,,,,,,,

TREE_ID,20,,,,,,,,
tree_type,g,,,,,,,,
tree_depth_base,1,,,,,,,,
NODE_ID,1,2,3,4,5,6,7,8,9
node_depth,0,1,1,2,2,3,3,3,3
node_type,root,term,func,func,func,term,term,term,term
node_label,+,c,+,-,*,b,a,b,a
node_parent,,1,1,3,3,4,4,5,5
node_arity,2,0,2,2,2,0,0,0,0
node_c1,2,,4,6,8,,,,
node_c2,3,,5,7,9,,,,
node_c3,,,,,,,,,
fitness,2.0,19,,,,,,,

TREE_ID,21,,,,,,
tree_type,g,,,,,,
tree_depth_base,1,,,,,,
NODE_ID,1,2,3,4,5,6,7
node_depth,0,1,1,2,2,3,3
node_type,root,term,func,func,term,term,term
node_label,+,c,+,-,a,b,a
node_parent,,1,1,3,3,4,4
node_arity,2,0,2,2,0,0,0
node_c1,2,,4,6,,,
node_c2,3,,5,7,,,
node_c3,,,,,,,
fitness,1.0,15,,,,,

TREE_ID,22,,,,,,
tree_type,g,,,,,,
tree_depth_base,1,,,,,,
NODE_ID,1,2,3,4,5,6,7
node_depth,0,1,1,2,2,3,3
node_type,root,term,func,term,func,term,term
node_label,+,c,+,b,*,a,b
node_parent,,1,1,3,3,5,5
node_arity,2,0,2,0,2,0,0
node_c1,2,,4,,6,,
node_c2,3,,5,,7,,
node_c3,,,,,,,
fitness,1.0,15,,,,,

TREE_ID,23,,,,,,,,
tree_type,g,,,,,,,,
tree_depth_base,1,,,,,,,,
NODE_ID,1,2,3,4,5,6,7,8,9
node_depth,0,1,1,2,2,3,3,3,3
node_type,root,term,func,func,func,term,term,term,term
node_label,+,c,+,-,*,b,a,a,a
node_parent,,1,1,3,3,4,4,5,5
node_arity,2,0,2,2,2,0,0,0,0
node_c1,2,,4,6,8,,,,
node_c2,3,,5,7,9,,,,
node_c3,,,,,,,,,
fitness,2.0,19,,,,,,,

TREE_ID,24,,
tree_type,g,,
tree_depth_base,1,,
NODE_ID,1,2,3
node_depth,0,1,1
node_type,root,term,term
node_label,+,c,a
node_parent,,1,1
node_arity,2,0,0
node_c1,2,,
node_c2,3,,
node_c3,,,
fitness,0.0,7,

TREE_ID,25,,
tree_type,g,,
tree_depth_base,1,,
NODE_ID,1,2,3
node_depth,0,1,1
node_type,root,term,term
node_label,+,c,b
node_parent,,1,1
node_arity,2,0,0
node_c1,2,,
node_c2,3,,
node_c3,,,
fitness,1.0,7,

TREE_ID,26,,,,,,,,
tree_type,g,,,,,,,,
tree_depth_base,1,,,,,,,,
NODE_ID,1,2,3,4,5,6,7,8,9
node_depth,0,1,1,2,2,3,3,3,3
node_type,root,term,func,func,func,term,term,term,term
node_label,+,c,+,-,*,a,c,b,c
node_parent,,1,1,3,3,4,4,5,5
node_arity,2,0,2,2,2,0,0,0,0
node_c1,2,,4,6,8,,,,
node_c2,3,,5,7,9,,,,
node_c3,,,,,,,,,
fitness,0.0,19,,,,,,,

TREE_ID,27,,,,,,,,
tree_type,g,,,,,,,,
tree_depth_base,1,,,,,,,,
NODE_ID,1,2,3,4,5,6,7,8,9
node_depth,0,1,1,2,2,3,3,3,3
node_type,root,term,func,func,func,term,term,term,term
node_label,+,c,-,-,-,b,c,b,b
node_parent,,1,1,3,3,4,4,5,5
node_arity,2,0,2,2,2,0,0,0,0
node_c1,2,,4,6,8,,,,
node_c2,3,,5,7,9,,,,
node_c3,,,,,,,,,
fitness,0.0,19,,,,,,,

TREE_ID,28,,,,,,,,
tree_type,g,,,,,,,,
tree_depth_base,3,,,,,,,,
NODE_ID,1,2,3,4,5,6,7,8,9
node_depth,0,1,1,2,2,3,3,3,3
node_type,root,func,term,func,func,term,term,term,term
node_label,*,/,a,+,-,a,b,c,a
node_parent,,1,1,2,2,4,4,5,5
node_arity,2,2,0,2,2,0,0,0,0
node_c1,2,4,,6,8,,,,
node_c2,3,5,,7,9,,,,
node_c3,,,,,,,,,
fitness,0.0,19,,,,,,,

TREE_ID,29,,,,
tree_type,g,,,,
tree_depth_base,2,,,,
NODE_ID,1,2,3,4,5
node_depth,0,1,1,2,2
node_type,root,term,func,term,term
node_label,*,c,/,a,a
node_parent,,1,1,3,3
node_arity,2,0,2,0,0
node_c1,2,,4,,
node_c2,3,,5,,
node_c3,,,,,
fitness,0.0,11,,,

TREE_ID,30,,
tree_type,g,,
tree_depth_base,1,,
NODE_ID,1,2,3
node_depth,0,1,1
node_type,root,term,term
node_label,+,c,c
node_parent,,1,1
node_arity,2,0,0
node_c1,2,,
node_c2,3,,
node_c3,,,
fitness,1.0,7,

TREE_ID,31,,,,,,
tree_type,g,,,,,,
tree_depth_base,1,,,,,,
NODE_ID,1,2,3,4,5,6,7
node_depth,0,1,1,2,2,3,3
node_type,root,term,func,term,func,term,term
node_label,+,c,+,a,*,b,a
node_parent,,1,1,3,3,5,5
node_arity,2,0,2,0,2,0,0
node_c1,2,,4,,6,,
node_c2,3,,5,,7,,
node_c3,,,,,,,
fitness,1.0,15,,,,,

TREE_ID,32,,,,,,
tree_type,g,,,,,,
tree_depth_base,1,,,,,,
NODE_ID,1,2,3,4,5,6,7
node_depth,0,1,1,2,2,3,3
node_type,root,term,func,term,func,term,term
node_label,+,c,+,b,*,a,a
node_parent,,1,1,3,3,5,5
node_arity,2,0,2,0,2,0,0
node_c1,2,,4,,6,,
node_c2,3,,5,,7,,
node_c3,,,,,,,
fitness,2.0,15,,,,,

TREE_ID,33,,,,,,,,
tree_type,g,,,,,,,,
tree_depth_base,1,,,,,,,,
NODE_ID,1,2,3,4,5,6,7,8,9
node_depth,0,1,1,2,2,3,3,3,3
node_type,root,term,func,func,func,term,term,term,term
node_label,+,c,+,-,*,c,a,b,a
node_parent,,1,1,3,3,4,4,5,5
node_arity,2,0,2,2,2,0,0,0,0
node_c1,2,,4,6,8,,,,
node_c2,3,,5,7,9,,,,
node_c3,,,,,,,,,
fitness,0.0,19,,,,,,,

TREE_ID,34,,,,,,,,
tree_type,g,,,,,,,,
tree_depth_base,1,,,,,,,,
NODE_ID,1,2,3,4,5,6,7,8,9
node_depth,0,1,1,2,2,3,3,3,3
node_type,root,term,func,func,func,term,term,term,term
node_label,+,b,+,-,*,b,a,a,a
node_parent,,1,1,3,3,4,4,5,5
node_arity,2,0,2,2,2,0,0,0,0
node_c1,2,,4,6,8,,,,
node_c2,3,,5,7,9,,,,
node_c3,,,,,,,,,
fitness,0.0,19,,,,,,,

TREE_ID,35,,,,,,
tree_type,g,,,,,,
tree_depth_base,1,,,,,,
NODE_ID,1,2,3,4,5,6,7
node_depth,0,1,1,2,2,3,3
node_type,root,term,func,term,func,term,term
node_label,+,c,+,b,*,a,a
node_parent,,1,1,3,3,5,5
node_arity,2,0,2,0,2,0,0
node_c1,2,,4,,6,,
node_c2,3,,5,,7,,
node_c3,,,,,,,
fitness,2.0,15,,,,,

TREE_ID,36,,,,,,,,
tree_type,g,,,,,,,,
tree_depth_base,1,,,,,,,,
NODE_ID,1,2,3,4,5,6,7,8,9
node_depth,0,1,1,2,2,3,3,3,3
node_type,root,term,func,func,func,term,term,term,term
node_label,+,c,+,-,*,b,a,b,a
node_parent,,1,1,3,3,4,4,5,5
node_arity,2,0,2,2,2,0,0,0,0
node_c1,2,,4,6,8,,,,
node_c2,3,,5,7,9,,,,
node_c3,,,,,,,,,
fitness,2.0,19,,,,,,,

TREE_ID,37,,,,,,
tree_type,g,,,,,,
tree_depth_base,1,,,,,,
NODE_ID,1,2,3,4,5,6,7
node_depth,0,1,1,2,2,3,3
node_type,root,term,func,term,func,term,term
node_label,+,c,+,c,*,b,a
node_parent,,1,1,3,3,5,5
node_arity,2,0,2,0,2,0,0
node_c1,2,,4,,6,,
node_c2,3,,5,,7,,
node_c3,,,,,,,
fitness,0.0,15,,,,,

TREE_ID,38,,,,
tree_type,g,,,,
tree_depth_base,1,,,,
NODE_ID,1,2,3,4,5
node_depth,0,1,1,2,2
node_type,root,term,func,term,term
node_label,+,c,-,b,a
node_parent,,1,1,3,3
node_arity,2,0,2,0,0
node_c1,2,,4,,
node_c2,3,,5,,
node_c3,,,,,
fitness,1.0,11,,,

TREE_ID,39,,,,,,,,
tree_type,g,,,,,,,,
tree_depth_base,1,,,,,,,,
NODE_ID,1,2,3,4,5,6,7,8,9
node_depth,0,1,1,2,2,3,3,3,3
node_type,root,term,func,func,func,term,term,term,term
node_label,+,c,+,-,*,b,a,a,a
node_parent,,1,1,3,3,4,4,5,5
node_arity,2,0,2,2,2,0,0,0,0
node_c1,2,,4,6,8,,,,
node_c2,3,,5,7,9,,,,
node_c3,,,,,,,,,
fitness,2.0,19,,,,,,,

TREE_ID,40,,
tree_type,g,,
tree_depth_base,1,,
NODE_ID,1,2,3
node_depth,0,1,1
node_type,root,term,term
node_label,+,c,a
node_parent,,1,1
node_arity,2,0,0
node_c1,2,,
node_c2,3,,
node_c3,,,
fitness,0.0,7,

TREE_ID,41,,,,,,
tree_type,g,,,,,,
tree_depth_base,1,,,,,,
NODE_ID,1,2,3,4,5,6,7
node_depth,0,1,1,2,2,3,3
node_type,root,term,func,term,func,term,term
node_label,+,c,+,b,-,b,a
node_parent,,1,1,3,3,5,5
node_arity,2,0,2,0,2,0,0
node_c1,2,,4,,6,,
node_c2,3,,5,,7,,
node_c3,,,,,,,
fitness,1.0,15,,,,,

TREE_ID,42,,,,,,,,
tree_type,g,,,,,,,,
tree_depth_base,1,,,,,,,,
NODE_ID,1,2,3,4,5,6,7,8,9
node_depth,0,1,1,2,2,3,3,3,3
node_type,root,term,func,func,func,term,term,term,term
node_label,+,c,+,*,*,a,a,b,a
node_parent,,1,1,3,3,4,4,5,5
node_arity,2,0,2,2,2,0,0,0,0
node_c1,2,,4,6,8,,,,
node_c2,3,,5,7,9,,,,
node_c3,,,,,,,,,
fitness,1.0,19,,,,,,,

TREE_ID,43,,,,,,
tree_type,g,,,,,,
tree_depth_base,1,,,,,,
NODE_ID,1,2,3,4,5,6,7
node_depth,0,1,1,2,2,3,3
node_type,root,term,func,term,func,term,term
node_label,+,c,+,a,*,a,a
node_parent,,1,1,3,3,5,5
node_arity,2,0,2,0,2,0,0
node_c1,2,,4,,6,,
node_c2,3,,5,,7,,
node_c3,,,,,,,
fitness,0.0,15,,,,,

TREE_ID,44,,,,,,
tree_type,g,,,,,,
tree_depth_base,1,,,,,,
NODE_ID,1,2,3,4,5,6,7
node_depth,0,1,1,2,2,3,3
node_type,root,term,func,term,func,term,term
node_label,+,c,+,b,*,b,a
node_parent,,1,1,3,3,5,5
node_arity,2,0,2,0,2,0,0
node_c1,2,,4,,6,,
node_c2,3,,5,,7,,
node_c3,,,,,,,
fitness,1.0,15,,,,,

TREE_ID,45,,,,,,,,
tree_type,g,,,,,,,,
tree_depth_base,1,,,,,,,,
NODE_ID,1,2,3,4,5,6,7,8,9
node_depth,0,1,1,2,2,3,3,3,3
node_type,root,term,func,func,func,term,term,term,term
node_label,+,c,+,+,*,a,a,b,a
node_parent,,1,1,3,3,4,4,5,5
node_arity,2,0,2,2,2,0,0,0,0
node_c1,2,,4,6,8,,,,
node_c2,3,,5,7,9,,,,
node_c3,,,,,,,,,
fitness,0.0,19,,,,,,,

TREE_ID,46,,,,
tree_type,g,,,,
tree_depth_base,1,,,,
NODE_ID,1,2,3,4,5
node_depth,0,1,1,2,2
node_type,root,term,func,term,term
node_label,+,c,-,b,a
node_parent,,1,1,3,3
node_arity,2,0,2,0,0
node_c1,2,,4,,
node_c2,3,,5,,
node_c3,,,,,
fitness,1.0,11,,,

TREE_ID,47,,,,,,
tree_type,g,,,,,,
tree_depth_base,1,,,,,,
NODE_ID,1,2,3,4,5,6,7
node_depth,0,1,1,2,2,3,3
node_type,root,term,func,term,func,term,term
node_label,+,c,+,a,*,c,a
node_parent,,1,1,3,3,5,5
node_arity,2,0,2,0,2,0,0
node_c1,2,,4,,6,,
node_c2,3,,5,,7,,
node_c3,,,,,,,
fitness,0.0,15,,,,,

TREE_ID,48,,,,,,
tree_type,g,,,,,,
tree_depth_base,1,,,,,,
NODE_ID,1,2,3,4,5,6,7
node_depth,0,1,1,2,2,3,3
node_type,root,term,func,term,func,term,term
node_label,+,b,+,b,*,a,b
node_parent,,1,1,3,3,5,5
node_arity,2,0,2,0,2,0,0
node_c1,2,,4,,6,,
node_c2,3,,5,,7,,
node_c3,,,,,,,
fitness,1.0,15,,,,,

TREE_ID,49,,,,,,
tree_type,g,,,,,,
tree_depth_base,1,,,,,,
NODE_ID,1,2,3,4,5,6,7
node_depth,0,1,1,2,2,3,3
node_type,root,term,func,term,func,term,term
node_label,+,c,+,b,*,b,a
node_parent,,1,1,3,3,5,5
node_arity,2,0,2,0,2,0,0
node_c1,2,,4,,6,,
node_c2,3,,5,,7,,
node_c3,,,,,,,
fitness,1.0,15,,,,,

TREE_ID,50,,,,,,
tree_type,g,,,,,,
tree_depth_base,1,,,,,,
NODE_ID,1,2,3,4,5,6,7
node_depth,0,1,1,2,2,3,3
node_type,root,term,func,func,term,term,term
node_label,+,c,+,-,a,b,a
node_parent,,1,1,3,3,4,4
node_arity,2,0,2,2,0,0,0
node_c1,2,,4,6,,,
node_c2,3,,5,7,,,
node_c3,,,,,,,
fitness,1.0,15,,,,,

TREE_ID,51,,,,,,,,
tree_type,g,,,,,,,,
tree_depth_base,1,,,,,,,,
NODE_ID,1,2,3,4,5,6,7,8,9
node_depth,0,1,1,2,2,3,3,3,3
node_type,root,term,func,func,func,term,term,term,term
node_label,+,b,+,-,*,b,a,a,a
node_parent,,1,1,3,3,4,4,5,5
node_arity,2,0,2,2,2,0,0,0,0
node_c1,2,,4,6,8,,,,
node_c2,3,,5,7,9,,,,
node_c3,,,,,,,,,
fitness,0.0,19,,,,,,,

TREE_ID,52,,,,,,,,
tree_type,g,,,,,,,,
tree_depth_base,1,,,,,,,,
NODE_ID,1,2,3,4,5,6,7,8,9
node_depth,0,1,1,2,2,3,3,3,3
node_type,root,term,func,func,func,term,term,term,term
node_label,+,c,+,-,*,b,a,c,a
node_parent,,1,1,3,3,4,4,5,5
node_arity,2,0,2,2,2,0,0,0,0
node_c1,2,,4,6,8,,,,
node_c2,3,,5,7,9,,,,
node_c3,,,,,,,,,
fitness,1.0,19,,,,,,,

TREE_ID,53,,,,,,,,
tree_type,g,,,,,,,,
tree_depth_base,1,,,,,,,,
NODE_ID,1,2,3,4,5,6,7,8,9
node_depth,0,1,1,2,2,3,3,3,3
node_type,root,term,func,func,func,term,term,term,term
node_label,+,c,+,-,*,c,a,b,a
node_parent,,1,1,3,3,4,4,5,5
node_arity,2,0,2,2,2,0,0,0,0
node_c1,2,,4,6,8,,,,
node_c2,3,,5,7,9,,,,
node_c3,,,,,,,,,
fitness,0.0,19,,,,,,,

TREE_ID,54,,,,,,,,
tree_type,g,,,,,,,,
tree_depth_base,1,,,,,,,,
NODE_ID,1,2,3,4,5,6,7,8,9
node_depth,0,1,1,2,2,3,3,3,3
node_type,root,term,func,func,func,term,term,term,term
node_label,+,b,+,-,*,b,a,c,a
node_parent,,1,1,3,3,4,4,5,5
node_arity,2,0,2,2,2,0,0,0,0
node_c1,2,,4,6,8,,,,
node_c2,3,,5,7,9,,,,
node_c3,,,,,,,,,
fitness,1.0,19,,,,,,,

TREE_ID,55,,,,,,
tree_type,g,,,,,,
tree_depth_base,1,,,,,,
NODE_ID,1,2,3,4,5,6,7
node_depth,0,1,1,2,2,3,3
node_type,root,term,func,term,func,term,term
node_label,+,c,+,b,-,b,a
node_parent,,1,1,3,3,5,5
node_arity,2,0,2,0,2,0,0
node_c1,2,,4,,6,,
node_c2,3,,5,,7,,
node_c3,,,,,,,
fitness,1.0,15,,,,,

TREE_ID,56,,,,,,,,
tree_type,g,,,,,,,,
tree_depth_base,1,,,,,,,,
NODE_ID,1,2,3,4,5,6,7,8,9
node_depth,0,1,1,2,2,3,3,3,3
node_type,root,term,func,func,func,term,term,term,term
node_label,+,a,+,*,*,a,a,a,b
node_parent,,1,1,3,3,4,4,5,5
node_arity,2,0,2,2,2,0,0,0,0
node_c1,2,,4,6,8,,,,
node_c2,3,,5,7,9,,,,
node_c3,,,,,,,,,
fitness,0.0,19,,,,,,,

TREE_ID,57,,,,,,
tree_type,g,,,,,,
tree_depth_base,1,,,,,,
NODE_ID,1,2,3,4,5,6,7
node_depth,0,1,1,2,2,3,3
node_type,root,term,func,term,func,term,term
node_label,+,c,+,b,*,a,a
node_parent,,1,1,3,3,5,5
node_arity,2,0,2,0,2,0,0
node_c1,2,,4,,6,,
node_c2,3,,5,,7,,
node_c3,,,,,,,
fitness,2.0,15,,,,,

TREE_ID,58,,
tree_type,g,,
tree_depth_base,1,,
NODE_ID,1,2,3
node_depth,0,1,1
node_type,root,term,term
node_label,+,c,c
node_parent,,1,1
node_arity,2,0,0
node_c1,2,,
node_c2,3,,
node_c3,,,
fitness,1.0,7,

TREE_ID,59,,
tree_type,f,,
tree_depth_base,1,,
NODE_ID,1,2,3
node_depth,0,1,1
node_type,root,term,term
node_label,*,c,a
node_parent,,1,1
node_arity,2,0,0
node_c1,2,,
node_c2,3,,
node_c3,,,
fitness,0.0,7,

TREE_ID,60,,,,,,
tree_type,g,,,,,,
tree_depth_base,1,,,,,,
NODE_ID,1,2,3,4,5,6,7
node_depth,0,1,1,2,2,3,3
node_type,root,term,func,term,func,term,term
node_label,+,c,+,b,*,b,a
node_parent,,1,1,3,3,5,5
node_arity,2,0,2,0,2,0,0
node_c1,2,,4,,6,,
node_c2,3,,5,,7,,
node_c3,,,,,,,
fitness,1.0,15,,,,,

TREE_ID,61,,,,,,,,
tree_type,g,,,,,,,,
tree_depth_base,1,,,,,,,,
NODE_ID,1,2,3,4,5,6,7,8,9
node_depth,0,1,1,2,2,3,3,3,3
node_type,root,term,func,func,func,term,term,term,term
node_label,+,b,+,-,*,b,a,b,a
node_parent,,1,1,3,3,4,4,5,5
node_arity,2,0,2,2,2,0,0,0,0
node_c1,2,,4,6,8,,,,
node_c2,3,,5,7,9,,,,
node_c3,,,,,,,,,
fitness,0.0,19,,,,,,,

TREE_ID,62,,,,
tree_type,f,,,,
tree_depth_base,2,,,,
NODE_ID,1,2,3,4,5
node_depth,0,1,1,2,2
node_type,root,func,term,term,term
node_label,*,+,b,c,c
node_parent,,1,1,2,2
node_arity,2,2,0,0,0
node_c1,2,4,,,
node_c2,3,5,,,
node_c3,,,,,
fitness,0.0,11,,,

TREE_ID,63,,,,,,,,
tree_type,g,,,,,,,,
tree_depth_base,1,,,,,,,,
NODE_ID,1,2,3,4,5,6,7,8,9
node_depth,0,1,1,2,2,3,3,3,3
node_type,root,func,term,func,func,term,term,term,term
node_label,+,+,b,-,*,b,a,b,a
node_parent,,1,1,2,2,4,4,5,5
node_arity,2,2,0,2,2,0,0,0,0
node_c1,2,4,,6,8,,,,
node_c2,3,5,,7,9,,,,
node_c3,,,,,,,,,
fitness,0.0,19,,,,,,,

TREE_ID,64,,
tree_type,g,,
tree_depth_base,1,,
NODE_ID,1,2,3
node_depth,0,1,1
node_type,root,term,term
node_label,+,c,c
node_parent,,1,1
node_arity,2,0,0
node_c1,2,,
node_c2,3,,
node_c3,,,
fitness,1.0,7,

TREE_ID,65,,,,,,,,
tree_type,g,,,,,,,,
tree_depth_base,1,,,,,,,,
NODE_ID,1,2,3,4,5,6,7,8,9
node_depth,0,1,1,2,2,2,2,3,3
node_type,root,func,func,func,term,term,term,term,term
node_label,+,+,+,-,b,b,a,b,a
node_parent,,1,1,2,2,3,3,4,4
node_arity,2,2,2,2,0,0,0,0,0
node_c1,2,4,6,8,,,,,
node_c2,3,5,7,9,,,,,
node_c3,,,,,,,,,
fitness,10.0,19,,,,,,,

TREE_ID,66,,,,,,,,
tree_type,g,,,,,,,,
tree_depth_base,1,,,,,,,,
NODE_ID,1,2,3,4,5,6,7,8,9
node_depth,0,1,1,2,2,3,3,3,3
node_type,root,term,func,func,func,term,term,term,term
node_label,+,c,+,-,*,a,a,a,a
node_parent,,1,1,3,3,4,4,5,5
node_arity,2,0,2,2,2,0,0,0,0
node_c1,2,,4,6,8,,,,
node_c2,3,,5,7,9,,,,
node_c3,,,,,,,,,
fitness,0.0,19,,,,,,,

TREE_ID,67,,,,,,,,
tree_type,g,,,,,,,,
tree_depth_base,1,,,,,,,,
NODE_ID,1,2,3,4,5,6,7,8,9
node_depth,0,1,1,2,2,3,3,3,3
node_type,root,term,func,func,func,term,term,term,term
node_label,+,c,+,-,*,a,a,a,a
node_parent,,1,1,3,3,4,4,5,5
node_arity,2,0,2,2,2,0,0,0,0
node_c1,2,,4,6,8,,,,
node_c2,3,,5,7,9,,,,
node_c3,,,,,,,,,
fitness,0.0,19,,,,,,,

TREE_ID,68,,,,,,
tree_type,g,,,,,,
tree_depth_base,1,,,,,,
NODE_ID,1,2,3,4,5,6,7
node_depth,0,1,1,2,2,3,3
node_type,root,term,func,term,func,term,term
node_label,+,c,+,b,*,b,a
node_parent,,1,1,3,3,5,5
node_arity,2,0,2,0,2,0,0
node_c1,2,,4,,6,,
node_c2,3,,5,,7,,
node_c3,,,,,,,
fitness,1.0,15,,,,,

TREE_ID,69,,,,
tree_type,g,,,,
tree_depth_base,1,,,,
NODE_ID,1,2,3,4,5
node_depth,0,1,1,2,2
node_type,root,term,func,term,term
node_label,+,c,+,b,b
node_parent,,1,1,3,3
node_arity,2,0,2,0,0
node_c1,2,,4,,
node_c2,3,,5,,
node_c3,,,,,
fitness,0.0,11,,,

TREE_ID,70,,,,,,,,
tree_type,g,,,,,,,,
tree_depth_base,1,,,,,,,,
NODE_ID,1,2,3,4,5,6,7,8,9
node_depth,0,1,1,2,2,3,3,3,3
node_type,root,term,func,func,func,term,term,term,term
node_label,+,c,+,-,*,c,a,b,a
node_parent,,1,1,3,3,4,4,5,5
node_arity,2,0,2,2,2,0,0,0,0
node_c1,2,,4,6,8,,,,
node_c2,3,,5,7,9,,,,
node_c3,,,,,,,,,
fitness,0.0,19,,,,,,,

TREE_ID,71,,,,,,
tree_type,g,,,,,,
tree_depth_base,1,,,,,,
NODE_ID,1,2,3,4,5,6,7
node_depth,0,1,1,2,2,3,3
node_type,root,term,func,term,func,term,term
node_label,+,c,+,c,*,c,a
node_parent,,1,1,3,3,5,5
node_arity,2,0,2,0,2,0,0
node_c1,2,,4,,6,,
node_c2,3,,5,,7,,
node_c3,,,,,,,
fitness,0.0,15,,,,,

TREE_ID,72,,,,,,,,
tree_type,g,,,,,,,,
tree_depth_base,1,,,,,,,,
NODE_ID,1,2,3,4,5,6,7,8,9
node_depth,0,1,1,2,2,3,3,3,3
node_type,root,term,func,func,func,term,term,term,term
node_label,+,b,+,-,*,b,a,a,a
node_parent,,1,1,3,3,4,4,5,5
node_arity,2,0,2,2,2,0,0,0,0
node_c1,2,,4,6,8,,,,
node_c2,3,,5,7,9,,,,
node_c3,,,,,,,,,
fitness,0.0,19,,,,,,,

TREE_ID,73,,
tree_type,g,,
tree_depth_base,1,,
NODE_ID,1,2,3
node_depth,0,1,1
node_type,root,term,term
node_label,+,c,a
node_parent,,1,1
node_arity,2,0,0
node_c1,2,,
node_c2,3,,
node_c3,,,
fitness,0.0,7,

TREE_ID,74,,,,,,
tree_type,g,,,,,,
tree_depth_base,1,,,,,,
NODE_ID,1,2,3,4,5,6,7
node_depth,0,1,1,2,2,3,3
node_type,root,term,func,term,func,term,term
node_label,+,c,+,b,*,a,c
node_parent,,1,1,3,3,5,5
node_arity,2,0,2,0,2,0,0
node_c1,2,,4,,6,,
node_c2,3,,5,,7,,
node_c3,,,,,,,
fitness,1.0,15,,,,,

TREE_ID,75,,,,
tree_type,g,,,,
tree_depth_base,1,,,,
NODE_ID,1,2,3,4,5
node_depth,0,1,1,2,2
node_type,root,func,term,term,term
node_label,+,-,c,b,a
node_parent,,1,1,2,2
node_arity,2,2,0,0,0
node_c1,2,4,,,
node_c2,3,5,,,
node_c3,,,,,
fitness,1.0,11,,,

TREE_ID,76,,,,,,
tree_type,g,,,,,,
tree_depth_base,1,,,,,,
NODE_ID,1,2,3,4,5,6,7
node_depth,0,1,1,2,2,3,3
node_type,root,term,func,term,func,term,term
node_label,+,c,+,b,*,b,a
node_parent,,1,1,3,3,5,5
node_arity,2,0,2,0,2,0,0
node_c1,2,,4,,6,,
node_c2,3,,5,,7,,
node_c3,,,,,,,
fitness,1.0,15,,,,,

TREE_ID,77,,,,,,
tree_type,g,,,,,,
tree_depth_base,1,,,,,,
NODE_ID,1,2,3,4,5,6,7
node_depth,0,1,1,2,2,3,3
node_type,root,term,func,term,func,term,term
node_label,+,c,+,b,*,a,b
node_parent,,1,1,3,3,5,5
node_arity,2,0,2,0,2,0,0
node_c1,2,,4,,6,,
node_c2,3,,5,,7,,
node_c3,,,,,,,
fitness,1.0,15,,,,,

TREE_ID,78,,,,,,,,
tree_type,g,,,,,,,,
tree_depth_base,1,,,,,,,,
NODE_ID,1,2,3,4,5,6,7,8,9
node_depth,0,1,1,2,2,3,3,3,3
node_type,root,term,func,func,func,term,term,term,term
node_label,+,c,+,-,*,b,a,a,a
node_parent,,1,1,3,3,4,4,5,5
node_arity,2,0,2,2,2,0,0,0,0
node_c1,2,,4,6,8,,,,
node_c2,3,,5,7,9,,,,
node_c3,,,,,,,,,
fitness,2.0,19,,,,,,,

TREE_ID,79,,,,,,,,
tree_type,g,,,,,,,,
tree_depth_base,1,,,,,,,,
NODE_ID,1,2,3,4,5,6,7,8,9
node_depth,0,1,1,2,2,3,3,3,3
node_type,root,term,func,func,func,term,term,term,term
node_label,+,c,+,-,*,b,a,a,a
node_parent,,1,1,3,3,4,4,5,5
node_arity,2,0,2,2,2,0,0,0,0
node_c1,2,,4,6,8,,,,
node_c2,3,,5,7,9,,,,
node_c3,,,,,,,,,
fitness,2.0,19,,,,,,,

TREE_ID,80,,,,,,
tree_type,g,,,,,,
tree_depth_base,1,,,,,,
NODE_ID,1,2,3,4,5,6,7
node_depth,0,1,1,2,2,3,3
node_type,root,term,func,term,func,term,term
node_label,+,c,+,b,*,b,a
node_parent,,1,1,3,3,5,5
node_arity,2,0,2,0,2,0,0
node_c1,2,,4,,6,,
node_c2,3,,5,,7,,
node_c3,,,,,,,
fitness,1.0,15,,,,,

TREE_ID,81,,,,,,,,
tree_type,g,,,,,,,,
tree_depth_base,1,,,,,,,,
NODE_ID,1,2,3,4,5,6,7,8,9
node_depth,0,1,1,2,2,3,3,3,3
node_type,root,term,func,func,func,term,term,term,term
node_label,+,c,+,-,*,b,a,b,a
node_parent,,1,1,3,3,4,4,5,5
node_arity,2,0,2,2,2,0,0,0,0
node_c1,2,,4,6,8,,,,
node_c2,3,,5,7,9,,,,
node_c3,,,,,,,,,
fitness,2.0,19,,,,,,,

TREE_ID,82,,,,,,
tree_type,g,,,,,,
tree_depth_base,1,,,,,,
NODE_ID,1,2,3,4,5,6,7
node_depth,0,1,1,2,2,3,3
node_type,root,term,func,func,term,term,term
node_label,+,c,+,-,b,b,a
node_parent,,1,1,3,3,4,4
node_arity,2,0,2,2,0,0,0
node_c1,2,,4,6,,,
node_c2,3,,5,7,,,
node_c3,,,,,,,
fitness,1.0,15,,,,,

TREE_ID,83,,,,,,,,
tree_type,g,,,,,,,,
tree_depth_base,1,,,,,,,,
NODE_ID,1,2,3,4,5,6,7,8,9
node_depth,0,1,1,2,2,3,3,3,3
node_type,root,term,func,func,func,term,term,term,term
node_label,+,c,+,-,*,c,a,b,a
node_parent,,1,1,3,3,4,4,5,5
node_arity,2,0,2,2,2,0,0,0,0
node_c1,2,,4,6,8,,,,
node_c2,3,,5,7,9,,,,
node_c3,,,,,,,,,
fitness,0.0,19,,,,,,,

TREE_ID,84,,,,,,,,
tree_type,g,,,,,,,,
tree_depth_base,1,,,,,,,,
NODE_ID,1,2,3,4,5,6,7,8,9
node_depth,0,1,1,2,2,3,3,3,3
node_type,root,term,func,func,func,term,term,term,term
node_label,+,b,+,-,*,b,a,b,a
node_parent,,1,1,3,3,4,4,5,5
node_arity,2,0,2,2,2,0,0,0,0
node_c1,2,,4,6,8,,,,
node_c2,3,,5,7,9,,,,
node_c3,,,,,,,,,
fitness,0.0,19,,,,,,,

TREE_ID,85,,,,,,,,
tree_type,g,,,,,,,,
tree_depth_base,1,,,,,,,,
NODE_ID,1,2,3,4,5,6,7,8,9
node_depth,0,1,1,2,2,3,3,3,3
node_type,root,term,func,func,func,term,term,term,term
node_label,+,c,+,-,*,b,b,b,a
node_parent,,1,1,3,3,4,4,5,5
node_arity,2,0,2,2,2,0,0,0,0
node_c1,2,,4,6,8,,,,
node_c2,3,,5,7,9,,,,
node_c3,,,,,,,,,
fitness,0.0,19,,,,,,,

TREE_ID,86,,,,,,,,
tree_type,g,,,,,,,,
tree_depth_base,1,,,,,,,,
NODE_ID,1,2,3,4,5,6,7,8,9
node_depth,0,1,1,2,2,3,3,3,3
node_type,root,term,func,func,func,term,term,term,term
node_label,+,c,+,-,*,c,a,b,a
node_parent,,1,1,3,3,4,4,5,5
node_arity,2,0,2,2,2,0,0,0,0
node_c1,2,,4,6,8,,,,
node_c2,3,,5,7,9,,,,
node_c3,,,,,,,,,
fitness,0.0,19,,,,,,,

TREE_ID,87,,,,,,
tree_type,g,,,,,,
tree_depth_base,1,,,,,,
NODE_ID,1,2,3,4,5,6,7
node_depth,0,1,1,2,2,3,3
node_type,root,term,func,term,func,term,term
node_label,+,c,+,b,*,a,a
node_parent,,1,1,3,3,5,5
node_arity,2,0,2,0,2,0,0
node_c1,2,,4,,6,,
node_c2,3,,5,,7,,
node_c3,,,,,,,
fitness,2.0,15,,,,,

TREE_ID,88,,,,,,,,
tree_type,g,,,,,,,,
tree_depth_base,1,,,,,,,,
NODE_ID,1,2,3,4,5,6,7,8,9
node_depth,0,1,1,2,2,3,3,3,3
node_type,root,term,func,func,func,term,term,term,term
node_label,+,c,+,-,*,b,a,b,a
node_parent,,1,1,3,3,4,4,5,5
node_arity,2,0,2,2,2,0,0,0,0
node_c1,2,,4,6,8,,,,
node_c2,3,,5,7,9,,,,
node_c3,,,,,,,,,
fitness,2.0,19,,,,,,,

TREE_ID,89,,,,,,,,
tree_type,g,,,,,,,,
tree_depth_base,1,,,,,,,,
NODE_ID,1,2,3,4,5,6,7,8,9
node_depth,0,1,1,2,2,3,3,3,3
node_type,root,term,func,func,func,term,term,term,term
node_label,+,c,+,-,*,b,a,a,a
node_parent,,1,1,3,3,4,4,5,5
node_arity,2,0,2,2,2,0,0,0,0
node_c1,2,,4,6,8,,,,
node_c2,3,,5,7,9,,,,
node_c3,,,,,,,,,
fitness,2.0,19,,,,,,,

TREE_ID,90,,,,,,,,
tree_type,g,,,,,,,,
tree_depth_base,1,,,,,,,,
NODE_ID,1,2,3,4,5,6,7,8,9
node_depth,0,1,1,2,2,3,3,3,3
node_type,root,term,func,func,func,term,term,term,term
node_label,+,c,+,-,*,b,a,b,b
node_parent,,1,1,3,3,4,4,5,5
node_arity,2,0,2,2,2,0,0,0,0
node_c1,2,,4,6,8,,,,
node_c2,3,,5,7,9,,,,
node_c3,,,,,,,,,
fitness,0.0,19,,,,,,,

TREE_ID,91,,,,,,,,,,
tree_type,g,,,,,,,,,,
tree_depth_base,1,,,,,,,,,,
NODE_ID,1,2,3,4,5,6,7,8,9,10,11
node_depth,0,1,1,2,2,2,2,3,3,3,3
node_type,root,func,func,term,term,func,func,term,term,term,term
node_label,+,-,+,b,c,-,*,b,a,a,a
node_parent,,1,1,2,2,3,3,4,4,5,5
node_arity,2,2,2,0,0,2,2,0,0,0,0
node_c1,2,4,6,,,8,10,,,,
node_c2,3,5,7,,,9,11,,,,
node_c3,,,,,,,,,,,
fitness,0.0,23,,,,,,,,,

TREE_ID,92,,,,,,
tree_type,g,,,,,,
tree_depth_base,1,,,,,,
NODE_ID,1,2,3,4,5,6,7
node_depth,0,1,1,2,2,3,3
node_type,root,term,func,term,func,term,term
node_label,+,c,+,c,*,b,a
node_parent,,1,1,3,3,5,5
node_arity,2,0,2,0,2,0,0
node_c1,2,,4,,6,,
node_c2,3,,5,,7,,
node_c3,,,,,,,
fitness,0.0,15,,,,,

TREE_ID,93,,,,,,
tree_type,g,,,,,,
tree_depth_base,1,,,,,,
NODE_ID,1,2,3,4,5,6,7
node_depth,0,1,1,2,2,3,3
node_type,root,term,func,term,func,term,term
node_label,+,c,+,b,*,a,a
node_parent,,1,1,3,3,5,5
node_arity,2,0,2,0,2,0,0
node_c1,2,,4,,6,,
node_c2,3,,5,,7,,
node_c3,,,,,,,
fitness,2.0,15,,,,,

TREE_ID,94,,,,
tree_type,g,,,,
tree_depth_base,2,,,,
NODE_ID,1,2,3,4,5
node_depth,0,1,1,2,2
node_type,root,term,func,term,term
node_label,*,c,/,b,a
node_parent,,1,1,3,3
node_arity,2,0,2,0,0
node_c1,2,,4,,
node_c2,3,,5,,
node_c3,,,,,
fitness,2.0,11,,,

TREE_ID,95,,
tree_type,g,,
tree_depth_base,1,,
NODE_ID,1,2,3
node_depth,0,1,1
node_type,root,term,term
node_label,+,c,b
node_parent,,1,1
node_arity,2,0,0
node_c1,2,,
node_c2,3,,
node_c3,,,
fitness,1.0,7,

TREE_ID,96,,,,,,,,
tree_type,g,,,,,,,,
tree_depth_base,1,,,,,,,,
NODE_ID,1,2,3,4,5,6,7,8,9
node_depth,0,1,1,2,2,3,3,3,3
node_type,root,term,func,func,func,term,term,term,term
node_label,+,c,+,-,*,a,a,b,a
node_parent,,1,1,3,3,4,4,5,5
node_arity,2,0,2,2,2,0,0,0,0
node_c1,2,,4,6,8,,,,
node_c2,3,,5,7,9,,,,
node_c3,,,,,,,,,
fitness,0.0,19,,,,,,,

TREE_ID,97,,,,,,,,
tree_type,g,,,,,,,,
tree_depth_base,1,,,,,,,,
NODE_ID,1,2,3,4,5,6,7,8,9
node_depth,0,1,1,2,2,3,3,3,3
node_type,root,term,func,func,func,term,term,term,term
node_label,+,c,+,-,*,b,a,b,c
node_parent,,1,1,3,3,4,4,5,5
node_arity,2,0,2,2,2,0,0,0,0
node_c1,2,,4,6,8,,,,
node_c2,3,,5,7,9,,,,
node_c3,,,,,,,,,
fitness,0.0,19,,,,,,,

TREE_ID,98,,,,,,
tree_type,g,,,,,,
tree_depth_base,1,,,,,,
NODE_ID,1,2,3,4,5,6,7
node_depth,0,1,1,2,2,3,3
node_type,root,term,func,term,func,term,term
node_label,+,a,+,b,*,a,a
node_parent,,1,1,3,3,5,5
node_arity,2,0,2,0,2,0,0
node_c1,2,,4,,6,,
node_c2,3,,5,,7,,
node_c3,,,,,,,
fitness,1.0,15,,,,,

TREE_ID,99,,,,,,
tree_type,g,,,,,,
tree_depth_base,1,,,,,,
NODE_ID,1,2,3,4,5,6,7
node_depth,0,1,1,2,2,3,3
node_type,root,term,func,func,term,term,term
node_label,+,c,+,-,a,b,a
node_parent,,1,1,3,3,4,4
node_arity,2,0,2,2,0,0,0
node_c1,2,,4,6,,,
node_c2,3,,5,7,,,
node_c3,,,,,,,
fitness,1.0,15,,,,,

TREE_ID,100,,,,,,,,
tree_type,g,,,,,,,,
tree_depth_base,1,,,,,,,,
NODE_ID,1,2,3,4,5,6,7,8,9
node_depth,0,1,1,2,2,3,3,3,3
node_type,root,term,func,func,func,term,term,term,term
node_label,+,c,+,-,*,b,b,b,a
node_parent,,1,1,3,3,4,4,5,5
node_arity,2,0,2,2,2,0,0,0,0
node_c1,2,,4,6,8,,,,
node_c2,3,,5,7,9,,,,
node_c3,,,,,,,,,
fitness,0.0,19,,,,,,,

Karoo GP by Kai Staats,Generation:,8

TREE_ID,1,,,,,,,,
tree_type,g,,,,,,,,
tree_depth_base,1,,,,,,,,
NODE_ID,1,2,3,4,5,6,7,8,9
node_depth,0,1,1,2,2,3,3,3,3
node_type,root,term,func,func,func,term,term,term,term
node_label,+,c,+,-,*,b,a,a,a
node_parent,,1,1,3,3,4,4,5,5
node_arity,2,0,2,2,2,0,0,0,0
node_c1,2,,4,6,8,,,,
node_c2,3,,5,7,9,,,,
node_c3,,,,,,,,,
fitness,2.0,19,,,,,,,

TREE_ID,2,,,,,,,,
tree_type,g,,,,,,,,
tree_depth_base,1,,,,,,,,
NODE_ID,1,2,3,4,5,6,7,8,9
node_depth,0,1,1,2,2,3,3,3,3
node_type,root,term,func,func,func,term,term,term,term
node_label,+,c,+,-,*,b,a,b,a
node_parent,,1,1,3,3,4,4,5,5
node_arity,2,0,2,2,2,0,0,0,0
node_c1,2,,4,6,8,,,,
node_c2,3,,5,7,9,,,,
node_c3,,,,,,,,,
fitness,2.0,19,,,,,,,

TREE_ID,3,,,,,,,,
tree_type,g,,,,,,,,
tree_depth_base,1,,,,,,,,
NODE_ID,1,2,3,4,5,6,7,8,9
node_depth,0,1,1,2,2,3,3,3,3
node_type,root,term,func,func,func,term,term,term,term
node_label,+,c,+,-,*,b,a,a,a
node_parent,,1,1,3,3,4,4,5,5
node_arity,2,0,2,2,2,0,0,0,0
node_c1,2,,4,6,8,,,,
node_c2,3,,5,7,9,,,,
node_c3,,,,,,,,,
fitness,2.0,19,,,,,,,

TREE_ID,4,,,,,,,,
tree_type,g,,,,,,,,
tree_depth_base,1,,,,,,,,
NODE_ID,1,2,3,4,5,6,7,8,9
node_depth,0,1,1,2,2,3,3,3,3
node_type,root,term,func,func,func,term,term,term,term
node_label,+,c,+,-,*,b,a,a,a
node_parent,,1,1,3,3,4,4,5,5
node_arity,2,0,2,2,2,0,0,0,0
node_c1,2,,4,6,8,,,,
node_c2,3,,5,7,9,,,,
node_c3,,,,,,,,,
fitness,2.0,19,,,,,,,

TREE_ID,5,,
tree_type,g,,
tree_depth_base,1,,
NODE_ID,1,2,3
node_depth,0,1,1
node_type,root,term,term
node_label,+,c,c
node_parent,,1,1
node_arity,2,0,0
node_c1,2,,
node_c2,3,,
node_c3,,,
fitness,1.0,7,

TREE_ID,6,,,,
tree_type,g,,,,
tree_depth_base,2,,,,
NODE_ID,1,2,3,4,5
node_depth,0,1,1,2,2
node_type,root,term,func,term,term
node_label,*,c,/,b,a
node_parent,,1,1,3,3
node_arity,2,0,2,0,0
node_c1,2,,4,,
node_c2,3,,5,,
node_c3,,,,,
fitness,2.0,11,,,

TREE_ID,7,,,,,,
tree_type,g,,,,,,
tree_depth_base,1,,,,,,
NODE_ID,1,2,3,4,5,6,7
node_depth,0,1,1,2,2,3,3
node_type,root,term,func,term,func,term,term
node_label,+,c,+,b,*,a,a
node_parent,,1,1,3,3,5,5
node_arity,2,0,2,0,2,0,0
node_c1,2,,4,,6,,
node_c2,3,,5,,7,,
node_c3,,,,,,,
fitness,2.0,15,,,,,

TREE_ID,8,,,,,,,,
tree_type,g,,,,,,,,
tree_depth_base,1,,,,,,,,
NODE_ID,1,2,3,4,5,6,7,8,9
node_depth,0,1,1,2,2,3,3,3,3
node_type,root,term,func,func,func,term,term,term,term
node_label,+,c,+,-,*,b,a,a,a
node_parent,,1,1,3,3,4,4,5,5
node_arity,2,0,2,2,2,0,0,0,0
node_c1,2,,4,6,8,,,,
node_c2,3,,5,7,9,,,,
node_c3,,,,,,,,,
fitness,2.0,19,,,,,,,

TREE_ID,9,,,,,,
tree_type,g,,,,,,
tree_depth_base,1,,,,,,
NODE_ID,1,2,3,4,5,6,7
node_depth,0,1,1,2,2,3,3
node_type,root,term,func,term,func,term,term
node_label,+,c,+,b,*,a,a
node_parent,,1,1,3,3,5,5
node_arity,2,0,2,0,2,0,0
node_c1,2,,4,,6,,
node_c2,3,,5,,7,,
node_c3,,,,,,,
fitness,2.0,15,,,,,

TREE_ID,10,,,,,,,,
tree_type,g,,,,,,,,
tree_depth_base,1,,,,,,,,
NODE_ID,1,2,3,4,5,6,7,8,9
node_depth,0,1,1,2,2,3,3,3,3
node_type,root,term,func,func,func,term,term,term,term
node_label,+,c,+,-,*,b,a,a,a
node_parent,,1,1,3,3,4,4,5,5
node_arity,2,0,2,2,2,0,0,0,0
node_c1,2,,4,6,8,,,,
node_c2,3,,5,7,9,,,,
node_c3,,,,,,,,,
fitness,2.0,19,,,,,,,

TREE_ID,11,,,,,,,,,,
tree_type,g,,,,,,,,,,
tree_depth_base,1,,,,,,,,,,
NODE_ID,1,2,3,4,5,6,7,8,9,10,11
node_depth,0,1,1,2,2,2,2,3,3,3,3
node_type,root,func,func,func,term,term,func,term,term,term,term
node_label,+,+,+,-,b,b,*,b,a,b,c
node_parent,,1,1,2,2,3,3,4,4,7,7
node_arity,2,2,2,2,0,0,2,0,0,0,0
node_c1,2,4,6,8,,,10,,,,
node_c2,3,5,7,9,,,11,,,,
node_c3,,,,,,,,,,,
fitness,0.0,23,,,,,,,,,

TREE_ID,12,,,,,,,,
tree_type,g,,,,,,,,
tree_depth_base,1,,,,,,,,
NODE_ID,1,2,3,4,5,6,7,8,9
node_depth,0,1,1,2,2,3,3,3,3
node_type,root,term,func,func,func,term,term,term,term
node_label,+,c,+,-,*,b,c,b,a
node_parent,,1,1,3,3,4,4,5,5
node_arity,2,0,2,2,2,0,0,0,0
node_c1,2,,4,6,8,,,,
node_c2,3,,5,7,9,,,,
node_c3,,,,,,,,,
fitness,1.0,19,,,,,,,

TREE_ID,13,,,,,,,,
tree_type,g,,,,,,,,
tree_depth_base,1,,,,,,,,
NODE_ID,1,2,3,4,5,6,7,8,9
node_depth,0,1,1,2,2,3,3,3,3
node_type,root,term,func,func,func,term,term,term,term
node_label,+,b,+,-,*,b,a,c,a
node_parent,,1,1,3,3,4,4,5,5
node_arity,2,0,2,2,2,0,0,0,0
node_c1,2,,4,6,8,,,,
node_c2,3,,5,7,9,,,,
node_c3,,,,,,,,,
fitness,1.0,19,,,,,,,

TREE_ID,14,,,,,,,,,,
tree_type,g,,,,,,,,,,
tree_depth_base,2,,,,,,,,,,
NODE_ID,1,2,3,4,5,6,7,8,9,10,11
node_depth,0,1,1,2,2,2,2,3,3,3,3
node_type,root,func,func,func,func,term,term,term,term,term,term
node_label,*,*,/,/,+,b,a,c,a,a,a
node_parent,,1,1,2,2,3,3,4,4,5,5
node_arity,2,2,2,2,2,0,0,0,0,0,0
node_c1,2,4,6,8,10,,,,,,
node_c2,3,5,7,9,11,,,,,,
node_c3,,,,,,,,,,,
fitness,1.0,23,,,,,,,,,

TREE_ID,15,,,,,,
tree_type,g,,,,,,
tree_depth_base,1,,,,,,
NODE_ID,1,2,3,4,5,6,7
node_depth,0,1,1,2,2,3,3
node_type,root,term,func,term,func,term,term
node_label,+,c,/,a,*,b,b
node_parent,,1,1,3,3,5,5
node_arity,2,0,2,0,2,0,0
node_c1,2,,4,,6,,
node_c2,3,,5,,7,,
node_c3,,,,,,,
fitness,0.0,15,,,,,

TREE_ID,16,,,,,,,,
tree_type,g,,,,,,,,
tree_depth_base,1,,,,,,,,
NODE_ID,1,2,3,4,5,6,7,8,9
node_depth,0,1,1,2,2,3,3,3,3
node_type,root,term,func,func,func,term,term,term,term
node_label,+,c,+,-,*,b,a,a,c
node_parent,,1,1,3,3,4,4,5,5
node_arity,2,0,2,2,2,0,0,0,0
node_c1,2,,4,6,8,,,,
node_c2,3,,5,7,9,,,,
node_c3,,,,,,,,,
fitness,1.0,19,,,,,,,

TREE_ID,17,,,,,,,,
tree_type,g,,,,,,,,
tree_depth_base,1,,,,,,,,
NODE_ID,1,2,3,4,5,6,7,8,9
node_depth,0,1,1,2,2,3,3,3,3
node_type,root,term,func,func,func,term,term,term,term
node_label,+,c,+,-,*,b,a,a,a
node_parent,,1,1,3,3,4,4,5,5
node_arity,2,0,2,2,2,0,0,0,0
node_c1,2,,4,6,8,,,,
node_c2,3,,5,7,9,,,,
node_c3,,,,,,,,,
fitness,2.0,19,,,,,,,

TREE_ID,18,,,,,,,,
tree_type,g,,,,,,,,
tree_depth_base,1,,,,,,,,
NODE_ID,1,2,3,4,5,6,7,8,9
node_depth,0,1,1,2,2,3,3,3,3
node_type,root,term,func,func,func,term,term,term,term
node_label,+,c,+,-,*,b,a,a,a
node_parent,,1,1,3,3,4,4,5,5
node_arity,2,0,2,2,2,0,0,0,0
node_c1,2,,4,6,8,,,,
node_c2,3,,5,7,9,,,,
node_c3,,,,,,,,,
fitness,2.0,19,,,,,,,

TREE_ID,19,,,,,,
tree_type,g,,,,,,
tree_depth_base,1,,,,,,
NODE_ID,1,2,3,4,5,6,7
node_depth,0,1,1,2,2,3,3
node_type,root,term,func,term,func,term,term
node_label,+,c,+,b,*,c,a
node_parent,,1,1,3,3,5,5
node_arity,2,0,2,0,2,0,0
node_c1,2,,4,,6,,
node_c2,3,,5,,7,,
node_c3,,,,,,,
fitness,1.0,15,,,,,

TREE_ID,20,,,,
tree_type,g,,,,
tree_depth_base,1,,,,
NODE_ID,1,2,3,4,5
node_depth,0,1,1,2,2
node_type,root,term,func,term,term
node_label,+,c,+,c,b
node_parent,,1,1,3,3
node_arity,2,0,2,0,0
node_c1,2,,4,,
node_c2,3,,5,,
node_c3,,,,,
fitness,0.0,11,,,

TREE_ID,21,,,,,,
tree_type,g,,,,,,
tree_depth_base,1,,,,,,
NODE_ID,1,2,3,4,5,6,7
node_depth,0,1,1,2,2,3,3
node_type,root,term,func,term,func,term,term
node_label,+,c,/,c,*,a,c
node_parent,,1,1,3,3,5,5
node_arity,2,0,2,0,2,0,0
node_c1,2,,4,,6,,
node_c2,3,,5,,7,,
node_c3,,,,,,,
fitness,2.0,15,,,,,

TREE_ID,22,,,,,,
tree_type,g,,,,,,
tree_depth_base,1,,,,,,
NODE_ID,1,2,3,4,5,6,7
node_depth,0,1,1,2,2,3,3
node_type,root,term,func,term,func,term,term
node_label,+,c,+,a,*,a,a
node_parent,,1,1,3,3,5,5
node_arity,2,0,2,0,2,0,0
node_c1,2,,4,,6,,
node_c2,3,,5,,7,,
node_c3,,,,,,,
fitness,0.0,15,,,,,

TREE_ID,23,,,,,,,,
tree_type,g,,,,,,,,
tree_depth_base,1,,,,,,,,
NODE_ID,1,2,3,4,5,6,7,8,9
node_depth,0,1,1,2,2,3,3,3,3
node_type,root,term,func,func,func,term,term,term,term
node_label,+,c,+,-,*,b,a,a,a
node_parent,,1,1,3,3,4,4,5,5
node_arity,2,0,2,2,2,0,0,0,0
node_c1,2,,4,6,8,,,,
node_c2,3,,5,7,9,,,,
node_c3,,,,,,,,,
fitness,2.0,19,,,,,,,

TREE_ID,24,,,,,,,,
tree_type,g,,,,,,,,
tree_depth_base,1,,,,,,,,
NODE_ID,1,2,3,4,5,6,7,8,9
node_depth,0,1,1,2,2,2,2,3,3
node_type,root,func,func,func,term,term,term,term,term
node_label,+,+,+,*,b,b,a,b,b
node_parent,,1,1,2,2,3,3,4,4
node_arity,2,2,2,2,0,0,0,0,0
node_c1,2,4,6,8,,,,,
node_c2,3,5,7,9,,,,,
node_c3,,,,,,,,,
fitness,1.0,19,,,,,,,

TREE_ID,25,,,,,,,,,,
tree_type,g,,,,,,,,,,
tree_depth_base,1,,,,,,,,,,
NODE_ID,1,2,3,4,5,6,7,8,9,10,11
node_depth,0,1,1,2,2,2,2,3,3,3,3
node_type,root,func,func,func,term,func,term,term,term,term,term
node_label,+,+,+,-,b,*,a,b,a,b,b
node_parent,,1,1,2,2,3,3,4,4,6,6
node_arity,2,2,2,2,0,2,0,0,0,0,0
node_c1,2,4,6,8,,10,,,,,
node_c2,3,5,7,9,,11,,,,,
node_c3,,,,,,,,,,,
fitness,1.0,23,,,,,,,,,

TREE_ID,26,,,,,,,,
tree_type,g,,,,,,,,
tree_depth_base,1,,,,,,,,
NODE_ID,1,2,3,4,5,6,7,8,9
node_depth,0,1,1,2,2,3,3,3,3
node_type,root,term,func,func,func,term,term,term,term
node_label,+,c,+,+,*,b,a,a,a
node_parent,,1,1,3,3,4,4,5,5
node_arity,2,0,2,2,2,0,0,0,0
node_c1,2,,4,6,8,,,,
node_c2,3,,5,7,9,,,,
node_c3,,,,,,,,,
fitness,1.0,19,,,,,,,

TREE_ID,27,,,,,,,,
tree_type,g,,,,,,,,
tree_depth_base,1,,,,,,,,
NODE_ID,1,2,3,4,5,6,7,8,9
node_depth,0,1,1,2,2,3,3,3,3
node_type,root,term,func,func,func,term,term,term,term
node_label,+,c,+,-,*,b,a,b,a
node_parent,,1,1,3,3,4,4,5,5
node_arity,2,0,2,2,2,0,0,0,0
node_c1,2,,4,6,8,,,,
node_c2,3,,5,7,9,,,,
node_c3,,,,,,,,,
fitness,2.0,19,,,,,,,

TREE_ID,28,,,,,,,,
tree_type,g,,,,,,,,
tree_depth_base,1,,,,,,,,
NODE_ID,1,2,3,4,5,6,7,8,9
node_depth,0,1,1,2,2,3,3,3,3
node_type,root,term,func,func,func,term,term,term,term
node_label,+,c,+,-,*,a,a,a,a
node_parent,,1,1,3,3,4,4,5,5
node_arity,2,0,2,2,2,0,0,0,0
node_c1,2,,4,6,8,,,,
node_c2,3,,5,7,9,,,,
node_c3,,,,,,,,,
fitness,0.0,19,,,,,,,

TREE_ID,29,,,,,,
tree_type,g,,,,,,
tree_depth_base,1,,,,,,
NODE_ID,1,2,3,4,5,6,7
node_depth,0,1,1,2,2,3,3
node_type,root,term,func,term,func,term,term
node_label,+,c,+,c,*,a,a
node_parent,,1,1,3,3,5,5
node_arity,2,0,2,0,2,0,0
node_c1,2,,4,,6,,
node_c2,3,,5,,7,,
node_c3,,,,,,,
fitness,0.0,15,,,,,

TREE_ID,30,,,,,,
tree_type,g,,,,,,
tree_depth_base,1,,,,,,
NODE_ID,1,2,3,4,5,6,7
node_depth,0,1,1,2,2,3,3
node_type,root,term,func,term,func,term,term
node_label,+,c,+,b,*,b,a
node_parent,,1,1,3,3,5,5
node_arity,2,0,2,0,2,0,0
node_c1,2,,4,,6,,
node_c2,3,,5,,7,,
node_c3,,,,,,,
fitness,1.0,15,,,,,

TREE_ID,31,,
tree_type,g,,
tree_depth_base,1,,
NODE_ID,1,2,3
node_depth,0,1,1
node_type,root,term,term
node_label,+,c,c
node_parent,,1,1
node_arity,2,0,0
node_c1,2,,
node_c2,3,,
node_c3,,,
fitness,1.0,7,

TREE_ID,32,,,,,,,,,,,,
tree_type,g,,,,,,,,,,,,
tree_depth_base,1,,,,,,,,,,,,
NODE_ID,1,2,3,4,5,6,7,8,9,10,11,12,13
node_depth,0,1,1,2,2,2,2,3,3,3,3,3,3
node_type,root,func,func,func,func,term,func,term,term,term,term,term,term
node_label,+,+,+,-,*,b,*,b,a,b,a,a,a
node_parent,,1,1,2,2,3,3,4,4,5,5,5,5
node_arity,2,2,2,2,2,0,2,0,0,0,0,0,0
node_c1,2,4,6,8,10,,12,,,,,,
node_c2,3,5,7,9,11,,13,,,,,,
node_c3,,,,,,,,,,,,,
fitness,1.0,27,,,,,,,,,,,

TREE_ID,33,,,,,,,,
tree_type,g,,,,,,,,
tree_depth_base,1,,,,,,,,
NODE_ID,1,2,3,4,5,6,7,8,9
node_depth,0,1,1,2,2,3,3,3,3
node_type,root,term,func,func,func,term,term,term,term
node_label,+,c,+,*,*,a,a,a,a
node_parent,,1,1,3,3,4,4,5,5
node_arity,2,0,2,2,2,0,0,0,0
node_c1,2,,4,6,8,,,,
node_c2,3,,5,7,9,,,,
node_c3,,,,,,,,,
fitness,0.0,19,,,,,,,

TREE_ID,34,,,,,,
tree_type,g,,,,,,
tree_depth_base,1,,,,,,
NODE_ID,1,2,3,4,5,6,7
node_depth,0,1,1,2,2,3,3
node_type,root,term,func,func,term,term,term
node_label,+,c,+,-,b,b,a
node_parent,,1,1,3,3,4,4
node_arity,2,0,2,2,0,0,0
node_c1,2,,4,6,,,
node_c2,3,,5,7,,,
node_c3,,,,,,,
fitness,1.0,15,,,,,

TREE_ID,35,,
tree_type,g,,
tree_depth_base,1,,
NODE_ID,1,2,3
node_depth,0,1,1
node_type,root,term,term
node_label,+,c,b
node_parent,,1,1
node_arity,2,0,0
node_c1,2,,
node_c2,3,,
node_c3,,,
fitness,1.0,7,

TREE_ID,36,,,,,,,,
tree_type,g,,,,,,,,
tree_depth_base,1,,,,,,,,
NODE_ID,1,2,3,4,5,6,7,8,9
node_depth,0,1,1,2,2,3,3,3,3
node_type,root,term,func,func,func,term,term,term,term
node_label,+,c,+,-,*,a,a,a,a
node_parent,,1,1,3,3,4,4,5,5
node_arity,2,0,2,2,2,0,0,0,0
node_c1,2,,4,6,8,,,,
node_c2,3,,5,7,9,,,,
node_c3,,,,,,,,,
fitness,0.0,19,,,,,,,

TREE_ID,37,,,,
tree_type,g,,,,
tree_depth_base,1,,,,
NODE_ID,1,2,3,4,5
node_depth,0,1,1,2,2
node_type,root,term,func,term,term
node_label,+,c,+,b,a
node_parent,,1,1,3,3
node_arity,2,0,2,0,0
node_c1,2,,4,,
node_c2,3,,5,,
node_c3,,,,,
fitness,10.0,11,,,

TREE_ID,38,,,,,,
tree_type,g,,,,,,
tree_depth_base,1,,,,,,
NODE_ID,1,2,3,4,5,6,7
node_depth,0,1,1,2,2,3,3
node_type,root,term,func,term,func,term,term
node_label,+,c,+,b,*,b,a
node_parent,,1,1,3,3,5,5
node_arity,2,0,2,0,2,0,0
node_c1,2,,4,,6,,
node_c2,3,,5,,7,,
node_c3,,,,,,,
fitness,1.0,15,,,,,

TREE_ID,39,,
tree_type,g,,
tree_depth_base,1,,
NODE_ID,1,2,3
node_depth,0,1,1
node_type,root,term,term
node_label,+,c,b
node_parent,,1,1
node_arity,2,0,0
node_c1,2,,
node_c2,3,,
node_c3,,,
fitness,1.0,7,

TREE_ID,40,,,,,,,,
tree_type,g,,,,,,,,
tree_depth_base,1,,,,,,,,
NODE_ID,1,2,3,4,5,6,7,8,9
node_depth,0,1,1,2,2,3,3,3,3
node_type,root,term,func,func,func,term,term,term,term
node_label,+,c,+,+,*,b,b,a,a
node_parent,,1,1,3,3,4,4,5,5
node_arity,2,0,2,2,2,0,0,0,0
node_c1,2,,4,6,8,,,,
node_c2,3,,5,7,9,,,,
node_c3,,,,,,,,,
fitness,0.0,19,,,,,,,

TREE_ID,41,,,,,,,,
tree_type,g,,,,,,,,
tree_depth_base,1,,,,,,,,
NODE_ID,1,2,3,4,5,6,7,8,9
node_depth,0,1,1,2,2,2,2,3,3
node_type,root,func,func,term,term,term,func,term,term
node_label,+,*,+,b,a,b,*,a,a
node_parent,,1,1,2,2,3,3,5,5
node_arity,2,2,2,0,0,0,2,0,0
node_c1,2,4,6,,,,8,,
node_c2,3,5,7,,,,9,,
node_c3,,,,,,,,,
fitness,0.0,19,,,,,,,

TREE_ID,42,,,,,,
tree_type,g,,,,,,
tree_depth_base,1,,,,,,
NODE_ID,1,2,3,4,5,6,7
node_depth,0,1,1,2,2,3,3
node_type,root,term,func,func,term,term,term
node_label,+,c,+,-,c,b,a
node_parent,,1,1,3,3,4,4
node_arity,2,0,2,2,0,0,0
node_c1,2,,4,6,,,
node_c2,3,,5,7,,,
node_c3,,,,,,,
fitness,1.0,15,,,,,

TREE_ID,43,,,,,,,,
tree_type,g,,,,,,,,
tree_depth_base,1,,,,,,,,
NODE_ID,1,2,3,4,5,6,7,8,9
node_depth,0,1,1,2,2,3,3,3,3
node_type,root,term,func,func,func,term,term,term,term
node_label,+,c,+,-,*,b,b,b,a
node_parent,,1,1,3,3,4,4,5,5
node_arity,2,0,2,2,2,0,0,0,0
node_c1,2,,4,6,8,,,,
node_c2,3,,5,7,9,,,,
node_c3,,,,,,,,,
fitness,0.0,19,,,,,,,

TREE_ID,44,,,,,,,,
tree_type,g,,,,,,,,
tree_depth_base,1,,,,,,,,
NODE_ID,1,2,3,4,5,6,7,8,9
node_depth,0,1,1,2,2,3,3,3,3
node_type,root,term,func,func,func,term,term,term,term
node_label,+,c,+,-,*,a,a,b,a
node_parent,,1,1,3,3,4,4,5,5
node_arity,2,0,2,2,2,0,0,0,0
node_c1,2,,4,6,8,,,,
node_c2,3,,5,7,9,,,,
node_c3,,,,,,,,,
fitness,0.0,19,,,,,,,

TREE_ID,45,,,,,,,,,,
tree_type,g,,,,,,,,,,
tree_depth_base,1,,,,,,,,,,
NODE_ID,1,2,3,4,5,6,7,8,9,10,11
node_depth,0,1,1,2,2,2,2,3,3,3,3
node_type,root,func,func,term,term,func,func,term,term,term,term
node_label,+,-,+,b,a,-,*,c,a,a,a
node_parent,,1,1,2,2,3,3,4,4,5,5
node_arity,2,2,2,0,0,2,2,0,0,0,0
node_c1,2,4,6,,,8,10,,,,
node_c2,3,5,7,,,9,11,,,,
node_c3,,,,,,,,,,,
fitness,2.0,23,,,,,,,,,

TREE_ID,46,,,,,,
tree_type,g,,,,,,
tree_depth_base,1,,,,,,
NODE_ID,1,2,3,4,5,6,7
node_depth,0,1,1,2,2,3,3
node_type,root,term,func,term,func,term,term
node_label,+,c,+,c,*,b,a
node_parent,,1,1,3,3,5,5
node_arity,2,0,2,0,2,0,0
node_c1,2,,4,,6,,
node_c2,3,,5,,7,,
node_c3,,,,,,,
fitness,0.0,15,,,,,

TREE_ID,47,,,,,,,,
tree_type,g,,,,,,,,
tree_depth_base,1,,,,,,,,
NODE_ID,1,2,3,4,5,6,7,8,9
node_depth,0,1,1,2,2,3,3,3,3
node_type,root,term,func,func,func,term,term,term,term
node_label,+,c,+,-,*,b,a,a,a
node_parent,,1,1,3,3,4,4,5,5
node_arity,2,0,2,2,2,0,0,0,0
node_c1,2,,4,6,8,,,,
node_c2,3,,5,7,9,,,,
node_c3,,,,,,,,,
fitness,2.0,19,,,,,,,

TREE_ID,48,,,,,,
tree_type,g,,,,,,
tree_depth_base,1,,,,,,
NODE_ID,1,2,3,4,5,6,7
node_depth,0,1,1,2,2,3,3
node_type,root,term,func,term,func,term,term
node_label,+,c,+,b,*,b,a
node_parent,,1,1,3,3,5,5
node_arity,2,0,2,0,2,0,0
node_c1,2,,4,,6,,
node_c2,3,,5,,7,,
node_c3,,,,,,,
fitness,1.0,15,,,,,

TREE_ID,49,,,,,,
tree_type,g,,,,,,
tree_depth_base,1,,,,,,
NODE_ID,1,2,3,4,5,6,7
node_depth,0,1,1,2,2,3,3
node_type,root,term,func,func,term,term,term
node_label,+,c,+,+,a,b,b
node_parent,,1,1,3,3,4,4
node_arity,2,0,2,2,0,0,0
node_c1,2,,4,6,,,
node_c2,3,,5,7,,,
node_c3,,,,,,,
fitness,0.0,15,,,,,

TREE_ID,50,,,,,,
tree_type,g,,,,,,
tree_depth_base,1,,,,,,
NODE_ID,1,2,3,4,5,6,7
node_depth,0,1,1,2,2,2,2
node_type,root,func,func,term,term,term,term
node_label,+,-,+,b,a,b,a
node_parent,,1,1,2,2,3,3
node_arity,2,2,2,0,0,0,0
node_c1,2,4,6,,,,
node_c2,3,5,7,,,,
node_c3,,,,,,,
fitness,0.0,15,,,,,

TREE_ID,51,,,,,,
tree_type,g,,,,,,
tree_depth_base,1,,,,,,
NODE_ID,1,2,3,4,5,6,7
node_depth,0,1,1,2,2,3,3
node_type,root,term,func,term,func,term,term
node_label,+,c,+,b,*,a,a
node_parent,,1,1,3,3,5,5
node_arity,2,0,2,0,2,0,0
node_c1,2,,4,,6,,
node_c2,3,,5,,7,,
node_c3,,,,,,,
fitness,2.0,15,,,,,

TREE_ID,52,,,,,,,,
tree_type,g,,,,,,,,
tree_depth_base,1,,,,,,,,
NODE_ID,1,2,3,4,5,6,7,8,9
node_depth,0,1,1,2,2,3,3,3,3
node_type,root,term,func,func,func,term,term,term,term
node_label,+,c,+,-,*,b,a,a,a
node_parent,,1,1,3,3,4,4,5,5
node_arity,2,0,2,2,2,0,0,0,0
node_c1,2,,4,6,8,,,,
node_c2,3,,5,7,9,,,,
node_c3,,,,,,,,,
fitness,2.0,19,,,,,,,

TREE_ID,53,,,,,,,,
tree_type,g,,,,,,,,
tree_depth_base,1,,,,,,,,
NODE_ID,1,2,3,4,5,6,7,8,9
node_depth,0,1,1,2,2,3,3,3,3
node_type,root,term,func,func,func,term,term,term,term
node_label,+,c,+,*,*,a,a,b,a
node_parent,,1,1,3,3,4,4,5,5
node_arity,2,0,2,2,2,0,0,0,0
node_c1,2,,4,6,8,,,,
node_c2,3,,5,7,9,,,,
node_c3,,,,,,,,,
fitness,1.0,19,,,,,,,

TREE_ID,54,,,,,,,,
tree_type,g,,,,,,,,
tree_depth_base,1,,,,,,,,
NODE_ID,1,2,3,4,5,6,7,8,9
node_depth,0,1,1,2,2,3,3,3,3
node_type,root,term,func,func,func,term,term,term,term
node_label,+,c,+,-,-,c,a,b,a
node_parent,,1,1,3,3,4,4,5,5
node_arity,2,0,2,2,2,0,0,0,0
node_c1,2,,4,6,8,,,,
node_c2,3,,5,7,9,,,,
node_c3,,,,,,,,,
fitness,1.0,19,,,,,,,

TREE_ID,55,,,,,,
tree_type,g,,,,,,
tree_depth_base,1,,,,,,
NODE_ID,1,2,3,4,5,6,7
node_depth,0,1,1,2,2,3,3
node_type,root,term,func,term,func,term,term
node_label,+,c,+,b,*,a,a
node_parent,,1,1,3,3,5,5
node_arity,2,0,2,0,2,0,0
node_c1,2,,4,,6,,
node_c2,3,,5,,7,,
node_c3,,,,,,,
fitness,2.0,15,,,,,

TREE_ID,56,,,,,,,,
tree_type,g,,,,,,,,
tree_depth_base,1,,,,,,,,
NODE_ID,1,2,3,4,5,6,7,8,9
node_depth,0,1,1,2,2,3,3,3,3
node_type,root,term,func,func,func,term,term,term,term
node_label,+,c,+,-,*,b,a,a,a
node_parent,,1,1,3,3,4,4,5,5
node_arity,2,0,2,2,2,0,0,0,0
node_c1,2,,4,6,8,,,,
node_c2,3,,5,7,9,,,,
node_c3,,,,,,,,,
fitness,2.0,19,,,,,,,

TREE_ID,57,,,,,,,,
tree_type,g,,,,,,,,
tree_depth_base,1,,,,,,,,
NODE_ID,1,2,3,4,5,6,7,8,9
node_depth,0,1,1,2,2,2,2,3,3
node_type,root,func,func,func,term,term,term,term,term
node_label,+,+,+,-,b,b,a,b,a
node_parent,,1,1,2,2,3,3,4,4
node_arity,2,2,2,2,0,0,0,0,0
node_c1,2,4,6,8,,,,,
node_c2,3,5,7,9,,,,,
node_c3,,,,,,,,,
fitness,10.0,19,,,,,,,

TREE_ID,58,,,,,,,,
tree_type,g,,,,,,,,
tree_depth_base,1,,,,,,,,
NODE_ID,1,2,3,4,5,6,7,8,9
node_depth,0,1,1,2,2,3,3,3,3
node_type,root,term,func,func,func,term,term,term,term
node_label,+,c,+,-,*,b,a,b,a
node_parent,,1,1,3,3,4,4,5,5
node_arity,2,0,2,2,2,0,0,0,0
node_c1,2,,4,6,8,,,,
node_c2,3,,5,7,9,,,,
node_c3,,,,,,,,,
fitness,2.0,19,,,,,,,

TREE_ID,59,,,,,,
tree_type,g,,,,,,
tree_depth_base,1,,,,,,
NODE_ID,1,2,3,4,5,6,7
node_depth,0,1,1,2,2,3,3
node_type,root,term,func,term,func,term,term
node_label,+,c,+,b,/,b,a
node_parent,,1,1,3,3,5,5
node_arity,2,0,2,0,2,0,0
node_c1,2,,4,,6,,
node_c2,3,,5,,7,,
node_c3,,,,,,,
fitness,1.0,15,,,,,

TREE_ID,60,,,,
tree_type,g,,,,
tree_depth_base,2,,,,
NODE_ID,1,2,3,4,5
node_depth,0,1,1,2,2
node_type,root,term,func,term,term
node_label,*,c,*,a,a
node_parent,,1,1,3,3
node_arity,2,0,2,0,0
node_c1,2,,4,,
node_c2,3,,5,,
node_c3,,,,,
fitness,0.0,11,,,

TREE_ID,61,,,,,,,,
tree_type,g,,,,,,,,
tree_depth_base,1,,,,,,,,
NODE_ID,1,2,3,4,5,6,7,8,9
node_depth,0,1,1,2,2,3,3,3,3
node_type,root,term,func,func,func,term,term,term,term
node_label,+,c,+,*,*,b,a,a,a
node_parent,,1,1,3,3,4,4,5,5
node_arity,2,0,2,2,2,0,0,0,0
node_c1,2,,4,6,8,,,,
node_c2,3,,5,7,9,,,,
node_c3,,,,,,,,,
fitness,1.0,19,,,,,,,

TREE_ID,62,,,,,,,,
tree_type,g,,,,,,,,
tree_depth_base,1,,,,,,,,
NODE_ID,1,2,3,4,5,6,7,8,9
node_depth,0,1,1,2,2,3,3,3,3
node_type,root,term,func,func,func,term,term,term,term
node_label,+,c,+,*,-,a,a,b,a
node_parent,,1,1,3,3,4,4,5,5
node_arity,2,0,2,2,2,0,0,0,0
node_c1,2,,4,6,8,,,,
node_c2,3,,5,7,9,,,,
node_c3,,,,,,,,,
fitness,2.0,19,,,,,,,

TREE_ID,63,,,,,,,,
tree_type,g,,,,,,,,
tree_depth_base,1,,,,,,,,
NODE_ID,1,2,3,4,5,6,7,8,9
node_depth,0,1,1,2,2,3,3,3,3
node_type,root,term,func,func,func,term,term,term,term
node_label,+,c,+,-,*,c,a,b,a
node_parent,,1,1,3,3,4,4,5,5
node_arity,2,0,2,2,2,0,0,0,0
node_c1,2,,4,6,8,,,,
node_c2,3,,5,7,9,,,,
node_c3,,,,,,,,,
fitness,0.0,19,,,,,,,

TREE_ID,64,,,,
tree_type,g,,,,
tree_depth_base,1,,,,
NODE_ID,1,2,3,4,5
node_depth,0,1,1,2,2
node_type,root,term,func,term,term
node_label,+,c,+,b,b
node_parent,,1,1,3,3
node_arity,2,0,2,0,0
node_c1,2,,4,,
node_c2,3,,5,,
node_c3,,,,,
fitness,0.0,11,,,

TREE_ID,65,,,,,,
tree_type,g,,,,,,
tree_depth_base,1,,,,,,
NODE_ID,1,2,3,4,5,6,7
node_depth,0,1,1,2,2,3,3
node_type,root,term,func,term,func,term,term
node_label,+,c,+,c,*,b,a
node_parent,,1,1,3,3,5,5
node_arity,2,0,2,0,2,0,0
node_c1,2,,4,,6,,
node_c2,3,,5,,7,,
node_c3,,,,,,,
fitness,0.0,15,,,,,

TREE_ID,66,,,,,,,,
tree_type,g,,,,,,,,
tree_depth_base,1,,,,,,,,
NODE_ID,1,2,3,4,5,6,7,8,9
node_depth,0,1,1,2,2,3,3,3,3
node_type,root,term,func,func,func,term,term,term,term
node_label,+,c,+,-,*,b,a,b,a
node_parent,,1,1,3,3,4,4,5,5
node_arity,2,0,2,2,2,0,0,0,0
node_c1,2,,4,6,8,,,,
node_c2,3,,5,7,9,,,,
node_c3,,,,,,,,,
fitness,2.0,19,,,,,,,

TREE_ID,67,,,,,,,,
tree_type,g,,,,,,,,
tree_depth_base,1,,,,,,,,
NODE_ID,1,2,3,4,5,6,7,8,9
node_depth,0,1,1,2,2,3,3,3,3
node_type,root,term,func,func,func,term,term,term,term
node_label,+,c,+,-,*,b,c,b,a
node_parent,,1,1,3,3,4,4,5,5
node_arity,2,0,2,2,2,0,0,0,0
node_c1,2,,4,6,8,,,,
node_c2,3,,5,7,9,,,,
node_c3,,,,,,,,,
fitness,1.0,19,,,,,,,

TREE_ID,68,,,,
tree_type,g,,,,
tree_depth_base,2,,,,
NODE_ID,1,2,3,4,5
node_depth,0,1,1,2,2
node_type,root,term,func,term,term
node_label,*,a,/,b,a
node_parent,,1,1,3,3
node_arity,2,0,2,0,0
node_c1,2,,4,,
node_c2,3,,5,,
node_c3,,,,,
fitness,0.0,11,,,

TREE_ID,69,,,,
tree_type,g,,,,
tree_depth_base,2,,,,
NODE_ID,1,2,3,4,5
node_depth,0,1,1,2,2
node_type,root,term,func,term,term
node_label,*,c,/,b,a
node_parent,,1,1,3,3
node_arity,2,0,2,0,0
node_c1,2,,4,,
node_c2,3,,5,,
node_c3,,,,,
fitness,2.0,11,,,

TREE_ID,70,,,,,,
tree_type,g,,,,,,
tree_depth_base,1,,,,,,
NODE_ID,1,2,3,4,5,6,7
node_depth,0,1,1,2,2,3,3
node_type,root,term,func,term,func,term,term
node_label,+,c,+,b,-,b,a
node_parent,,1,1,3,3,5,5
node_arity,2,0,2,0,2,0,0
node_c1,2,,4,,6,,
node_c2,3,,5,,7,,
node_c3,,,,,,,
fitness,1.0,15,,,,,

TREE_ID,71,,,,,,,,
tree_type,g,,,,,,,,
tree_depth_base,1,,,,,,,,
NODE_ID,1,2,3,4,5,6,7,8,9
node_depth,0,1,1,2,2,3,3,3,3
node_type,root,term,func,func,func,term,term,term,term
node_label,+,c,+,-,*,b,a,a,b
node_parent,,1,1,3,3,4,4,5,5
node_arity,2,0,2,2,2,0,0,0,0
node_c1,2,,4,6,8,,,,
node_c2,3,,5,7,9,,,,
node_c3,,,,,,,,,
fitness,2.0,19,,,,,,,

TREE_ID,72,,,,,,
tree_type,g,,,,,,
tree_depth_base,1,,,,,,
NODE_ID,1,2,3,4,5,6,7
node_depth,0,1,1,2,2,3,3
node_type,root,term,func,term,func,term,term
node_label,+,c,+,a,*,a,a
node_parent,,1,1,3,3,5,5
node_arity,2,0,2,0,2,0,0
node_c1,2,,4,,6,,
node_c2,3,,5,,7,,
node_c3,,,,,,,
fitness,0.0,15,,,,,

TREE_ID,73,,,,,,
tree_type,g,,,,,,
tree_depth_base,2,,,,,,
NODE_ID,1,2,3,4,5,6,7
node_depth,0,1,1,2,2,2,2
node_type,root,func,func,term,term,term,term
node_label,*,-,/,b,a,b,a
node_parent,,1,1,2,2,3,3
node_arity,2,2,2,0,0,0,0
node_c1,2,4,6,,,,
node_c2,3,5,7,,,,
node_c3,,,,,,,
fitness,0.0,15,,,,,

TREE_ID,74,,,,,,
tree_type,g,,,,,,
tree_depth_base,1,,,,,,
NODE_ID,1,2,3,4,5,6,7
node_depth,0,1,1,2,2,3,3
node_type,root,term,func,term,func,term,term
node_label,+,c,+,c,*,a,a
node_parent,,1,1,3,3,5,5
node_arity,2,0,2,0,2,0,0
node_c1,2,,4,,6,,
node_c2,3,,5,,7,,
node_c3,,,,,,,
fitness,0.0,15,,,,,

TREE_ID,75,,,,,,
tree_type,g,,,,,,
tree_depth_base,1,,,,,,
NODE_ID,1,2,3,4,5,6,7
node_depth,0,1,1,2,2,3,3
node_type,root,term,func,term,func,term,term
node_label,+,a,+,b,*,a,a
node_parent,,1,1,3,3,5,5
node_arity,2,0,2,0,2,0,0
node_c1,2,,4,,6,,
node_c2,3,,5,,7,,
node_c3,,,,,,,
fitness,1.0,15,,,,,

TREE_ID,76,,,,,,
tree_type,g,,,,,,
tree_depth_base,1,,,,,,
NODE_ID,1,2,3,4,5,6,7
node_depth,0,1,1,2,2,3,3
node_type,root,term,func,term,func,term,term
node_label,+,c,+,b,*,a,c
node_parent,,1,1,3,3,5,5
node_arity,2,0,2,0,2,0,0
node_c1,2,,4,,6,,
node_c2,3,,5,,7,,
node_c3,,,,,,,
fitness,1.0,15,,,,,

TREE_ID,77,,,,,,
tree_type,g,,,,,,
tree_depth_base,1,,,,,,
NODE_ID,1,2,3,4,5,6,7
node_depth,0,1,1,2,2,3,3
node_type,root,term,func,term,func,term,term
node_label,+,c,+,b,*,a,a
node_parent,,1,1,3,3,5,5
node_arity,2,0,2,0,2,0,0
node_c1,2,,4,,6,,
node_c2,3,,5,,7,,
node_c3,,,,,,,
fitness,2.0,15,,,,,

TREE_ID,78,,,,,,
tree_type,g,,,,,,
tree_depth_base,1,,,,,,
NODE_ID,1,2,3,4,5,6,7
node_depth,0,1,1,2,2,3,3
node_type,root,term,func,func,term,term,term
node_label,+,c,+,-,a,b,a
node_parent,,1,1,3,3,4,4
node_arity,2,0,2,2,0,0,0
node_c1,2,,4,6,,,
node_c2,3,,5,7,,,
node_c3,,,,,,,
fitness,1.0,15,,,,,

TREE_ID,79,,,,,,
tree_type,g,,,,,,
tree_depth_base,1,,,,,,
NODE_ID,1,2,3,4,5,6,7
node_depth,0,1,1,2,2,3,3
node_type,root,term,func,term,func,term,term
node_label,+,c,+,b,*,a,a
node_parent,,1,1,3,3,5,5
node_arity,2,0,2,0,2,0,0
node_c1,2,,4,,6,,
node_c2,3,,5,,7,,
node_c3,,,,,,,
fitness,2.0,15,,,,,

TREE_ID,80,,,,,,,,
tree_type,g,,,,,,,,
tree_depth_base,1,,,,,,,,
NODE_ID,1,2,3,4,5,6,7,8,9
node_depth,0,1,1,2,2,3,3,3,3
node_type,root,term,func,func,func,term,term,term,term
node_label,+,c,+,-,*,b,a,a,a
node_parent,,1,1,3,3,4,4,5,5
node_arity,2,0,2,2,2,0,0,0,0
node_c1,2,,4,6,8,,,,
node_c2,3,,5,7,9,,,,
node_c3,,,,,,,,,
fitness,2.0,19,,,,,,,

TREE_ID,81,,,,,,,,
tree_type,g,,,,,,,,
tree_depth_base,1,,,,,,,,
NODE_ID,1,2,3,4,5,6,7,8,9
node_depth,0,1,1,2,2,3,3,3,3
node_type,root,term,func,func,func,term,term,term,term
node_label,+,c,+,-,*,b,a,a,a
node_parent,,1,1,3,3,4,4,5,5
node_arity,2,0,2,2,2,0,0,0,0
node_c1,2,,4,6,8,,,,
node_c2,3,,5,7,9,,,,
node_c3,,,,,,,,,
fitness,2.0,19,,,,,,,

TREE_ID,82,,,,,,,,
tree_type,g,,,,,,,,
tree_depth_base,1,,,,,,,,
NODE_ID,1,2,3,4,5,6,7,8,9
node_depth,0,1,1,2,2,3,3,3,3
node_type,root,term,func,func,func,term,term,term,term
node_label,+,c,+,-,*,b,a,a,a
node_parent,,1,1,3,3,4,4,5,5
node_arity,2,0,2,2,2,0,0,0,0
node_c1,2,,4,6,8,,,,
node_c2,3,,5,7,9,,,,
node_c3,,,,,,,,,
fitness,2.0,19,,,,,,,

TREE_ID,83,,,,,,
tree_type,g,,,,,,
tree_depth_base,1,,,,,,
NODE_ID,1,2,3,4,5,6,7
node_depth,0,1,1,2,2,3,3
node_type,root,term,func,term,func,term,term
node_label,+,c,+,b,*,a,a
node_parent,,1,1,3,3,5,5
node_arity,2,0,2,0,2,0,0
node_c1,2,,4,,6,,
node_c2,3,,5,,7,,
node_c3,,,,,,,
fitness,2.0,15,,,,,

TREE_ID,84,,,,,,,,
tree_type,g,,,,,,,,
tree_depth_base,1,,,,,,,,
NODE_ID,1,2,3,4,5,6,7,8,9
node_depth,0,1,1,2,2,3,3,3,3
node_type,root,term,func,func,func,term,term,term,term
node_label,+,c,+,-,*,b,a,b,a
node_parent,,1,1,3,3,4,4,5,5
node_arity,2,0,2,2,2,0,0,0,0
node_c1,2,,4,6,8,,,,
node_c2,3,,5,7,9,,,,
node_c3,,,,,,,,,
fitness,2.0,19,,,,,,,

TREE_ID,85,,
tree_type,g,,
tree_depth_base,1,,
NODE_ID,1,2,3
node_depth,0,1,1
node_type,root,term,term
node_label,+,c,c
node_parent,,1,1
node_arity,2,0,0
node_c1,2,,
node_c2,3,,
node_c3,,,
fitness,1.0,7,

TREE_ID,86,,,,,,,,
tree_type,g,,,,,,,,
tree_depth_base,1,,,,,,,,
NODE_ID,1,2,3,4,5,6,7,8,9
node_depth,0,1,1,2,2,2,2,3,3
node_type,root,func,func,term,term,term,func,term,term
node_label,+,-,+,b,a,b,*,a,a
node_parent,,1,1,2,2,3,3,5,5
node_arity,2,2,2,0,0,0,2,0,0
node_c1,2,4,6,,,,8,,
node_c2,3,5,7,,,,9,,
node_c3,,,,,,,,,
fitness,0.0,19,,,,,,,

TREE_ID,87,,,,,,,,,,
tree_type,g,,,,,,,,,,
tree_depth_base,1,,,,,,,,,,
NODE_ID,1,2,3,4,5,6,7,8,9,10,11
node_depth,0,1,1,2,2,2,2,3,3,3,3
node_type,root,func,func,term,term,func,func,term,term,term,term
node_label,+,*,+,a,a,-,*,b,a,b,a
node_parent,,1,1,2,2,3,3,4,4,5,5
node_arity,2,2,2,0,0,2,2,0,0,0,0
node_c1,2,4,6,,,8,10,,,,
node_c2,3,5,7,,,9,11,,,,
node_c3,,,,,,,,,,,
fitness,0.0,23,,,,,,,,,

TREE_ID,88,,,,
tree_type,g,,,,
tree_depth_base,1,,,,
NODE_ID,1,2,3,4,5
node_depth,0,1,1,2,2
node_type,root,term,func,term,term
node_label,+,c,+,b,c
node_parent,,1,1,3,3
node_arity,2,0,2,0,0
node_c1,2,,4,,
node_c2,3,,5,,
node_c3,,,,,
fitness,0.0,11,,,

TREE_ID,89,,,,
tree_type,g,,,,
tree_depth_base,1,,,,
NODE_ID,1,2,3,4,5
node_depth,0,1,1,2,2
node_type,root,term,func,term,term
node_label,+,c,*,a,a
node_parent,,1,1,3,3
node_arity,2,0,2,0,0
node_c1,2,,4,,
node_c2,3,,5,,
node_c3,,,,,
fitness,0.0,11,,,

TREE_ID,90,,,,,,
tree_type,g,,,,,,
tree_depth_base,1,,,,,,
NODE_ID,1,2,3,4,5,6,7
node_depth,0,1,1,2,2,3,3
node_type,root,term,func,term,func,term,term
node_label,+,c,+,b,+,b,c
node_parent,,1,1,3,3,5,5
node_arity,2,0,2,0,2,0,0
node_c1,2,,4,,6,,
node_c2,3,,5,,7,,
node_c3,,,,,,,
fitness,0.0,15,,,,,

TREE_ID,91,,,,,,,,
tree_type,g,,,,,,,,
tree_depth_base,1,,,,,,,,
NODE_ID,1,2,3,4,5,6,7,8,9
node_depth,0,1,1,2,2,2,2,3,3
node_type,root,func,func,func,term,term,term,term,term
node_label,+,+,+,-,b,b,a,b,a
node_parent,,1,1,2,2,3,3,4,4
node_arity,2,2,2,2,0,0,0,0,0
node_c1,2,4,6,8,,,,,
node_c2,3,5,7,9,,,,,
node_c3,,,,,,,,,
fitness,10.0,19,,,,,,,

TREE_ID,92,,,,,,
tree_type,g,,,,,,
tree_depth_base,1,,,,,,
NODE_ID,1,2,3,4,5,6,7
node_depth,0,1,1,2,2,3,3
node_type,root,term,func,term,func,term,term
node_label,+,c,+,b,*,a,a
node_parent,,1,1,3,3,5,5
node_arity,2,0,2,0,2,0,0
node_c1,2,,4,,6,,
node_c2,3,,5,,7,,
node_c3,,,,,,,
fitness,2.0,15,,,,,

TREE_ID,93,,,,,,,,
tree_type,g,,,,,,,,
tree_depth_base,1,,,,,,,,
NODE_ID,1,2,3,4,5,6,7,8,9
node_depth,0,1,1,2,2,3,3,3,3
node_type,root,term,func,func,func,term,term,term,term
node_label,+,c,+,-,*,b,a,b,a
node_parent,,1,1,3,3,4,4,5,5
node_arity,2,0,2,2,2,0,0,0,0
node_c1,2,,4,6,8,,,,
node_c2,3,,5,7,9,,,,
node_c3,,,,,,,,,
fitness,2.0,19,,,,,,,

TREE_ID,94,,,,,,,,
tree_type,g,,,,,,,,
tree_depth_base,1,,,,,,,,
NODE_ID,1,2,3,4,5,6,7,8,9
node_depth,0,1,1,2,2,3,3,3,3
node_type,root,term,func,func,func,term,term,term,term
node_label,+,c,+,-,*,b,a,b,a
node_parent,,1,1,3,3,4,4,5,5
node_arity,2,0,2,2,2,0,0,0,0
node_c1,2,,4,6,8,,,,
node_c2,3,,5,7,9,,,,
node_c3,,,,,,,,,
fitness,2.0,19,,,,,,,

TREE_ID,95,,,,,,,,
tree_type,g,,,,,,,,
tree_depth_base,1,,,,,,,,
NODE_ID,1,2,3,4,5,6,7,8,9
node_depth,0,1,1,2,2,3,3,3,3
node_type,root,term,func,func,func,term,term,term,term
node_label,+,c,+,-,*,b,a,b,a
node_parent,,1,1,3,3,4,4,5,5
node_arity,2,0,2,2,2,0,0,0,0
node_c1,2,,4,6,8,,,,
node_c2,3,,5,7,9,,,,
node_c3,,,,,,,,,
fitness,2.0,19,,,,,,,

TREE_ID,96,,,,,,
tree_type,g,,,,,,
tree_depth_base,1,,,,,,
NODE_ID,1,2,3,4,5,6,7
node_depth,0,1,1,2,2,3,3
node_type,root,term,func,func,term,term,term
node_label,+,c,+,-,a,b,a
node_parent,,1,1,3,3,4,4
node_arity,2,0,2,2,0,0,0
node_c1,2,,4,6,,,
node_c2,3,,5,7,,,
node_c3,,,,,,,
fitness,1.0,15,,,,,

TREE_ID,97,,,,,,
tree_type,g,,,,,,
tree_depth_base,1,,,,,,
NODE_ID,1,2,3,4,5,6,7
node_depth,0,1,1,2,2,3,3
node_type,root,term,func,term,func,term,term
node_label,+,b,+,b,*,a,b
node_parent,,1,1,3,3,5,5
node_arity,2,0,2,0,2,0,0
node_c1,2,,4,,6,,
node_c2,3,,5,,7,,
node_c3,,,,,,,
fitness,1.0,15,,,,,

TREE_ID,98,,,,,,,,
tree_type,g,,,,,,,,
tree_depth_base,1,,,,,,,,
NODE_ID,1,2,3,4,5,6,7,8,9
node_depth,0,1,1,2,2,3,3,3,3
node_type,root,term,func,func,func,term,term,term,term
node_label,+,c,+,-,*,b,a,a,a
node_parent,,1,1,3,3,4,4,5,5
node_arity,2,0,2,2,2,0,0,0,0
node_c1,2,,4,6,8,,,,
node_c2,3,,5,7,9,,,,
node_c3,,,,,,,,,
fitness,2.0,19,,,,,,,

TREE_ID,99,,,,,,,,
tree_type,g,,,,,,,,
tree_depth_base,1,,,,,,,,
NODE_ID,1,2,3,4,5,6,7,8,9
node_depth,0,1,1,2,2,3,3,3,3
node_type,root,term,func,func,func,term,term,term,term
node_label,+,c,+,*,*,a,a,a,a
node_parent,,1,1,3,3,4,4,5,5
node_arity,2,0,2,2,2,0,0,0,0
node_c1,2,,4,6,8,,,,
node_c2,3,,5,7,9,,,,
node_c3,,,,,,,,,
fitness,0.0,19,,,,,,,

TREE_ID,100,,,,,,,,
tree_type,g,,,,,,,,
tree_depth_base,1,,,,,,,,
NODE_ID,1,2,3,4,5,6,7,8,9
node_depth,0,1,1,2,2,3,3,3,3
node_type,root,term,func,func,func,term,term,term,term
node_label,+,c,+,-,*,b,a,b,a
node_parent,,1,1,3,3,4,4,5,5
node_arity,2,0,2,2,2,0,0,0,0
node_c1,2,,4,6,8,,,,
node_c2,3,,5,7,9,,,,
node_c3,,,,,,,,,
fitness,2.0,19,,,,,,,

Karoo GP by Kai Staats,Generation:,9

TREE_ID,1,,,,,,,,
tree_type,g,,,,,,,,
tree_depth_base,1,,,,,,,,
NODE_ID,1,2,3,4,5,6,7,8,9
node_depth,0,1,1,2,2,3,3,3,3
node_type,root,term,func,func,func,term,term,term,term
node_label,+,c,+,-,*,b,a,a,a
node_parent,,1,1,3,3,4,4,5,5
node_arity,2,0,2,2,2,0,0,0,0
node_c1,2,,4,6,8,,,,
node_c2,3,,5,7,9,,,,
node_c3,,,,,,,,,
fitness,2.0,19,,,,,,,

TREE_ID,2,,,,,,
tree_type,g,,,,,,
tree_depth_base,1,,,,,,
NODE_ID,1,2,3,4,5,6,7
node_depth,0,1,1,2,2,3,3
node_type,root,term,func,term,func,term,term
node_label,+,c,+,b,*,a,a
node_parent,,1,1,3,3,5,5
node_arity,2,0,2,0,2,0,0
node_c1,2,,4,,6,,
node_c2,3,,5,,7,,
node_c3,,,,,,,
fitness,2.0,15,,,,,

TREE_ID,3,,,,,,,,,,
tree_type,g,,,,,,,,,,
tree_depth_base,1,,,,,,,,,,
NODE_ID,1,2,3,4,5,6,7,8,9,10,11
node_depth,0,1,1,2,2,2,2,3,3,3,3
node_type,root,func,func,term,term,func,func,term,term,term,term
node_label,+,-,+,b,a,-,*,c,a,a,a
node_parent,,1,1,2,2,3,3,4,4,5,5
node_arity,2,2,2,0,0,2,2,0,0,0,0
node_c1,2,4,6,,,8,10,,,,
node_c2,3,5,7,,,9,11,,,,
node_c3,,,,,,,,,,,
fitness,2.0,23,,,,,,,,,

TREE_ID,4,,,,,,,,
tree_type,g,,,,,,,,
tree_depth_base,1,,,,,,,,
NODE_ID,1,2,3,4,5,6,7,8,9
node_depth,0,1,1,2,2,3,3,3,3
node_type,root,term,func,func,func,term,term,term,term
node_label,+,c,+,-,*,b,a,a,a
node_parent,,1,1,3,3,4,4,5,5
node_arity,2,0,2,2,2,0,0,0,0
node_c1,2,,4,6,8,,,,
node_c2,3,,5,7,9,,,,
node_c3,,,,,,,,,
fitness,2.0,19,,,,,,,

TREE_ID,5,,,,,,,,
tree_type,g,,,,,,,,
tree_depth_base,1,,,,,,,,
NODE_ID,1,2,3,4,5,6,7,8,9
node_depth,0,1,1,2,2,2,2,3,3
node_type,root,func,func,func,term,term,term,term,term
node_label,+,+,+,-,b,b,a,b,a
node_parent,,1,1,2,2,3,3,4,4
node_arity,2,2,2,2,0,0,0,0,0
node_c1,2,4,6,8,,,,,
node_c2,3,5,7,9,,,,,
node_c3,,,,,,,,,
fitness,10.0,19,,,,,,,

TREE_ID,6,,,,,,
tree_type,g,,,,,,
tree_depth_base,1,,,,,,
NODE_ID,1,2,3,4,5,6,7
node_depth,0,1,1,2,2,3,3
node_type,root,term,func,term,func,term,term
node_label,+,c,+,b,*,a,a
node_parent,,1,1,3,3,5,5
node_arity,2,0,2,0,2,0,0
node_c1,2,,4,,6,,
node_c2,3,,5,,7,,
node_c3,,,,,,,
fitness,2.0,15,,,,,

TREE_ID,7,,,,,,,,
tree_type,g,,,,,,,,
tree_depth_base,1,,,,,,,,
NODE_ID,1,2,3,4,5,6,7,8,9
node_depth,0,1,1,2,2,2,2,3,3
node_type,root,func,func,func,term,term,term,term,term
node_label,+,+,+,-,b,b,a,b,a
node_parent,,1,1,2,2,3,3,4,4
node_arity,2,2,2,2,0,0,0,0,0
node_c1,2,4,6,8,,,,,
node_c2,3,5,7,9,,,,,
node_c3,,,,,,,,,
fitness,10.0,19,,,,,,,

TREE_ID,8,,,,,,,,
tree_type,g,,,,,,,,
tree_depth_base,1,,,,,,,,
NODE_ID,1,2,3,4,5,6,7,8,9
node_depth,0,1,1,2,2,3,3,3,3
node_type,root,term,func,func,func,term,term,term,term
node_label,+,c,+,*,-,a,a,b,a
node_parent,,1,1,3,3,4,4,5,5
node_arity,2,0,2,2,2,0,0,0,0
node_c1,2,,4,6,8,,,,
node_c2,3,,5,7,9,,,,
node_c3,,,,,,,,,
fitness,2.0,19,,,,,,,

TREE_ID,9,,,,,,,,
tree_type,g,,,,,,,,
tree_depth_base,1,,,,,,,,
NODE_ID,1,2,3,4,5,6,7,8,9
node_depth,0,1,1,2,2,2,2,3,3
node_type,root,func,func,func,term,term,term,term,term
node_label,+,+,+,-,b,b,a,b,a
node_parent,,1,1,2,2,3,3,4,4
node_arity,2,2,2,2,0,0,0,0,0
node_c1,2,4,6,8,,,,,
node_c2,3,5,7,9,,,,,
node_c3,,,,,,,,,
fitness,10.0,19,,,,,,,

TREE_ID,10,,,,,,,,
tree_type,g,,,,,,,,
tree_depth_base,1,,,,,,,,
NODE_ID,1,2,3,4,5,6,7,8,9
node_depth,0,1,1,2,2,3,3,3,3
node_type,root,term,func,func,func,term,term,term,term
node_label,+,c,+,-,*,b,a,b,a
node_parent,,1,1,3,3,4,4,5,5
node_arity,2,0,2,2,2,0,0,0,0
node_c1,2,,4,6,8,,,,
node_c2,3,,5,7,9,,,,
node_c3,,,,,,,,,
fitness,2.0,19,,,,,,,

TREE_ID,11,,,,,,,,
tree_type,g,,,,,,,,
tree_depth_base,1,,,,,,,,
NODE_ID,1,2,3,4,5,6,7,8,9
node_depth,0,1,1,2,2,3,3,3,3
node_type,root,term,func,func,func,term,term,term,term
node_label,+,c,+,-,*,b,a,b,b
node_parent,,1,1,3,3,4,4,5,5
node_arity,2,0,2,2,2,0,0,0,0
node_c1,2,,4,6,8,,,,
node_c2,3,,5,7,9,,,,
node_c3,,,,,,,,,
fitness,0.0,19,,,,,,,

TREE_ID,12,,,,,,,,
tree_type,g,,,,,,,,
tree_depth_base,1,,,,,,,,
NODE_ID,1,2,3,4,5,6,7,8,9
node_depth,0,1,1,2,2,3,3,3,3
node_type,root,term,func,func,func,term,term,term,term
node_label,+,c,*,*,+,a,b,a,a
node_parent,,1,1,3,3,4,4,5,5
node_arity,2,0,2,2,2,0,0,0,0
node_c1,2,,4,6,8,,,,
node_c2,3,,5,7,9,,,,
node_c3,,,,,,,,,
fitness,1.0,19,,,,,,,

TREE_ID,13,,,,,,,,,,
tree_type,g,,,,,,,,,,
tree_depth_base,1,,,,,,,,,,
NODE_ID,1,2,3,4,5,6,7,8,9,10,11
node_depth,0,1,1,2,2,2,2,3,3,3,3
node_type,root,func,func,func,term,term,func,term,term,term,term
node_label,+,+,+,-,b,b,+,b,a,b,b
node_parent,,1,1,2,2,3,3,4,4,7,7
node_arity,2,2,2,2,0,0,2,0,0,0,0
node_c1,2,4,6,8,,,10,,,,
node_c2,3,5,7,9,,,11,,,,
node_c3,,,,,,,,,,,
fitness,0.0,23,,,,,,,,,

TREE_ID,14,,,,,,
tree_type,g,,,,,,
tree_depth_base,1,,,,,,
NODE_ID,1,2,3,4,5,6,7
node_depth,0,1,1,2,2,3,3
node_type,root,term,func,term,func,term,term
node_label,+,c,*,c,/,c,b
node_parent,,1,1,3,3,5,5
node_arity,2,0,2,0,2,0,0
node_c1,2,,4,,6,,
node_c2,3,,5,,7,,
node_c3,,,,,,,
fitness,0.0,15,,,,,

TREE_ID,15,,,,,,,,
tree_type,g,,,,,,,,
tree_depth_base,1,,,,,,,,
NODE_ID,1,2,3,4,5,6,7,8,9
node_depth,0,1,1,2,2,2,2,3,3
node_type,root,func,func,term,term,term,func,term,term
node_label,+,-,/,c,c,c,*,a,c
node_parent,,1,1,2,2,3,3,5,5
node_arity,2,2,2,0,0,0,2,0,0
node_c1,2,4,6,,,,8,,
node_c2,3,5,7,,,,9,,
node_c3,,,,,,,,,
fitness,1.0,19,,,,,,,

TREE_ID,16,,,,,,,,,,
tree_type,g,,,,,,,,,,
tree_depth_base,1,,,,,,,,,,
NODE_ID,1,2,3,4,5,6,7,8,9,10,11
node_depth,0,1,1,2,2,2,2,3,3,3,3
node_type,root,func,func,func,func,term,term,term,term,term,term
node_label,+,/,+,-,+,b,a,a,c,a,c
node_parent,,1,1,2,2,3,3,4,4,5,5
node_arity,2,2,2,2,2,0,0,0,0,0,0
node_c1,2,4,6,8,10,,,,,,
node_c2,3,5,7,9,11,,,,,,
node_c3,,,,,,,,,,,
fitness,2.0,23,,,,,,,,,

TREE_ID,17,,,,
tree_type,g,,,,
tree_depth_base,1,,,,
NODE_ID,1,2,3,4,5
node_depth,0,1,1,2,2
node_type,root,term,func,term,term
node_label,+,b,+,b,a
node_parent,,1,1,3,3
node_arity,2,0,2,0,0
node_c1,2,,4,,
node_c2,3,,5,,
node_c3,,,,,
fitness,0.0,11,,,

TREE_ID,18,,,,,,,,
tree_type,g,,,,,,,,
tree_depth_base,1,,,,,,,,
NODE_ID,1,2,3,4,5,6,7,8,9
node_depth,0,1,1,2,2,3,3,3,3
node_type,root,term,func,func,func,term,term,term,term
node_label,+,c,+,-,*,b,a,a,a
node_parent,,1,1,3,3,4,4,5,5
node_arity,2,0,2,2,2,0,0,0,0
node_c1,2,,4,6,8,,,,
node_c2,3,,5,7,9,,,,
node_c3,,,,,,,,,
fitness,2.0,19,,,,,,,

TREE_ID,19,,,,,,
tree_type,g,,,,,,
tree_depth_base,1,,,,,,
NODE_ID,1,2,3,4,5,6,7
node_depth,0,1,1,2,2,3,3
node_type,root,term,func,term,func,term,term
node_label,+,c,+,b,*,b,a
node_parent,,1,1,3,3,5,5
node_arity,2,0,2,0,2,0,0
node_c1,2,,4,,6,,
node_c2,3,,5,,7,,
node_c3,,,,,,,
fitness,1.0,15,,,,,

TREE_ID,20,,,,,,,,
tree_type,g,,,,,,,,
tree_depth_base,1,,,,,,,,
NODE_ID,1,2,3,4,5,6,7,8,9
node_depth,0,1,1,2,2,3,3,3,3
node_type,root,term,func,func,func,term,term,term,term
node_label,+,c,+,-,*,b,c,a,a
node_parent,,1,1,3,3,4,4,5,5
node_arity,2,0,2,2,2,0,0,0,0
node_c1,2,,4,6,8,,,,
node_c2,3,,5,7,9,,,,
node_c3,,,,,,,,,
fitness,0.0,19,,,,,,,

TREE_ID,21,,,,,,,,
tree_type,g,,,,,,,,
tree_depth_base,1,,,,,,,,
NODE_ID,1,2,3,4,5,6,7,8,9
node_depth,0,1,1,2,2,3,3,3,3
node_type,root,term,func,func,func,term,term,term,term
node_label,+,c,+,-,*,b,a,a,b
node_parent,,1,1,3,3,4,4,5,5
node_arity,2,0,2,2,2,0,0,0,0
node_c1,2,,4,6,8,,,,
node_c2,3,,5,7,9,,,,
node_c3,,,,,,,,,
fitness,2.0,19,,,,,,,

TREE_ID,22,,
tree_type,g,,
tree_depth_base,1,,
NODE_ID,1,2,3
node_depth,0,1,1
node_type,root,term,term
node_label,+,c,b
node_parent,,1,1
node_arity,2,0,0
node_c1,2,,
node_c2,3,,
node_c3,,,
fitness,1.0,7,

TREE_ID,23,,,,,,,,
tree_type,g,,,,,,,,
tree_depth_base,1,,,,,,,,
NODE_ID,1,2,3,4,5,6,7,8,9
node_depth,0,1,1,2,2,3,3,3,3
node_type,root,term,func,func,func,term,term,term,term
node_label,+,c,+,-,/,b,c,b,a
node_parent,,1,1,3,3,4,4,5,5
node_arity,2,0,2,2,2,0,0,0,0
node_c1,2,,4,6,8,,,,
node_c2,3,,5,7,9,,,,
node_c3,,,,,,,,,
fitness,1.0,19,,,,,,,

TREE_ID,24,,,,
tree_type,g,,,,
tree_depth_base,1,,,,
NODE_ID,1,2,3,4,5
node_depth,0,1,1,2,2
node_type,root,term,func,term,term
node_label,+,c,+,c,a
node_parent,,1,1,3,3
node_arity,2,0,2,0,0
node_c1,2,,4,,
node_c2,3,,5,,
node_c3,,,,,
fitness,0.0,11,,,

TREE_ID,25,,,,,,,,
tree_type,g,,,,,,,,
tree_depth_base,1,,,,,,,,
NODE_ID,1,2,3,4,5,6,7,8,9
node_depth,0,1,1,2,2,3,3,3,3
node_type,root,term,func,func,func,term,term,term,term
node_label,+,c,+,*,-,a,a,b,c
node_parent,,1,1,3,3,4,4,5,5
node_arity,2,0,2,2,2,0,0,0,0
node_c1,2,,4,6,8,,,,
node_c2,3,,5,7,9,,,,
node_c3,,,,,,,,,
fitness,0.0,19,,,,,,,

TREE_ID,26,,,,,,
tree_type,g,,,,,,
tree_depth_base,1,,,,,,
NODE_ID,1,2,3,4,5,6,7
node_depth,0,1,1,2,2,3,3
node_type,root,term,func,term,func,term,term
node_label,+,a,/,c,*,a,c
node_parent,,1,1,3,3,5,5
node_arity,2,0,2,0,2,0,0
node_c1,2,,4,,6,,
node_c2,3,,5,,7,,
node_c3,,,,,,,
fitness,1.0,15,,,,,

TREE_ID,27,,,,,,,,
tree_type,g,,,,,,,,
tree_depth_base,1,,,,,,,,
NODE_ID,1,2,3,4,5,6,7,8,9
node_depth,0,1,1,2,2,3,3,3,3
node_type,root,term,func,func,func,term,term,term,term
node_label,+,c,+,-,*,b,a,a,b
node_parent,,1,1,3,3,4,4,5,5
node_arity,2,0,2,2,2,0,0,0,0
node_c1,2,,4,6,8,,,,
node_c2,3,,5,7,9,,,,
node_c3,,,,,,,,,
fitness,2.0,19,,,,,,,

TREE_ID,28,,,,,,,,
tree_type,g,,,,,,,,
tree_depth_base,1,,,,,,,,
NODE_ID,1,2,3,4,5,6,7,8,9
node_depth,0,1,1,2,2,3,3,3,3
node_type,root,term,func,func,func,term,term,term,term
node_label,+,c,+,*,-,a,a,b,c
node_parent,,1,1,3,3,4,4,5,5
node_arity,2,0,2,2,2,0,0,0,0
node_c1,2,,4,6,8,,,,
node_c2,3,,5,7,9,,,,
node_c3,,,,,,,,,
fitness,0.0,19,,,,,,,

TREE_ID,29,,,,,,,,
tree_type,g,,,,,,,,
tree_depth_base,1,,,,,,,,
NODE_ID,1,2,3,4,5,6,7,8,9
node_depth,0,1,1,2,2,3,3,3,3
node_type,root,term,func,func,func,term,term,term,term
node_label,+,c,+,-,*,b,a,a,a
node_parent,,1,1,3,3,4,4,5,5
node_arity,2,0,2,2,2,0,0,0,0
node_c1,2,,4,6,8,,,,
node_c2,3,,5,7,9,,,,
node_c3,,,,,,,,,
fitness,2.0,19,,,,,,,

TREE_ID,30,,,,,,
tree_type,g,,,,,,
tree_depth_base,1,,,,,,
NODE_ID,1,2,3,4,5,6,7
node_depth,0,1,1,2,2,2,2
node_type,root,func,func,term,term,term,term
node_label,+,+,+,a,a,b,a
node_parent,,1,1,2,2,3,3
node_arity,2,2,2,0,0,0,0
node_c1,2,4,6,,,,
node_c2,3,5,7,,,,
node_c3,,,,,,,
fitness,1.0,15,,,,,

TREE_ID,31,,
tree_type,g,,
tree_depth_base,1,,
NODE_ID,1,2,3
node_depth,0,1,1
node_type,root,term,term
node_label,+,c,c
node_parent,,1,1
node_arity,2,0,0
node_c1,2,,
node_c2,3,,
node_c3,,,
fitness,1.0,7,

TREE_ID,32,,,,,,,,,,,,,,
tree_type,g,,,,,,,,,,,,,,
tree_depth_base,1,,,,,,,,,,,,,,
NODE_ID,1,2,3,4,5,6,7,8,9,10,11,12,13,14,15
node_depth,0,1,1,2,2,2,2,3,3,3,3,3,3,3,3
node_type,root,func,func,func,func,func,func,term,term,term,term,term,term,term,term
node_label,+,+,+,-,*,-,*,b,a,b,a,b,a,b,a
node_parent,,1,1,2,2,3,3,4,4,5,5,4,4,5,5
node_arity,2,2,2,2,2,2,2,0,0,0,0,0,0,0,0
node_c1,2,4,6,8,10,12,14,,,,,,,,
node_c2,3,5,7,9,11,13,15,,,,,,,,
node_c3,,,,,,,,,,,,,,,
fitness,1.0,31,,,,,,,,,,,,,

TREE_ID,33,,,,,,,,
tree_type,g,,,,,,,,
tree_depth_base,2,,,,,,,,
NODE_ID,1,2,3,4,5,6,7,8,9
node_depth,0,1,1,2,2,2,2,3,3
node_type,root,func,func,term,func,term,term,term,term
node_label,*,*,/,c,+,b,a,a,a
node_parent,,1,1,2,2,3,3,5,5
node_arity,2,2,2,0,2,0,0,0,0
node_c1,2,4,6,,8,,,,
node_c2,3,5,7,,9,,,,
node_c3,,,,,,,,,
fitness,0.0,19,,,,,,,

TREE_ID,34,,,,,,
tree_type,g,,,,,,
tree_depth_base,1,,,,,,
NODE_ID,1,2,3,4,5,6,7
node_depth,0,1,1,2,2,2,2
node_type,root,func,func,term,term,term,term
node_label,+,/,+,c,a,b,a
node_parent,,1,1,2,2,3,3
node_arity,2,2,2,0,0,0,0
node_c1,2,4,6,,,,
node_c2,3,5,7,,,,
node_c3,,,,,,,
fitness,2.0,15,,,,,

TREE_ID,35,,,,,,,,
tree_type,g,,,,,,,,
tree_depth_base,1,,,,,,,,
NODE_ID,1,2,3,4,5,6,7,8,9
node_depth,0,1,1,2,2,2,2,3,3
node_type,root,func,func,func,term,term,term,term,term
node_label,+,+,+,-,b,b,a,b,b
node_parent,,1,1,2,2,3,3,4,4
node_arity,2,2,2,2,0,0,0,0,0
node_c1,2,4,6,8,,,,,
node_c2,3,5,7,9,,,,,
node_c3,,,,,,,,,
fitness,0.0,19,,,,,,,

TREE_ID,36,,,,,,,,
tree_type,g,,,,,,,,
tree_depth_base,1,,,,,,,,
NODE_ID,1,2,3,4,5,6,7,8,9
node_depth,0,1,1,2,2,3,3,3,3
node_type,root,term,func,func,func,term,term,term,term
node_label,+,c,+,-,*,a,a,b,a
node_parent,,1,1,3,3,4,4,5,5
node_arity,2,0,2,2,2,0,0,0,0
node_c1,2,,4,6,8,,,,
node_c2,3,,5,7,9,,,,
node_c3,,,,,,,,,
fitness,0.0,19,,,,,,,

TREE_ID,37,,,,,,
tree_type,g,,,,,,
tree_depth_base,1,,,,,,
NODE_ID,1,2,3,4,5,6,7
node_depth,0,1,1,2,2,3,3
node_type,root,term,func,term,func,term,term
node_label,+,c,+,b,*,a,a
node_parent,,1,1,3,3,5,5
node_arity,2,0,2,0,2,0,0
node_c1,2,,4,,6,,
node_c2,3,,5,,7,,
node_c3,,,,,,,
fitness,2.0,15,,,,,

TREE_ID,38,,,,,,,,
tree_type,g,,,,,,,,
tree_depth_base,1,,,,,,,,
NODE_ID,1,2,3,4,5,6,7,8,9
node_depth,0,1,1,2,2,3,3,3,3
node_type,root,term,func,func,func,term,term,term,term
node_label,+,c,+,-,*,b,a,a,a
node_parent,,1,1,3,3,4,4,5,5
node_arity,2,0,2,2,2,0,0,0,0
node_c1,2,,4,6,8,,,,
node_c2,3,,5,7,9,,,,
node_c3,,,,,,,,,
fitness,2.0,19,,,,,,,

TREE_ID,39,,,,,,,,
tree_type,g,,,,,,,,
tree_depth_base,1,,,,,,,,
NODE_ID,1,2,3,4,5,6,7,8,9
node_depth,0,1,1,2,2,3,3,3,3
node_type,root,term,func,func,func,term,term,term,term
node_label,+,c,+,-,*,c,a,a,a
node_parent,,1,1,3,3,4,4,5,5
node_arity,2,0,2,2,2,0,0,0,0
node_c1,2,,4,6,8,,,,
node_c2,3,,5,7,9,,,,
node_c3,,,,,,,,,
fitness,1.0,19,,,,,,,

TREE_ID,40,,
tree_type,g,,
tree_depth_base,1,,
NODE_ID,1,2,3
node_depth,0,1,1
node_type,root,term,term
node_label,+,c,b
node_parent,,1,1
node_arity,2,0,0
node_c1,2,,
node_c2,3,,
node_c3,,,
fitness,1.0,7,

TREE_ID,41,,,,,,,,,,
tree_type,g,,,,,,,,,,
tree_depth_base,1,,,,,,,,,,
NODE_ID,1,2,3,4,5,6,7,8,9,10,11
node_depth,0,1,1,2,2,2,2,3,3,3,3
node_type,root,func,func,func,term,term,func,term,term,term,term
node_label,+,+,+,-,b,b,/,b,a,b,a
node_parent,,1,1,2,2,3,3,4,4,7,7
node_arity,2,2,2,2,0,0,2,0,0,0,0
node_c1,2,4,6,8,,,10,,,,
node_c2,3,5,7,9,,,11,,,,
node_c3,,,,,,,,,,,
fitness,1.0,23,,,,,,,,,

TREE_ID,42,,
tree_type,g,,
tree_depth_base,2,,
NODE_ID,1,2,3
node_depth,0,1,1
node_type,root,term,term
node_label,*,c,a
node_parent,,1,1
node_arity,2,0,0
node_c1,2,,
node_c2,3,,
node_c3,,,
fitness,0.0,7,

TREE_ID,43,,,,,,,,
tree_type,g,,,,,,,,
tree_depth_base,1,,,,,,,,
NODE_ID,1,2,3,4,5,6,7,8,9
node_depth,0,1,1,2,2,3,3,3,3
node_type,root,term,func,func,func,term,term,term,term
node_label,+,c,+,-,*,b,a,a,a
node_parent,,1,1,3,3,4,4,5,5
node_arity,2,0,2,2,2,0,0,0,0
node_c1,2,,4,6,8,,,,
node_c2,3,,5,7,9,,,,
node_c3,,,,,,,,,
fitness,2.0,19,,,,,,,

TREE_ID,44,,,,,,
tree_type,g,,,,,,
tree_depth_base,1,,,,,,
NODE_ID,1,2,3,4,5,6,7
node_depth,0,1,1,2,2,3,3
node_type,root,term,func,term,func,term,term
node_label,+,c,+,b,*,a,a
node_parent,,1,1,3,3,5,5
node_arity,2,0,2,0,2,0,0
node_c1,2,,4,,6,,
node_c2,3,,5,,7,,
node_c3,,,,,,,
fitness,2.0,15,,,,,

TREE_ID,45,,,,,,
tree_type,g,,,,,,
tree_depth_base,1,,,,,,
NODE_ID,1,2,3,4,5,6,7
node_depth,0,1,1,2,2,3,3
node_type,root,term,func,term,func,term,term
node_label,+,c,+,b,*,a,a
node_parent,,1,1,3,3,5,5
node_arity,2,0,2,0,2,0,0
node_c1,2,,4,,6,,
node_c2,3,,5,,7,,
node_c3,,,,,,,
fitness,2.0,15,,,,,

TREE_ID,46,,,,,,
tree_type,g,,,,,,
tree_depth_base,1,,,,,,
NODE_ID,1,2,3,4,5,6,7
node_depth,0,1,1,2,2,3,3
node_type,root,term,func,term,func,term,term
node_label,+,c,+,a,*,a,a
node_parent,,1,1,3,3,5,5
node_arity,2,0,2,0,2,0,0
node_c1,2,,4,,6,,
node_c2,3,,5,,7,,
node_c3,,,,,,,
fitness,0.0,15,,,,,

TREE_ID,47,,,,,,,,
tree_type,g,,,,,,,,
tree_depth_base,1,,,,,,,,
NODE_ID,1,2,3,4,5,6,7,8,9
node_depth,0,1,1,2,2,3,3,3,3
node_type,root,term,func,func,func,term,term,term,term
node_label,+,c,+,-,-,b,a,b,a
node_parent,,1,1,3,3,4,4,5,5
node_arity,2,0,2,2,2,0,0,0,0
node_c1,2,,4,6,8,,,,
node_c2,3,,5,7,9,,,,
node_c3,,,,,,,,,
fitness,0.0,19,,,,,,,

TREE_ID,48,,,,,,,,
tree_type,g,,,,,,,,
tree_depth_base,1,,,,,,,,
NODE_ID,1,2,3,4,5,6,7,8,9
node_depth,0,1,1,2,2,3,3,3,3
node_type,root,term,func,func,func,term,term,term,term
node_label,+,c,+,*,*,b,a,a,a
node_parent,,1,1,3,3,4,4,5,5
node_arity,2,0,2,2,2,0,0,0,0
node_c1,2,,4,6,8,,,,
node_c2,3,,5,7,9,,,,
node_c3,,,,,,,,,
fitness,1.0,19,,,,,,,

TREE_ID,49,,,,,,,,
tree_type,g,,,,,,,,
tree_depth_base,1,,,,,,,,
NODE_ID,1,2,3,4,5,6,7,8,9
node_depth,0,1,1,2,2,3,3,3,3
node_type,root,term,func,func,func,term,term,term,term
node_label,+,c,+,-,*,b,a,b,a
node_parent,,1,1,3,3,4,4,5,5
node_arity,2,0,2,2,2,0,0,0,0
node_c1,2,,4,6,8,,,,
node_c2,3,,5,7,9,,,,
node_c3,,,,,,,,,
fitness,2.0,19,,,,,,,

TREE_ID,50,,,,,,
tree_type,g,,,,,,
tree_depth_base,1,,,,,,
NODE_ID,1,2,3,4,5,6,7
node_depth,0,1,1,2,2,3,3
node_type,root,term,func,term,func,term,term
node_label,+,c,+,a,-,b,a
node_parent,,1,1,3,3,5,5
node_arity,2,0,2,0,2,0,0
node_c1,2,,4,,6,,
node_c2,3,,5,,7,,
node_c3,,,,,,,
fitness,1.0,15,,,,,

TREE_ID,51,,,,,,,,
tree_type,g,,,,,,,,
tree_depth_base,1,,,,,,,,
NODE_ID,1,2,3,4,5,6,7,8,9
node_depth,0,1,1,2,2,3,3,3,3
node_type,root,term,func,func,func,term,term,term,term
node_label,+,c,+,-,*,c,a,a,a
node_parent,,1,1,3,3,4,4,5,5
node_arity,2,0,2,2,2,0,0,0,0
node_c1,2,,4,6,8,,,,
node_c2,3,,5,7,9,,,,
node_c3,,,,,,,,,
fitness,1.0,19,,,,,,,

TREE_ID,52,,,,
tree_type,g,,,,
tree_depth_base,1,,,,
NODE_ID,1,2,3,4,5
node_depth,0,1,1,2,2
node_type,root,term,func,term,term
node_label,+,b,+,b,a
node_parent,,1,1,3,3
node_arity,2,0,2,0,0
node_c1,2,,4,,
node_c2,3,,5,,
node_c3,,,,,
fitness,0.0,11,,,

TREE_ID,53,,,,,,,,
tree_type,g,,,,,,,,
tree_depth_base,1,,,,,,,,
NODE_ID,1,2,3,4,5,6,7,8,9
node_depth,0,1,1,2,2,3,3,3,3
node_type,root,term,func,func,func,term,term,term,term
node_label,+,c,+,-,*,c,a,b,a
node_parent,,1,1,3,3,4,4,5,5
node_arity,2,0,2,2,2,0,0,0,0
node_c1,2,,4,6,8,,,,
node_c2,3,,5,7,9,,,,
node_c3,,,,,,,,,
fitness,0.0,19,,,,,,,

TREE_ID,54,,
tree_type,g,,
tree_depth_base,1,,
NODE_ID,1,2,3
node_depth,0,1,1
node_type,root,term,term
node_label,+,c,b
node_parent,,1,1
node_arity,2,0,0
node_c1,2,,
node_c2,3,,
node_c3,,,
fitness,1.0,7,

TREE_ID,55,,,,,,,,
tree_type,g,,,,,,,,
tree_depth_base,1,,,,,,,,
NODE_ID,1,2,3,4,5,6,7,8,9
node_depth,0,1,1,2,2,3,3,3,3
node_type,root,term,func,func,func,term,term,term,term
node_label,+,c,+,-,*,b,a,a,a
node_parent,,1,1,3,3,4,4,5,5
node_arity,2,0,2,2,2,0,0,0,0
node_c1,2,,4,6,8,,,,
node_c2,3,,5,7,9,,,,
node_c3,,,,,,,,,
fitness,2.0,19,,,,,,,

TREE_ID,56,,,,,,
tree_type,g,,,,,,
tree_depth_base,1,,,,,,
NODE_ID,1,2,3,4,5,6,7
node_depth,0,1,1,2,2,3,3
node_type,root,term,func,func,term,term,term
node_label,+,c,+,-,a,b,a
node_parent,,1,1,3,3,4,4
node_arity,2,0,2,2,0,0,0
node_c1,2,,4,6,,,
node_c2,3,,5,7,,,
node_c3,,,,,,,
fitness,1.0,15,,,,,

TREE_ID,57,,,,,,,,
tree_type,g,,,,,,,,
tree_depth_base,1,,,,,,,,
NODE_ID,1,2,3,4,5,6,7,8,9
node_depth,0,1,1,2,2,3,3,3,3
node_type,root,term,func,func,func,term,term,term,term
node_label,+,c,+,+,-,b,c,b,a
node_parent,,1,1,3,3,4,4,5,5
node_arity,2,0,2,2,2,0,0,0,0
node_c1,2,,4,6,8,,,,
node_c2,3,,5,7,9,,,,
node_c3,,,,,,,,,
fitness,0.0,19,,,,,,,

TREE_ID,58,,,,
tree_type,g,,,,
tree_depth_base,1,,,,
NODE_ID,1,2,3,4,5
node_depth,0,1,1,2,2
node_type,root,term,func,term,term
node_label,+,c,*,a,a
node_parent,,1,1,3,3
node_arity,2,0,2,0,0
node_c1,2,,4,,
node_c2,3,,5,,
node_c3,,,,,
fitness,0.0,11,,,

TREE_ID,59,,,,,,,,
tree_type,g,,,,,,,,
tree_depth_base,1,,,,,,,,
NODE_ID,1,2,3,4,5,6,7,8,9
node_depth,0,1,1,2,2,3,3,3,3
node_type,root,term,func,func,func,term,term,term,term
node_label,+,c,+,-,*,a,a,a,a
node_parent,,1,1,3,3,4,4,5,5
node_arity,2,0,2,2,2,0,0,0,0
node_c1,2,,4,6,8,,,,
node_c2,3,,5,7,9,,,,
node_c3,,,,,,,,,
fitness,0.0,19,,,,,,,

TREE_ID,60,,,,,,
tree_type,g,,,,,,
tree_depth_base,1,,,,,,
NODE_ID,1,2,3,4,5,6,7
node_depth,0,1,1,2,2,3,3
node_type,root,term,func,term,func,term,term
node_label,+,c,+,b,*,a,b
node_parent,,1,1,3,3,5,5
node_arity,2,0,2,0,2,0,0
node_c1,2,,4,,6,,
node_c2,3,,5,,7,,
node_c3,,,,,,,
fitness,1.0,15,,,,,

TREE_ID,61,,,,,,
tree_type,g,,,,,,
tree_depth_base,1,,,,,,
NODE_ID,1,2,3,4,5,6,7
node_depth,0,1,1,2,2,3,3
node_type,root,term,func,func,term,term,term
node_label,+,c,+,-,b,b,a
node_parent,,1,1,3,3,4,4
node_arity,2,0,2,2,0,0,0
node_c1,2,,4,6,,,
node_c2,3,,5,7,,,
node_c3,,,,,,,
fitness,1.0,15,,,,,

TREE_ID,62,,,,,,,,,,
tree_type,g,,,,,,,,,,
tree_depth_base,1,,,,,,,,,,
NODE_ID,1,2,3,4,5,6,7,8,9,10,11
node_depth,0,1,1,2,2,2,2,3,3,3,3
node_type,root,func,func,func,func,term,term,term,term,term,term
node_label,+,+,+,-,*,b,a,b,a,a,a
node_parent,,1,1,2,2,3,3,4,4,5,5
node_arity,2,2,2,2,2,0,0,0,0,0,0
node_c1,2,4,6,8,10,,,,,,
node_c2,3,5,7,9,11,,,,,,
node_c3,,,,,,,,,,,
fitness,0.0,23,,,,,,,,,

TREE_ID,63,,,,,,,,
tree_type,g,,,,,,,,
tree_depth_base,1,,,,,,,,
NODE_ID,1,2,3,4,5,6,7,8,9
node_depth,0,1,1,2,2,3,3,3,3
node_type,root,term,func,func,func,term,term,term,term
node_label,+,c,+,-,*,b,a,a,a
node_parent,,1,1,3,3,4,4,5,5
node_arity,2,0,2,2,2,0,0,0,0
node_c1,2,,4,6,8,,,,
node_c2,3,,5,7,9,,,,
node_c3,,,,,,,,,
fitness,2.0,19,,,,,,,

TREE_ID,64,,,,,,,,
tree_type,g,,,,,,,,
tree_depth_base,1,,,,,,,,
NODE_ID,1,2,3,4,5,6,7,8,9
node_depth,0,1,1,2,2,3,3,3,3
node_type,root,term,func,func,func,term,term,term,term
node_label,+,c,+,-,*,b,a,a,a
node_parent,,1,1,3,3,4,4,5,5
node_arity,2,0,2,2,2,0,0,0,0
node_c1,2,,4,6,8,,,,
node_c2,3,,5,7,9,,,,
node_c3,,,,,,,,,
fitness,2.0,19,,,,,,,

TREE_ID,65,,,,,,
tree_type,g,,,,,,
tree_depth_base,1,,,,,,
NODE_ID,1,2,3,4,5,6,7
node_depth,0,1,1,2,2,3,3
node_type,root,func,term,func,term,term,term
node_label,+,+,b,-,b,b,a
node_parent,,1,1,2,2,4,4
node_arity,2,2,0,2,0,0,0
node_c1,2,4,,6,,,
node_c2,3,5,,7,,,
node_c3,,,,,,,
fitness,1.0,15,,,,,

TREE_ID,66,,,,,,
tree_type,g,,,,,,
tree_depth_base,1,,,,,,
NODE_ID,1,2,3,4,5,6,7
node_depth,0,1,1,2,2,3,3
node_type,root,term,func,func,term,term,term
node_label,+,c,+,+,a,b,a
node_parent,,1,1,3,3,4,4
node_arity,2,0,2,2,0,0,0
node_c1,2,,4,6,,,
node_c2,3,,5,7,,,
node_c3,,,,,,,
fitness,1.0,15,,,,,

TREE_ID,67,,,,,,,,
tree_type,g,,,,,,,,
tree_depth_base,1,,,,,,,,
NODE_ID,1,2,3,4,5,6,7,8,9
node_depth,0,1,1,2,2,3,3,3,3
node_type,root,term,func,func,func,term,term,term,term
node_label,+,c,+,+,*,b,a,a,a
node_parent,,1,1,3,3,4,4,5,5
node_arity,2,0,2,2,2,0,0,0,0
node_c1,2,,4,6,8,,,,
node_c2,3,,5,7,9,,,,
node_c3,,,,,,,,,
fitness,1.0,19,,,,,,,

TREE_ID,68,,,,
tree_type,g,,,,
tree_depth_base,1,,,,
NODE_ID,1,2,3,4,5
node_depth,0,1,1,2,2
node_type,root,term,func,term,term
node_label,+,c,-,b,a
node_parent,,1,1,3,3
node_arity,2,0,2,0,0
node_c1,2,,4,,
node_c2,3,,5,,
node_c3,,,,,
fitness,1.0,11,,,

TREE_ID,69,,,,,,
tree_type,g,,,,,,
tree_depth_base,1,,,,,,
NODE_ID,1,2,3,4,5,6,7
node_depth,0,1,1,2,2,3,3
node_type,root,term,func,func,term,term,term
node_label,+,c,+,-,a,b,a
node_parent,,1,1,3,3,4,4
node_arity,2,0,2,2,0,0,0
node_c1,2,,4,6,,,
node_c2,3,,5,7,,,
node_c3,,,,,,,
fitness,1.0,15,,,,,

TREE_ID,70,,,,,,,,
tree_type,g,,,,,,,,
tree_depth_base,1,,,,,,,,
NODE_ID,1,2,3,4,5,6,7,8,9
node_depth,0,1,1,2,2,3,3,3,3
node_type,root,term,func,func,func,term,term,term,term
node_label,+,c,+,-,*,b,a,b,a
node_parent,,1,1,3,3,4,4,5,5
node_arity,2,0,2,2,2,0,0,0,0
node_c1,2,,4,6,8,,,,
node_c2,3,,5,7,9,,,,
node_c3,,,,,,,,,
fitness,2.0,19,,,,,,,

TREE_ID,71,,,,,,,,,,
tree_type,g,,,,,,,,,,
tree_depth_base,1,,,,,,,,,,
NODE_ID,1,2,3,4,5,6,7,8,9,10,11
node_depth,0,1,1,2,2,2,2,3,3,3,3
node_type,root,func,func,term,term,func,func,term,term,term,term
node_label,+,*,+,a,a,-,*,b,a,b,a
node_parent,,1,1,2,2,3,3,4,4,5,5
node_arity,2,2,2,0,0,2,2,0,0,0,0
node_c1,2,4,6,,,8,10,,,,
node_c2,3,5,7,,,9,11,,,,
node_c3,,,,,,,,,,,
fitness,0.0,23,,,,,,,,,

TREE_ID,72,,,,,,
tree_type,g,,,,,,
tree_depth_base,1,,,,,,
NODE_ID,1,2,3,4,5,6,7
node_depth,0,1,1,2,2,3,3
node_type,root,term,func,func,term,term,term
node_label,+,c,+,-,c,b,a
node_parent,,1,1,3,3,4,4
node_arity,2,0,2,2,0,0,0
node_c1,2,,4,6,,,
node_c2,3,,5,7,,,
node_c3,,,,,,,
fitness,1.0,15,,,,,

TREE_ID,73,,,,,,,,
tree_type,g,,,,,,,,
tree_depth_base,1,,,,,,,,
NODE_ID,1,2,3,4,5,6,7,8,9
node_depth,0,1,1,2,2,3,3,3,3
node_type,root,term,func,func,func,term,term,term,term
node_label,+,c,+,-,+,b,a,b,c
node_parent,,1,1,3,3,4,4,5,5
node_arity,2,0,2,2,2,0,0,0,0
node_c1,2,,4,6,8,,,,
node_c2,3,,5,7,9,,,,
node_c3,,,,,,,,,
fitness,0.0,19,,,,,,,

TREE_ID,74,,,,
tree_type,g,,,,
tree_depth_base,1,,,,
NODE_ID,1,2,3,4,5
node_depth,0,1,1,2,2
node_type,root,term,func,term,term
node_label,+,c,*,a,a
node_parent,,1,1,3,3
node_arity,2,0,2,0,0
node_c1,2,,4,,
node_c2,3,,5,,
node_c3,,,,,
fitness,0.0,11,,,

TREE_ID,75,,
tree_type,g,,
tree_depth_base,1,,
NODE_ID,1,2,3
node_depth,0,1,1
node_type,root,term,term
node_label,+,c,a
node_parent,,1,1
node_arity,2,0,0
node_c1,2,,
node_c2,3,,
node_c3,,,
fitness,0.0,7,

TREE_ID,76,,,,,,,,
tree_type,g,,,,,,,,
tree_depth_base,1,,,,,,,,
NODE_ID,1,2,3,4,5,6,7,8,9
node_depth,0,1,1,2,2,3,3,3,3
node_type,root,term,func,func,func,term,term,term,term
node_label,+,c,+,-,*,b,a,b,c
node_parent,,1,1,3,3,4,4,5,5
node_arity,2,0,2,2,2,0,0,0,0
node_c1,2,,4,6,8,,,,
node_c2,3,,5,7,9,,,,
node_c3,,,,,,,,,
fitness,0.0,19,,,,,,,

TREE_ID,77,,,,
tree_type,g,,,,
tree_depth_base,2,,,,
NODE_ID,1,2,3,4,5
node_depth,0,1,1,2,2
node_type,root,term,func,term,term
node_label,*,c,/,b,a
node_parent,,1,1,3,3
node_arity,2,0,2,0,0
node_c1,2,,4,,
node_c2,3,,5,,
node_c3,,,,,
fitness,2.0,11,,,

TREE_ID,78,,,,,,,,
tree_type,g,,,,,,,,
tree_depth_base,1,,,,,,,,
NODE_ID,1,2,3,4,5,6,7,8,9
node_depth,0,1,1,2,2,3,3,3,3
node_type,root,term,func,func,func,term,term,term,term
node_label,+,c,+,-,*,b,a,a,a
node_parent,,1,1,3,3,4,4,5,5
node_arity,2,0,2,2,2,0,0,0,0
node_c1,2,,4,6,8,,,,
node_c2,3,,5,7,9,,,,
node_c3,,,,,,,,,
fitness,2.0,19,,,,,,,

TREE_ID,79,,,,,,,,
tree_type,g,,,,,,,,
tree_depth_base,1,,,,,,,,
NODE_ID,1,2,3,4,5,6,7,8,9
node_depth,0,1,1,2,2,3,3,3,3
node_type,root,term,func,func,func,term,term,term,term
node_label,+,c,+,-,*,b,a,a,a
node_parent,,1,1,3,3,4,4,5,5
node_arity,2,0,2,2,2,0,0,0,0
node_c1,2,,4,6,8,,,,
node_c2,3,,5,7,9,,,,
node_c3,,,,,,,,,
fitness,2.0,19,,,,,,,

TREE_ID,80,,,,
tree_type,g,,,,
tree_depth_base,2,,,,
NODE_ID,1,2,3,4,5
node_depth,0,1,1,2,2
node_type,root,term,func,term,term
node_label,*,c,/,b,a
node_parent,,1,1,3,3
node_arity,2,0,2,0,0
node_c1,2,,4,,
node_c2,3,,5,,
node_c3,,,,,
fitness,2.0,11,,,

TREE_ID,81,,,,,,,,
tree_type,g,,,,,,,,
tree_depth_base,1,,,,,,,,
NODE_ID,1,2,3,4,5,6,7,8,9
node_depth,0,1,1,2,2,2,2,3,3
node_type,root,func,func,term,term,term,func,term,term
node_label,+,-,+,b,a,b,*,a,a
node_parent,,1,1,2,2,3,3,5,5
node_arity,2,2,2,0,0,0,2,0,0
node_c1,2,4,6,,,,8,,
node_c2,3,5,7,,,,9,,
node_c3,,,,,,,,,
fitness,0.0,19,,,,,,,

TREE_ID,82,,,,,,
tree_type,g,,,,,,
tree_depth_base,1,,,,,,
NODE_ID,1,2,3,4,5,6,7
node_depth,0,1,1,2,2,3,3
node_type,root,term,func,func,term,term,term
node_label,+,c,+,*,c,a,a
node_parent,,1,1,3,3,4,4
node_arity,2,0,2,2,0,0,0
node_c1,2,,4,6,,,
node_c2,3,,5,7,,,
node_c3,,,,,,,
fitness,0.0,15,,,,,

TREE_ID,83,,,,,,
tree_type,g,,,,,,
tree_depth_base,1,,,,,,
NODE_ID,1,2,3,4,5,6,7
node_depth,0,1,1,2,2,3,3
node_type,root,term,func,term,func,term,term
node_label,+,c,+,b,*,a,c
node_parent,,1,1,3,3,5,5
node_arity,2,0,2,0,2,0,0
node_c1,2,,4,,6,,
node_c2,3,,5,,7,,
node_c3,,,,,,,
fitness,1.0,15,,,,,

TREE_ID,84,,
tree_type,g,,
tree_depth_base,1,,
NODE_ID,1,2,3
node_depth,0,1,1
node_type,root,term,term
node_label,+,c,a
node_parent,,1,1
node_arity,2,0,0
node_c1,2,,
node_c2,3,,
node_c3,,,
fitness,0.0,7,

TREE_ID,85,,,,,,,,,,,,,,
tree_type,g,,,,,,,,,,,,,,
tree_depth_base,1,,,,,,,,,,,,,,
NODE_ID,1,2,3,4,5,6,7,8,9,10,11,12,13,14,15
node_depth,0,1,1,2,2,2,2,3,3,3,3,3,3,3,3
node_type,root,func,func,func,func,func,func,term,term,term,term,term,term,term,term
node_label,+,+,+,-,*,-,*,b,a,a,a,b,a,a,a
node_parent,,1,1,2,2,3,3,4,4,5,5,4,4,5,5
node_arity,2,2,2,2,2,2,2,0,0,0,0,0,0,0,0
node_c1,2,4,6,8,10,12,14,,,,,,,,
node_c2,3,5,7,9,11,13,15,,,,,,,,
node_c3,,,,,,,,,,,,,,,
fitness,0.0,31,,,,,,,,,,,,,

TREE_ID,86,,
tree_type,g,,
tree_depth_base,1,,
NODE_ID,1,2,3
node_depth,0,1,1
node_type,root,term,term
node_label,+,c,c
node_parent,,1,1
node_arity,2,0,0
node_c1,2,,
node_c2,3,,
node_c3,,,
fitness,1.0,7,

TREE_ID,87,,,,,,,,
tree_type,g,,,,,,,,
tree_depth_base,1,,,,,,,,
NODE_ID,1,2,3,4,5,6,7,8,9
node_depth,0,1,1,2,2,3,3,3,3
node_type,root,term,func,func,func,term,term,term,term
node_label,+,c,+,-,*,b,a,a,a
node_parent,,1,1,3,3,4,4,5,5
node_arity,2,0,2,2,2,0,0,0,0
node_c1,2,,4,6,8,,,,
node_c2,3,,5,7,9,,,,
node_c3,,,,,,,,,
fitness,2.0,19,,,,,,,

TREE_ID,88,,
tree_type,g,,
tree_depth_base,1,,
NODE_ID,1,2,3
node_depth,0,1,1
node_type,root,term,term
node_label,+,c,b
node_parent,,1,1
node_arity,2,0,0
node_c1,2,,
node_c2,3,,
node_c3,,,
fitness,1.0,7,

TREE_ID,89,,,,
tree_type,g,,,,
tree_depth_base,1,,,,
NODE_ID,1,2,3,4,5
node_depth,0,1,1,2,2
node_type,root,term,func,term,term
node_label,+,c,+,b,a
node_parent,,1,1,3,3
node_arity,2,0,2,0,0
node_c1,2,,4,,
node_c2,3,,5,,
node_c3,,,,,
fitness,10.0,11,,,

TREE_ID,90,,,,,,,,
tree_type,g,,,,,,,,
tree_depth_base,1,,,,,,,,
NODE_ID,1,2,3,4,5,6,7,8,9
node_depth,0,1,1,2,2,3,3,3,3
node_type,root,term,func,func,func,term,term,term,term
node_label,+,c,+,-,*,b,a,b,a
node_parent,,1,1,3,3,4,4,5,5
node_arity,2,0,2,2,2,0,0,0,0
node_c1,2,,4,6,8,,,,
node_c2,3,,5,7,9,,,,
node_c3,,,,,,,,,
fitness,2.0,19,,,,,,,

TREE_ID,91,,,,,,,,
tree_type,g,,,,,,,,
tree_depth_base,1,,,,,,,,
NODE_ID,1,2,3,4,5,6,7,8,9
node_depth,0,1,1,2,2,3,3,3,3
node_type,root,term,func,func,func,term,term,term,term
node_label,+,c,+,*,*,a,a,a,a
node_parent,,1,1,3,3,4,4,5,5
node_arity,2,0,2,2,2,0,0,0,0
node_c1,2,,4,6,8,,,,
node_c2,3,,5,7,9,,,,
node_c3,,,,,,,,,
fitness,0.0,19,,,,,,,

TREE_ID,92,,,,
tree_type,g,,,,
tree_depth_base,1,,,,
NODE_ID,1,2,3,4,5
node_depth,0,1,1,2,2
node_type,root,term,func,term,term
node_label,+,c,+,b,b
node_parent,,1,1,3,3
node_arity,2,0,2,0,0
node_c1,2,,4,,
node_c2,3,,5,,
node_c3,,,,,
fitness,0.0,11,,,

TREE_ID,93,,,,,,,,
tree_type,g,,,,,,,,
tree_depth_base,1,,,,,,,,
NODE_ID,1,2,3,4,5,6,7,8,9
node_depth,0,1,1,2,2,2,2,3,3
node_type,root,func,func,func,term,term,term,term,term
node_label,+,+,+,-,a,b,a,b,a
node_parent,,1,1,2,2,3,3,4,4
node_arity,2,2,2,2,0,0,0,0,0
node_c1,2,4,6,8,,,,,
node_c2,3,5,7,9,,,,,
node_c3,,,,,,,,,
fitness,0.0,19,,,,,,,

TREE_ID,94,,,,,,
tree_type,g,,,,,,
tree_depth_base,1,,,,,,
NODE_ID,1,2,3,4,5,6,7
node_depth,0,1,1,2,2,3,3
node_type,root,term,func,term,func,term,term
node_label,+,c,+,b,*,b,a
node_parent,,1,1,3,3,5,5
node_arity,2,0,2,0,2,0,0
node_c1,2,,4,,6,,
node_c2,3,,5,,7,,
node_c3,,,,,,,
fitness,1.0,15,,,,,

TREE_ID,95,,,,
tree_type,g,,,,
tree_depth_base,1,,,,
NODE_ID,1,2,3,4,5
node_depth,0,1,1,2,2
node_type,root,term,func,term,term
node_label,+,c,+,b,a
node_parent,,1,1,3,3
node_arity,2,0,2,0,0
node_c1,2,,4,,
node_c2,3,,5,,
node_c3,,,,,
fitness,10.0,11,,,

TREE_ID,96,,,,,,,,
tree_type,g,,,,,,,,
tree_depth_base,1,,,,,,,,
NODE_ID,1,2,3,4,5,6,7,8,9
node_depth,0,1,1,2,2,3,3,3,3
node_type,root,term,func,func,func,term,term,term,term
node_label,+,c,+,-,*,b,a,b,a
node_parent,,1,1,3,3,4,4,5,5
node_arity,2,0,2,2,2,0,0,0,0
node_c1,2,,4,6,8,,,,
node_c2,3,,5,7,9,,,,
node_c3,,,,,,,,,
fitness,2.0,19,,,,,,,

TREE_ID,97,,,,,,,,
tree_type,g,,,,,,,,
tree_depth_base,1,,,,,,,,
NODE_ID,1,2,3,4,5,6,7,8,9
node_depth,0,1,1,2,2,3,3,3,3
node_type,root,term,func,func,func,term,term,term,term
node_label,+,c,+,-,*,b,a,b,a
node_parent,,1,1,3,3,4,4,5,5
node_arity,2,0,2,2,2,0,0,0,0
node_c1,2,,4,6,8,,,,
node_c2,3,,5,7,9,,,,
node_c3,,,,,,,,,
fitness,2.0,19,,,,,,,

TREE_ID,98,,,,,,
tree_type,g,,,,,,
tree_depth_base,1,,,,,,
NODE_ID,1,2,3,4,5,6,7
node_depth,0,1,1,2,2,3,3
node_type,root,term,func,term,func,term,term
node_label,+,c,+,a,*,b,a
node_parent,,1,1,3,3,5,5
node_arity,2,0,2,0,2,0,0
node_c1,2,,4,,6,,
node_c2,3,,5,,7,,
node_c3,,,,,,,
fitness,1.0,15,,,,,

TREE_ID,99,,,,,,,,,,
tree_type,g,,,,,,,,,,
tree_depth_base,1,,,,,,,,,,
NODE_ID,1,2,3,4,5,6,7,8,9,10,11
node_depth,0,1,1,2,2,2,2,3,3,3,3
node_type,root,func,func,term,term,func,func,term,term,term,term
node_label,+,*,+,b,a,-,*,c,a,a,a
node_parent,,1,1,2,2,3,3,4,4,5,5
node_arity,2,2,2,0,0,2,2,0,0,0,0
node_c1,2,4,6,,,8,10,,,,
node_c2,3,5,7,,,9,11,,,,
node_c3,,,,,,,,,,,
fitness,0.0,23,,,,,,,,,

TREE_ID,100,,,,,,,,
tree_type,g,,,,,,,,
tree_depth_base,1,,,,,,,,
NODE_ID,1,2,3,4,5,6,7,8,9
node_depth,0,1,1,2,2,3,3,3,3
node_type,root,term,func,func,func,term,term,term,term
node_label,+,c,+,-,-,b,a,b,a
node_parent,,1,1,3,3,4,4,5,5
node_arity,2,0,2,2,2,0,0,0,0
node_c1,2,,4,6,8,,,,
node_c2,3,,5,7,9,,,,
node_c3,,,,,,,,,
fitness,0.0,19,,,,,,,

Karoo GP by Kai Staats,Generation:,10

TREE_ID,1,,,,
tree_type,g,,,,
tree_depth_base,1,,,,
NODE_ID,1,2,3,4,5
node_depth,0,1,1,2,2
node_type,root,term,func,term,term
node_label,+,c,+,b,a
node_parent,,1,1,3,3
node_arity,2,0,2,0,0
node_c1,2,,4,,
node_c2,3,,5,,
node_c3,,,,,
fitness,10.0,11,,,

TREE_ID,2,,,,
tree_type,g,,,,
tree_depth_base,1,,,,
NODE_ID,1,2,3,4,5
node_depth,0,1,1,2,2
node_type,root,term,func,term,term
node_label,+,c,+,b,a
node_parent,,1,1,3,3
node_arity,2,0,2,0,0
node_c1,2,,4,,
node_c2,3,,5,,
node_c3,,,,,
fitness,10.0,11,,,

TREE_ID,3,,,,,,,,
tree_type,g,,,,,,,,
tree_depth_base,1,,,,,,,,
NODE_ID,1,2,3,4,5,6,7,8,9
node_depth,0,1,1,2,2,3,3,3,3
node_type,root,term,func,func,func,term,term,term,term
node_label,+,c,+,-,*,b,a,a,a
node_parent,,1,1,3,3,4,4,5,5
node_arity,2,0,2,2,2,0,0,0,0
node_c1,2,,4,6,8,,,,
node_c2,3,,5,7,9,,,,
node_c3,,,,,,,,,
fitness,2.0,19,,,,,,,

TREE_ID,4,,,,,,,,
tree_type,g,,,,,,,,
tree_depth_base,1,,,,,,,,
NODE_ID,1,2,3,4,5,6,7,8,9
node_depth,0,1,1,2,2,3,3,3,3
node_type,root,term,func,func,func,term,term,term,term
node_label,+,c,+,-,*,b,a,b,a
node_parent,,1,1,3,3,4,4,5,5
node_arity,2,0,2,2,2,0,0,0,0
node_c1,2,,4,6,8,,,,
node_c2,3,,5,7,9,,,,
node_c3,,,,,,,,,
fitness,2.0,19,,,,,,,

TREE_ID,5,,,,
tree_type,g,,,,
tree_depth_base,1,,,,
NODE_ID,1,2,3,4,5
node_depth,0,1,1,2,2
node_type,root,term,func,term,term
node_label,+,c,+,b,a
node_parent,,1,1,3,3
node_arity,2,0,2,0,0
node_c1,2,,4,,
node_c2,3,,5,,
node_c3,,,,,
fitness,10.0,11,,,

TREE_ID,6,,,,,,,,
tree_type,g,,,,,,,,
tree_depth_base,1,,,,,,,,
NODE_ID,1,2,3,4,5,6,7,8,9
node_depth,0,1,1,2,2,3,3,3,3
node_type,root,term,func,func,func,term,term,term,term
node_label,+,c,+,-,*,b,a,a,a
node_parent,,1,1,3,3,4,4,5,5
node_arity,2,0,2,2,2,0,0,0,0
node_c1,2,,4,6,8,,,,
node_c2,3,,5,7,9,,,,
node_c3,,,,,,,,,
fitness,2.0,19,,,,,,,

TREE_ID,7,,,,,,
tree_type,g,,,,,,
tree_depth_base,1,,,,,,
NODE_ID,1,2,3,4,5,6,7
node_depth,0,1,1,2,2,3,3
node_type,root,term,func,term,func,term,term
node_label,+,c,+,b,*,a,a
node_parent,,1,1,3,3,5,5
node_arity,2,0,2,0,2,0,0
node_c1,2,,4,,6,,
node_c2,3,,5,,7,,
node_c3,,,,,,,
fitness,2.0,15,,,,,

TREE_ID,8,,,,,,,,
tree_type,g,,,,,,,,
tree_depth_base,1,,,,,,,,
NODE_ID,1,2,3,4,5,6,7,8,9
node_depth,0,1,1,2,2,3,3,3,3
node_type,root,term,func,func,func,term,term,term,term
node_label,+,c,+,-,*,b,a,a,a
node_parent,,1,1,3,3,4,4,5,5
node_arity,2,0,2,2,2,0,0,0,0
node_c1,2,,4,6,8,,,,
node_c2,3,,5,7,9,,,,
node_c3,,,,,,,,,
fitness,2.0,19,,,,,,,

TREE_ID,9,,,,,,,,
tree_type,g,,,,,,,,
tree_depth_base,1,,,,,,,,
NODE_ID,1,2,3,4,5,6,7,8,9
node_depth,0,1,1,2,2,3,3,3,3
node_type,root,term,func,func,func,term,term,term,term
node_label,+,c,+,-,*,b,a,a,b
node_parent,,1,1,3,3,4,4,5,5
node_arity,2,0,2,2,2,0,0,0,0
node_c1,2,,4,6,8,,,,
node_c2,3,,5,7,9,,,,
node_c3,,,,,,,,,
fitness,2.0,19,,,,,,,

TREE_ID,10,,,,,,,,
tree_type,g,,,,,,,,
tree_depth_base,1,,,,,,,,
NODE_ID,1,2,3,4,5,6,7,8,9
node_depth,0,1,1,2,2,3,3,3,3
node_type,root,term,func,func,func,term,term,term,term
node_label,+,c,+,-,*,b,a,a,a
node_parent,,1,1,3,3,4,4,5,5
node_arity,2,0,2,2,2,0,0,0,0
node_c1,2,,4,6,8,,,,
node_c2,3,,5,7,9,,,,
node_c3,,,,,,,,,
fitness,2.0,19,,,,,,,

TREE_ID,11,,,,,,,,
tree_type,g,,,,,,,,
tree_depth_base,1,,,,,,,,
NODE_ID,1,2,3,4,5,6,7,8,9
node_depth,0,1,1,2,2,2,2,3,3
node_type,root,func,func,func,term,term,term,term,term
node_label,+,+,+,-,b,b,a,b,a
node_parent,,1,1,2,2,3,3,4,4
node_arity,2,2,2,2,0,0,0,0,0
node_c1,2,4,6,8,,,,,
node_c2,3,5,7,9,,,,,
node_c3,,,,,,,,,
fitness,10.0,19,,,,,,,

TREE_ID,12,,,,
tree_type,g,,,,
tree_depth_base,1,,,,
NODE_ID,1,2,3,4,5
node_depth,0,1,1,2,2
node_type,root,term,func,term,term
node_label,+,c,+,b,a
node_parent,,1,1,3,3
node_arity,2,0,2,0,0
node_c1,2,,4,,
node_c2,3,,5,,
node_c3,,,,,
fitness,10.0,11,,,

TREE_ID,13,,,,,,,,
tree_type,g,,,,,,,,
tree_depth_base,1,,,,,,,,
NODE_ID,1,2,3,4,5,6,7,8,9
node_depth,0,1,1,2,2,3,3,3,3
node_type,root,term,func,func,func,term,term,term,term
node_label,+,c,+,-,*,b,c,a,b
node_parent,,1,1,3,3,4,4,5,5
node_arity,2,0,2,2,2,0,0,0,0
node_c1,2,,4,6,8,,,,
node_c2,3,,5,7,9,,,,
node_c3,,,,,,,,,
fitness,1.0,19,,,,,,,

TREE_ID,14,,,,,,,,
tree_type,g,,,,,,,,
tree_depth_base,1,,,,,,,,
NODE_ID,1,2,3,4,5,6,7,8,9
node_depth,0,1,1,2,2,3,3,3,3
node_type,root,term,func,func,func,term,term,term,term
node_label,+,c,+,-,*,b,b,a,a
node_parent,,1,1,3,3,4,4,5,5
node_arity,2,0,2,2,2,0,0,0,0
node_c1,2,,4,6,8,,,,
node_c2,3,,5,7,9,,,,
node_c3,,,,,,,,,
fitness,0.0,19,,,,,,,

TREE_ID,15,,,,,,,,
tree_type,g,,,,,,,,
tree_depth_base,1,,,,,,,,
NODE_ID,1,2,3,4,5,6,7,8,9
node_depth,0,1,1,2,2,3,3,3,3
node_type,root,term,func,func,func,term,term,term,term
node_label,+,c,+,-,*,b,a,b,b
node_parent,,1,1,3,3,4,4,5,5
node_arity,2,0,2,2,2,0,0,0,0
node_c1,2,,4,6,8,,,,
node_c2,3,,5,7,9,,,,
node_c3,,,,,,,,,
fitness,0.0,19,,,,,,,

TREE_ID,16,,,,,,,,
tree_type,g,,,,,,,,
tree_depth_base,1,,,,,,,,
NODE_ID,1,2,3,4,5,6,7,8,9
node_depth,0,1,1,2,2,3,3,3,3
node_type,root,term,func,func,func,term,term,term,term
node_label,+,c,+,*,*,b,a,a,a
node_parent,,1,1,3,3,4,4,5,5
node_arity,2,0,2,2,2,0,0,0,0
node_c1,2,,4,6,8,,,,
node_c2,3,,5,7,9,,,,
node_c3,,,,,,,,,
fitness,1.0,19,,,,,,,

TREE_ID,17,,,,,,,,
tree_type,g,,,,,,,,
tree_depth_base,1,,,,,,,,
NODE_ID,1,2,3,4,5,6,7,8,9
node_depth,0,1,1,2,2,2,2,3,3
node_type,root,func,func,term,func,term,term,term,term
node_label,+,/,+,c,+,b,a,a,b
node_parent,,1,1,2,2,3,3,5,5
node_arity,2,2,2,0,2,0,0,0,0
node_c1,2,4,6,,8,,,,
node_c2,3,5,7,,9,,,,
node_c3,,,,,,,,,
fitness,1.0,19,,,,,,,

TREE_ID,18,,,,,,,,
tree_type,g,,,,,,,,
tree_depth_base,1,,,,,,,,
NODE_ID,1,2,3,4,5,6,7,8,9
node_depth,0,1,1,2,2,2,2,3,3
node_type,root,func,func,func,term,term,term,term,term
node_label,+,+,+,-,b,b,a,b,b
node_parent,,1,1,2,2,3,3,4,4
node_arity,2,2,2,2,0,0,0,0,0
node_c1,2,4,6,8,,,,,
node_c2,3,5,7,9,,,,,
node_c3,,,,,,,,,
fitness,0.0,19,,,,,,,

TREE_ID,19,,,,,,,,
tree_type,g,,,,,,,,
tree_depth_base,1,,,,,,,,
NODE_ID,1,2,3,4,5,6,7,8,9
node_depth,0,1,1,2,2,2,2,3,3
node_type,root,func,func,func,term,term,term,term,term
node_label,+,+,+,-,b,b,a,a,a
node_parent,,1,1,2,2,3,3,4,4
node_arity,2,2,2,2,0,0,0,0,0
node_c1,2,4,6,8,,,,,
node_c2,3,5,7,9,,,,,
node_c3,,,,,,,,,
fitness,0.0,19,,,,,,,

TREE_ID,20,,,,,,,,
tree_type,g,,,,,,,,
tree_depth_base,1,,,,,,,,
NODE_ID,1,2,3,4,5,6,7,8,9
node_depth,0,1,1,2,2,2,2,3,3
node_type,root,func,func,func,term,term,term,term,term
node_label,+,+,+,-,b,b,a,b,b
node_parent,,1,1,2,2,3,3,4,4
node_arity,2,2,2,2,0,0,0,0,0
node_c1,2,4,6,8,,,,,
node_c2,3,5,7,9,,,,,
node_c3,,,,,,,,,
fitness,0.0,19,,,,,,,

TREE_ID,21,,,,,,,,,,
tree_type,g,,,,,,,,,,
tree_depth_base,1,,,,,,,,,,
NODE_ID,1,2,3,4,5,6,7,8,9,10,11
node_depth,0,1,1,2,2,2,2,3,3,3,3
node_type,root,func,func,func,func,term,term,term,term,term,term
node_label,+,*,+,*,+,b,a,b,c,a,c
node_parent,,1,1,2,2,3,3,4,4,5,5
node_arity,2,2,2,2,2,0,0,0,0,0,0
node_c1,2,4,6,8,10,,,,,,
node_c2,3,5,7,9,11,,,,,,
node_c3,,,,,,,,,,,
fitness,1.0,23,,,,,,,,,

TREE_ID,22,,,,,,
tree_type,g,,,,,,
tree_depth_base,1,,,,,,
NODE_ID,1,2,3,4,5,6,7
node_depth,0,1,1,2,2,3,3
node_type,root,term,func,func,term,term,term
node_label,+,c,+,+,a,b,a
node_parent,,1,1,3,3,4,4
node_arity,2,0,2,2,0,0,0
node_c1,2,,4,6,,,
node_c2,3,,5,7,,,
node_c3,,,,,,,
fitness,1.0,15,,,,,

TREE_ID,23,,,,,,,,
tree_type,g,,,,,,,,
tree_depth_base,1,,,,,,,,
NODE_ID,1,2,3,4,5,6,7,8,9
node_depth,0,1,1,2,2,2,2,3,3
node_type,root,func,func,func,term,term,term,term,term
node_label,+,+,+,-,a,b,a,b,a
node_parent,,1,1,2,2,3,3,4,4
node_arity,2,2,2,2,0,0,0,0,0
node_c1,2,4,6,8,,,,,
node_c2,3,5,7,9,,,,,
node_c3,,,,,,,,,
fitness,0.0,19,,,,,,,

TREE_ID,24,,,,,,,,
tree_type,g,,,,,,,,
tree_depth_base,1,,,,,,,,
NODE_ID,1,2,3,4,5,6,7,8,9
node_depth,0,1,1,2,2,3,3,3,3
node_type,root,term,func,func,func,term,term,term,term
node_label,+,c,+,-,*,b,a,b,a
node_parent,,1,1,3,3,4,4,5,5
node_arity,2,0,2,2,2,0,0,0,0
node_c1,2,,4,6,8,,,,
node_c2,3,,5,7,9,,,,
node_c3,,,,,,,,,
fitness,2.0,19,,,,,,,

TREE_ID,25,,,,,,,,
tree_type,g,,,,,,,,
tree_depth_base,1,,,,,,,,
NODE_ID,1,2,3,4,5,6,7,8,9
node_depth,0,1,1,2,2,3,3,3,3
node_type,root,term,func,func,func,term,term,term,term
node_label,+,c,+,+,*,b,a,a,a
node_parent,,1,1,3,3,4,4,5,5
node_arity,2,0,2,2,2,0,0,0,0
node_c1,2,,4,6,8,,,,
node_c2,3,,5,7,9,,,,
node_c3,,,,,,,,,
fitness,1.0,19,,,,,,,

TREE_ID,26,,,,,,,,
tree_type,g,,,,,,,,
tree_depth_base,1,,,,,,,,
NODE_ID,1,2,3,4,5,6,7,8,9
node_depth,0,1,1,2,2,3,3,3,3
node_type,root,term,func,func,func,term,term,term,term
node_label,+,c,+,/,*,b,a,a,a
node_parent,,1,1,3,3,4,4,5,5
node_arity,2,0,2,2,2,0,0,0,0
node_c1,2,,4,6,8,,,,
node_c2,3,,5,7,9,,,,
node_c3,,,,,,,,,
fitness,2.0,19,,,,,,,

TREE_ID,27,,,,,,,,
tree_type,g,,,,,,,,
tree_depth_base,1,,,,,,,,
NODE_ID,1,2,3,4,5,6,7,8,9
node_depth,0,1,1,2,2,2,2,3,3
node_type,root,func,func,func,term,term,term,term,term
node_label,+,-,+,/,c,b,a,c,b
node_parent,,1,1,2,2,3,3,4,4
node_arity,2,2,2,2,0,0,0,0,0
node_c1,2,4,6,8,,,,,
node_c2,3,5,7,9,,,,,
node_c3,,,,,,,,,
fitness,0.0,19,,,,,,,

TREE_ID,28,,
tree_type,g,,
tree_depth_base,1,,
NODE_ID,1,2,3
node_depth,0,1,1
node_type,root,term,term
node_label,+,c,a
node_parent,,1,1
node_arity,2,0,0
node_c1,2,,
node_c2,3,,
node_c3,,,
fitness,0.0,7,

TREE_ID,29,,,,,,,,
tree_type,g,,,,,,,,
tree_depth_base,1,,,,,,,,
NODE_ID,1,2,3,4,5,6,7,8,9
node_depth,0,1,1,2,2,3,3,3,3
node_type,root,term,func,func,func,term,term,term,term
node_label,+,c,+,-,*,b,a,a,c
node_parent,,1,1,3,3,4,4,5,5
node_arity,2,0,2,2,2,0,0,0,0
node_c1,2,,4,6,8,,,,
node_c2,3,,5,7,9,,,,
node_c3,,,,,,,,,
fitness,1.0,19,,,,,,,

TREE_ID,30,,
tree_type,g,,
tree_depth_base,1,,
NODE_ID,1,2,3
node_depth,0,1,1
node_type,root,term,term
node_label,+,c,c
node_parent,,1,1
node_arity,2,0,0
node_c1,2,,
node_c2,3,,
node_c3,,,
fitness,1.0,7,

TREE_ID,31,,,,,,,,,,
tree_type,g,,,,,,,,,,
tree_depth_base,1,,,,,,,,,,
NODE_ID,1,2,3,4,5,6,7,8,9,10,11
node_depth,0,1,1,2,2,2,2,3,3,3,3
node_type,root,func,func,term,term,func,func,term,term,term,term
node_label,+,-,+,b,a,*,*,a,a,a,a
node_parent,,1,1,2,2,3,3,6,6,5,5
node_arity,2,2,2,0,0,2,2,0,0,0,0
node_c1,2,4,6,,,8,10,,,,
node_c2,3,5,7,,,9,11,,,,
node_c3,,,,,,,,,,,
fitness,1.0,23,,,,,,,,,

TREE_ID,32,,,,,,,,
tree_type,g,,,,,,,,
tree_depth_base,1,,,,,,,,
NODE_ID,1,2,3,4,5,6,7,8,9
node_depth,0,1,1,2,2,3,3,3,3
node_type,root,term,func,func,func,term,term,term,term
node_label,+,c,+,-,-,b,a,c,a
node_parent,,1,1,3,3,4,4,5,5
node_arity,2,0,2,2,2,0,0,0,0
node_c1,2,,4,6,8,,,,
node_c2,3,,5,7,9,,,,
node_c3,,,,,,,,,
fitness,1.0,19,,,,,,,

TREE_ID,33,,,,
tree_type,g,,,,
tree_depth_base,1,,,,
NODE_ID,1,2,3,4,5
node_depth,0,1,1,2,2
node_type,root,term,func,term,term
node_label,+,c,+,b,a
node_parent,,1,1,3,3
node_arity,2,0,2,0,0
node_c1,2,,4,,
node_c2,3,,5,,
node_c3,,,,,
fitness,10.0,11,,,

TREE_ID,34,,,,,,
tree_type,g,,,,,,
tree_depth_base,1,,,,,,
NODE_ID,1,2,3,4,5,6,7
node_depth,0,1,1,2,2,3,3
node_type,root,term,func,term,func,term,term
node_label,+,c,+,b,*,a,a
node_parent,,1,1,3,3,5,5
node_arity,2,0,2,0,2,0,0
node_c1,2,,4,,6,,
node_c2,3,,5,,7,,
node_c3,,,,,,,
fitness,2.0,15,,,,,

TREE_ID,35,,,,,,,,,,
tree_type,g,,,,,,,,,,
tree_depth_base,1,,,,,,,,,,
NODE_ID,1,2,3,4,5,6,7,8,9,10,11
node_depth,0,1,1,2,2,2,2,3,3,3,3
node_type,root,func,func,func,func,term,term,term,term,term,term
node_label,+,+,+,-,+,b,a,b,a,b,a
node_parent,,1,1,2,2,3,3,4,4,5,5
node_arity,2,2,2,2,2,0,0,0,0,0,0
node_c1,2,4,6,8,10,,,,,,
node_c2,3,5,7,9,11,,,,,,
node_c3,,,,,,,,,,,
fitness,1.0,23,,,,,,,,,

TREE_ID,36,,
tree_type,g,,
tree_depth_base,1,,
NODE_ID,1,2,3
node_depth,0,1,1
node_type,root,term,term
node_label,+,c,b
node_parent,,1,1
node_arity,2,0,0
node_c1,2,,
node_c2,3,,
node_c3,,,
fitness,1.0,7,

TREE_ID,37,,
tree_type,g,,
tree_depth_base,1,,
NODE_ID,1,2,3
node_depth,0,1,1
node_type,root,term,term
node_label,+,c,a
node_parent,,1,1
node_arity,2,0,0
node_c1,2,,
node_c2,3,,
node_c3,,,
fitness,0.0,7,

TREE_ID,38,,,,,,,,
tree_type,g,,,,,,,,
tree_depth_base,1,,,,,,,,
NODE_ID,1,2,3,4,5,6,7,8,9
node_depth,0,1,1,2,2,3,3,3,3
node_type,root,term,func,func,func,term,term,term,term
node_label,+,c,+,-,*,b,a,c,a
node_parent,,1,1,3,3,4,4,5,5
node_arity,2,0,2,2,2,0,0,0,0
node_c1,2,,4,6,8,,,,
node_c2,3,,5,7,9,,,,
node_c3,,,,,,,,,
fitness,1.0,19,,,,,,,

TREE_ID,39,,,,,,,,
tree_type,g,,,,,,,,
tree_depth_base,1,,,,,,,,
NODE_ID,1,2,3,4,5,6,7,8,9
node_depth,0,1,1,2,2,2,2,3,3
node_type,root,func,func,func,term,term,term,term,term
node_label,+,+,+,-,b,b,a,a,a
node_parent,,1,1,2,2,3,3,4,4
node_arity,2,2,2,2,0,0,0,0,0
node_c1,2,4,6,8,,,,,
node_c2,3,5,7,9,,,,,
node_c3,,,,,,,,,
fitness,0.0,19,,,,,,,

TREE_ID,40,,,,
tree_type,g,,,,
tree_depth_base,1,,,,
NODE_ID,1,2,3,4,5
node_depth,0,1,1,2,2
node_type,root,term,func,term,term
node_label,+,c,+,b,b
node_parent,,1,1,3,3
node_arity,2,0,2,0,0
node_c1,2,,4,,
node_c2,3,,5,,
node_c3,,,,,
fitness,0.0,11,,,

TREE_ID,41,,,,,,,,
tree_type,g,,,,,,,,
tree_depth_base,1,,,,,,,,
NODE_ID,1,2,3,4,5,6,7,8,9
node_depth,0,1,1,2,2,3,3,3,3
node_type,root,term,func,func,func,term,term,term,term
node_label,+,c,+,+,*,b,a,b,a
node_parent,,1,1,3,3,4,4,5,5
node_arity,2,0,2,2,2,0,0,0,0
node_c1,2,,4,6,8,,,,
node_c2,3,,5,7,9,,,,
node_c3,,,,,,,,,
fitness,1.0,19,,,,,,,

TREE_ID,42,,,,,,
tree_type,g,,,,,,
tree_depth_base,1,,,,,,
NODE_ID,1,2,3,4,5,6,7
node_depth,0,1,1,2,2,2,2
node_type,root,func,func,term,term,term,term
node_label,+,/,-,c,a,b,a
node_parent,,1,1,2,2,3,3
node_arity,2,2,2,0,0,0,0
node_c1,2,4,6,,,,
node_c2,3,5,7,,,,
node_c3,,,,,,,
fitness,1.0,15,,,,,

TREE_ID,43,,,,,,
tree_type,g,,,,,,
tree_depth_base,1,,,,,,
NODE_ID,1,2,3,4,5,6,7
node_depth,0,1,1,2,2,3,3
node_type,root,term,func,term,func,term,term
node_label,+,a,+,b,*,a,a
node_parent,,1,1,3,3,5,5
node_arity,2,0,2,0,2,0,0
node_c1,2,,4,,6,,
node_c2,3,,5,,7,,
node_c3,,,,,,,
fitness,1.0,15,,,,,

TREE_ID,44,,,,,,,,
tree_type,g,,,,,,,,
tree_depth_base,1,,,,,,,,
NODE_ID,1,2,3,4,5,6,7,8,9
node_depth,0,1,1,2,2,3,3,3,3
node_type,root,term,func,func,func,term,term,term,term
node_label,+,c,+,-,*,b,c,a,a
node_parent,,1,1,3,3,4,4,5,5
node_arity,2,0,2,2,2,0,0,0,0
node_c1,2,,4,6,8,,,,
node_c2,3,,5,7,9,,,,
node_c3,,,,,,,,,
fitness,0.0,19,,,,,,,

TREE_ID,45,,,,,,,,
tree_type,g,,,,,,,,
tree_depth_base,1,,,,,,,,
NODE_ID,1,2,3,4,5,6,7,8,9
node_depth,0,1,1,2,2,2,2,3,3
node_type,root,func,func,func,term,term,term,term,term
node_label,+,+,+,-,b,c,a,b,a
node_parent,,1,1,2,2,3,3,4,4
node_arity,2,2,2,2,0,0,0,0,0
node_c1,2,4,6,8,,,,,
node_c2,3,5,7,9,,,,,
node_c3,,,,,,,,,
fitness,0.0,19,,,,,,,

TREE_ID,46,,,,
tree_type,g,,,,
tree_depth_base,1,,,,
NODE_ID,1,2,3,4,5
node_depth,0,1,1,2,2
node_type,root,term,func,term,term
node_label,+,b,+,b,a
node_parent,,1,1,3,3
node_arity,2,0,2,0,0
node_c1,2,,4,,
node_c2,3,,5,,
node_c3,,,,,
fitness,0.0,11,,,

TREE_ID,47,,,,,,,,
tree_type,g,,,,,,,,
tree_depth_base,1,,,,,,,,
NODE_ID,1,2,3,4,5,6,7,8,9
node_depth,0,1,1,2,2,3,3,3,3
node_type,root,term,func,func,func,term,term,term,term
node_label,+,b,+,-,*,b,a,a,a
node_parent,,1,1,3,3,4,4,5,5
node_arity,2,0,2,2,2,0,0,0,0
node_c1,2,,4,6,8,,,,
node_c2,3,,5,7,9,,,,
node_c3,,,,,,,,,
fitness,0.0,19,,,,,,,

TREE_ID,48,,,,,,,,
tree_type,g,,,,,,,,
tree_depth_base,1,,,,,,,,
NODE_ID,1,2,3,4,5,6,7,8,9
node_depth,0,1,1,2,2,2,2,3,3
node_type,root,func,func,func,term,term,term,term,term
node_label,+,+,+,-,c,b,a,b,a
node_parent,,1,1,2,2,3,3,4,4
node_arity,2,2,2,2,0,0,0,0,0
node_c1,2,4,6,8,,,,,
node_c2,3,5,7,9,,,,,
node_c3,,,,,,,,,
fitness,0.0,19,,,,,,,

TREE_ID,49,,,,,,
tree_type,g,,,,,,
tree_depth_base,1,,,,,,
NODE_ID,1,2,3,4,5,6,7
node_depth,0,1,1,2,2,2,2
node_type,root,func,func,term,term,term,term
node_label,+,+,+,a,b,b,a
node_parent,,1,1,2,2,3,3
node_arity,2,2,2,0,0,0,0
node_c1,2,4,6,,,,
node_c2,3,5,7,,,,
node_c3,,,,,,,
fitness,1.0,15,,,,,

TREE_ID,50,,,,,,
tree_type,g,,,,,,
tree_depth_base,1,,,,,,
NODE_ID,1,2,3,4,5,6,7
node_depth,0,1,1,2,2,3,3
node_type,root,term,func,term,func,term,term
node_label,+,c,+,b,-,b,a
node_parent,,1,1,3,3,5,5
node_arity,2,0,2,0,2,0,0
node_c1,2,,4,,6,,
node_c2,3,,5,,7,,
node_c3,,,,,,,
fitness,1.0,15,,,,,

TREE_ID,51,,,,,,,,
tree_type,g,,,,,,,,
tree_depth_base,1,,,,,,,,
NODE_ID,1,2,3,4,5,6,7,8,9
node_depth,0,1,1,2,2,2,2,3,3
node_type,root,func,func,func,term,term,term,term,term
node_label,+,+,+,-,a,b,a,b,a
node_parent,,1,1,2,2,3,3,4,4
node_arity,2,2,2,2,0,0,0,0,0
node_c1,2,4,6,8,,,,,
node_c2,3,5,7,9,,,,,
node_c3,,,,,,,,,
fitness,0.0,19,,,,,,,

TREE_ID,52,,,,,,,,
tree_type,g,,,,,,,,
tree_depth_base,1,,,,,,,,
NODE_ID,1,2,3,4,5,6,7,8,9
node_depth,0,1,1,2,2,3,3,3,3
node_type,root,term,func,func,func,term,term,term,term
node_label,+,c,+,*,-,a,b,b,a
node_parent,,1,1,3,3,4,4,5,5
node_arity,2,0,2,2,2,0,0,0,0
node_c1,2,,4,6,8,,,,
node_c2,3,,5,7,9,,,,
node_c3,,,,,,,,,
fitness,2.0,19,,,,,,,

TREE_ID,53,,,,,,,,
tree_type,g,,,,,,,,
tree_depth_base,1,,,,,,,,
NODE_ID,1,2,3,4,5,6,7,8,9
node_depth,0,1,1,2,2,3,3,3,3
node_type,root,term,func,func,func,term,term,term,term
node_label,+,c,+,-,*,a,a,a,a
node_parent,,1,1,3,3,4,4,5,5
node_arity,2,0,2,2,2,0,0,0,0
node_c1,2,,4,6,8,,,,
node_c2,3,,5,7,9,,,,
node_c3,,,,,,,,,
fitness,0.0,19,,,,,,,

TREE_ID,54,,,,
tree_type,g,,,,
tree_depth_base,1,,,,
NODE_ID,1,2,3,4,5
node_depth,0,1,1,2,2
node_type,root,term,func,term,term
node_label,+,c,+,a,b
node_parent,,1,1,3,3
node_arity,2,0,2,0,0
node_c1,2,,4,,
node_c2,3,,5,,
node_c3,,,,,
fitness,10.0,11,,,

TREE_ID,55,,,,,,,,
tree_type,g,,,,,,,,
tree_depth_base,1,,,,,,,,
NODE_ID,1,2,3,4,5,6,7,8,9
node_depth,0,1,1,2,2,3,3,3,3
node_type,root,term,func,func,func,term,term,term,term
node_label,+,c,+,-,*,b,c,a,a
node_parent,,1,1,3,3,4,4,5,5
node_arity,2,0,2,2,2,0,0,0,0
node_c1,2,,4,6,8,,,,
node_c2,3,,5,7,9,,,,
node_c3,,,,,,,,,
fitness,0.0,19,,,,,,,

TREE_ID,56,,,,
tree_type,g,,,,
tree_depth_base,1,,,,
NODE_ID,1,2,3,4,5
node_depth,0,1,1,2,2
node_type,root,term,func,term,term
node_label,+,a,+,b,a
node_parent,,1,1,3,3
node_arity,2,0,2,0,0
node_c1,2,,4,,
node_c2,3,,5,,
node_c3,,,,,
fitness,0.0,11,,,

TREE_ID,57,,,,,,,,
tree_type,g,,,,,,,,
tree_depth_base,1,,,,,,,,
NODE_ID,1,2,3,4,5,6,7,8,9
node_depth,0,1,1,2,2,2,2,3,3
node_type,root,func,func,func,term,term,term,term,term
node_label,+,+,+,-,b,a,a,b,a
node_parent,,1,1,2,2,3,3,4,4
node_arity,2,2,2,2,0,0,0,0,0
node_c1,2,4,6,8,,,,,
node_c2,3,5,7,9,,,,,
node_c3,,,,,,,,,
fitness,0.0,19,,,,,,,

TREE_ID,58,,,,,,,,
tree_type,g,,,,,,,,
tree_depth_base,1,,,,,,,,
NODE_ID,1,2,3,4,5,6,7,8,9
node_depth,0,1,1,2,2,3,3,3,3
node_type,root,term,func,func,func,term,term,term,term
node_label,+,c,+,-,*,b,a,b,a
node_parent,,1,1,3,3,4,4,5,5
node_arity,2,0,2,2,2,0,0,0,0
node_c1,2,,4,6,8,,,,
node_c2,3,,5,7,9,,,,
node_c3,,,,,,,,,
fitness,2.0,19,,,,,,,

TREE_ID,59,,,,
tree_type,g,,,,
tree_depth_base,2,,,,
NODE_ID,1,2,3,4,5
node_depth,0,1,1,2,2
node_type,root,term,func,term,term
node_label,*,c,/,b,a
node_parent,,1,1,3,3
node_arity,2,0,2,0,0
node_c1,2,,4,,
node_c2,3,,5,,
node_c3,,,,,
fitness,2.0,11,,,

TREE_ID,60,,,,
tree_type,g,,,,
tree_depth_base,1,,,,
NODE_ID,1,2,3,4,5
node_depth,0,1,1,2,2
node_type,root,term,func,term,term
node_label,+,c,+,b,a
node_parent,,1,1,3,3
node_arity,2,0,2,0,0
node_c1,2,,4,,
node_c2,3,,5,,
node_c3,,,,,
fitness,10.0,11,,,

TREE_ID,61,,,,,,
tree_type,g,,,,,,
tree_depth_base,1,,,,,,
NODE_ID,1,2,3,4,5,6,7
node_depth,0,1,1,2,2,3,3
node_type,root,func,term,func,term,term,term
node_label,+,+,b,-,b,b,a
node_parent,,1,1,2,2,4,4
node_arity,2,2,0,2,0,0,0
node_c1,2,4,,6,,,
node_c2,3,5,,7,,,
node_c3,,,,,,,
fitness,1.0,15,,,,,

TREE_ID,62,,,,,,,,
tree_type,g,,,,,,,,
tree_depth_base,1,,,,,,,,
NODE_ID,1,2,3,4,5,6,7,8,9
node_depth,0,1,1,2,2,3,3,3,3
node_type,root,term,func,func,func,term,term,term,term
node_label,+,c,+,+,*,b,a,a,b
node_parent,,1,1,3,3,4,4,5,5
node_arity,2,0,2,2,2,0,0,0,0
node_c1,2,,4,6,8,,,,
node_c2,3,,5,7,9,,,,
node_c3,,,,,,,,,
fitness,1.0,19,,,,,,,

TREE_ID,63,,,,,,
tree_type,g,,,,,,
tree_depth_base,1,,,,,,
NODE_ID,1,2,3,4,5,6,7
node_depth,0,1,1,2,2,2,2
node_type,root,func,func,term,term,term,term
node_label,+,/,+,c,a,b,b
node_parent,,1,1,2,2,3,3
node_arity,2,2,2,0,0,0,0
node_c1,2,4,6,,,,
node_c2,3,5,7,,,,
node_c3,,,,,,,
fitness,1.0,15,,,,,

TREE_ID,64,,,,,,,,
tree_type,g,,,,,,,,
tree_depth_base,1,,,,,,,,
NODE_ID,1,2,3,4,5,6,7,8,9
node_depth,0,1,1,2,2,2,2,3,3
node_type,root,func,func,func,term,term,term,term,term
node_label,+,+,+,-,b,a,a,b,a
node_parent,,1,1,2,2,3,3,4,4
node_arity,2,2,2,2,0,0,0,0,0
node_c1,2,4,6,8,,,,,
node_c2,3,5,7,9,,,,,
node_c3,,,,,,,,,
fitness,0.0,19,,,,,,,

TREE_ID,65,,,,,,,,
tree_type,g,,,,,,,,
tree_depth_base,1,,,,,,,,
NODE_ID,1,2,3,4,5,6,7,8,9
node_depth,0,1,1,2,2,3,3,3,3
node_type,root,term,func,func,func,term,term,term,term
node_label,+,c,+,-,*,b,b,b,a
node_parent,,1,1,3,3,4,4,5,5
node_arity,2,0,2,2,2,0,0,0,0
node_c1,2,,4,6,8,,,,
node_c2,3,,5,7,9,,,,
node_c3,,,,,,,,,
fitness,0.0,19,,,,,,,

TREE_ID,66,,,,,,,,,,,,
tree_type,g,,,,,,,,,,,,
tree_depth_base,1,,,,,,,,,,,,
NODE_ID,1,2,3,4,5,6,7,8,9,10,11,12,13
node_depth,0,1,1,2,2,2,2,3,3,3,3,3,3
node_type,root,func,func,term,func,func,func,term,term,term,term,term,term
node_label,+,+,+,a,*,-,*,b,a,b,a,b,a
node_parent,,1,1,2,2,3,3,5,5,4,4,5,5
node_arity,2,2,2,0,2,2,2,0,0,0,0,0,0
node_c1,2,4,6,,8,10,12,,,,,,
node_c2,3,5,7,,9,11,13,,,,,,
node_c3,,,,,,,,,,,,,
fitness,1.0,27,,,,,,,,,,,

TREE_ID,67,,,,,,
tree_type,g,,,,,,
tree_depth_base,1,,,,,,
NODE_ID,1,2,3,4,5,6,7
node_depth,0,1,1,2,2,2,2
node_type,root,func,func,term,term,term,term
node_label,+,+,+,b,b,b,a
node_parent,,1,1,2,2,3,3
node_arity,2,2,2,0,0,0,0
node_c1,2,4,6,,,,
node_c2,3,5,7,,,,
node_c3,,,,,,,
fitness,1.0,15,,,,,

TREE_ID,68,,,,,,,,
tree_type,g,,,,,,,,
tree_depth_base,1,,,,,,,,
NODE_ID,1,2,3,4,5,6,7,8,9
node_depth,0,1,1,2,2,3,3,3,3
node_type,root,term,func,func,func,term,term,term,term
node_label,+,c,+,-,*,a,a,a,a
node_parent,,1,1,3,3,4,4,5,5
node_arity,2,0,2,2,2,0,0,0,0
node_c1,2,,4,6,8,,,,
node_c2,3,,5,7,9,,,,
node_c3,,,,,,,,,
fitness,0.0,19,,,,,,,

TREE_ID,69,,,,,,,,
tree_type,g,,,,,,,,
tree_depth_base,1,,,,,,,,
NODE_ID,1,2,3,4,5,6,7,8,9
node_depth,0,1,1,2,2,3,3,3,3
node_type,root,term,func,func,func,term,term,term,term
node_label,+,c,+,-,*,b,a,c,a
node_parent,,1,1,3,3,4,4,5,5
node_arity,2,0,2,2,2,0,0,0,0
node_c1,2,,4,6,8,,,,
node_c2,3,,5,7,9,,,,
node_c3,,,,,,,,,
fitness,1.0,19,,,,,,,

TREE_ID,70,,,,,,,,,,
tree_type,g,,,,,,,,,,
tree_depth_base,1,,,,,,,,,,
NODE_ID,1,2,3,4,5,6,7,8,9,10,11
node_depth,0,1,1,2,2,2,2,3,3,3,3
node_type,root,func,func,term,term,func,func,term,term,term,term
node_label,+,-,+,b,a,-,*,b,a,a,a
node_parent,,1,1,2,2,3,3,4,4,5,5
node_arity,2,2,2,0,0,2,2,0,0,0,0
node_c1,2,4,6,,,8,10,,,,
node_c2,3,5,7,,,9,11,,,,
node_c3,,,,,,,,,,,
fitness,0.0,23,,,,,,,,,

TREE_ID,71,,,,,,
tree_type,g,,,,,,
tree_depth_base,1,,,,,,
NODE_ID,1,2,3,4,5,6,7
node_depth,0,1,1,2,2,3,3
node_type,root,term,func,term,func,term,term
node_label,+,c,+,a,*,a,a
node_parent,,1,1,3,3,5,5
node_arity,2,0,2,0,2,0,0
node_c1,2,,4,,6,,
node_c2,3,,5,,7,,
node_c3,,,,,,,
fitness,0.0,15,,,,,

TREE_ID,72,,,,,,,,
tree_type,g,,,,,,,,
tree_depth_base,1,,,,,,,,
NODE_ID,1,2,3,4,5,6,7,8,9
node_depth,0,1,1,2,2,3,3,3,3
node_type,root,term,func,func,func,term,term,term,term
node_label,+,c,+,-,*,b,a,a,a
node_parent,,1,1,3,3,4,4,5,5
node_arity,2,0,2,2,2,0,0,0,0
node_c1,2,,4,6,8,,,,
node_c2,3,,5,7,9,,,,
node_c3,,,,,,,,,
fitness,2.0,19,,,,,,,

TREE_ID,73,,,,,,,,
tree_type,g,,,,,,,,
tree_depth_base,1,,,,,,,,
NODE_ID,1,2,3,4,5,6,7,8,9
node_depth,0,1,1,2,2,3,3,3,3
node_type,root,term,func,func,func,term,term,term,term
node_label,+,c,+,-,*,b,a,a,b
node_parent,,1,1,3,3,4,4,5,5
node_arity,2,0,2,2,2,0,0,0,0
node_c1,2,,4,6,8,,,,
node_c2,3,,5,7,9,,,,
node_c3,,,,,,,,,
fitness,2.0,19,,,,,,,

TREE_ID,74,,,,
tree_type,g,,,,
tree_depth_base,1,,,,
NODE_ID,1,2,3,4,5
node_depth,0,1,1,2,2
node_type,root,term,func,term,term
node_label,+,c,+,a,a
node_parent,,1,1,3,3
node_arity,2,0,2,0,0
node_c1,2,,4,,
node_c2,3,,5,,
node_c3,,,,,
fitness,0.0,11,,,

TREE_ID,75,,,,,,,,,,
tree_type,g,,,,,,,,,,
tree_depth_base,1,,,,,,,,,,
NODE_ID,1,2,3,4,5,6,7,8,9,10,11
node_depth,0,1,1,2,2,2,2,3,3,3,3
node_type,root,func,func,func,func,term,term,term,term,term,term
node_label,+,/,+,-,+,b,a,a,b,a,c
node_parent,,1,1,2,2,3,3,4,4,5,5
node_arity,2,2,2,2,2,0,0,0,0,0,0
node_c1,2,4,6,8,10,,,,,,
node_c2,3,5,7,9,11,,,,,,
node_c3,,,,,,,,,,,
fitness,1.0,23,,,,,,,,,

TREE_ID,76,,,,,,
tree_type,g,,,,,,
tree_depth_base,1,,,,,,
NODE_ID,1,2,3,4,5,6,7
node_depth,0,1,1,2,2,2,2
node_type,root,func,func,term,term,term,term
node_label,+,+,+,c,b,b,a
node_parent,,1,1,2,2,3,3
node_arity,2,2,2,0,0,0,0
node_c1,2,4,6,,,,
node_c2,3,5,7,,,,
node_c3,,,,,,,
fitness,0.0,15,,,,,

TREE_ID,77,,,,,,,,
tree_type,g,,,,,,,,
tree_depth_base,1,,,,,,,,
NODE_ID,1,2,3,4,5,6,7,8,9
node_depth,0,1,1,2,2,3,3,3,3
node_type,root,term,func,func,func,term,term,term,term
node_label,+,c,+,-,*,b,b,a,a
node_parent,,1,1,3,3,4,4,5,5
node_arity,2,0,2,2,2,0,0,0,0
node_c1,2,,4,6,8,,,,
node_c2,3,,5,7,9,,,,
node_c3,,,,,,,,,
fitness,0.0,19,,,,,,,

TREE_ID,78,,,,,,
tree_type,g,,,,,,
tree_depth_base,1,,,,,,
NODE_ID,1,2,3,4,5,6,7
node_depth,0,1,1,2,2,3,3
node_type,root,term,func,term,func,term,term
node_label,+,c,+,a,*,a,a
node_parent,,1,1,3,3,5,5
node_arity,2,0,2,0,2,0,0
node_c1,2,,4,,6,,
node_c2,3,,5,,7,,
node_c3,,,,,,,
fitness,0.0,15,,,,,

TREE_ID,79,,,,,,
tree_type,g,,,,,,
tree_depth_base,1,,,,,,
NODE_ID,1,2,3,4,5,6,7
node_depth,0,1,1,2,2,3,3
node_type,root,term,func,term,func,term,term
node_label,+,c,+,a,*,b,a
node_parent,,1,1,3,3,5,5
node_arity,2,0,2,0,2,0,0
node_c1,2,,4,,6,,
node_c2,3,,5,,7,,
node_c3,,,,,,,
fitness,1.0,15,,,,,

TREE_ID,80,,,,,,,,
tree_type,g,,,,,,,,
tree_depth_base,1,,,,,,,,
NODE_ID,1,2,3,4,5,6,7,8,9
node_depth,0,1,1,2,2,3,3,3,3
node_type,root,term,func,func,func,term,term,term,term
node_label,+,c,+,-,*,b,a,c,a
node_parent,,1,1,3,3,4,4,5,5
node_arity,2,0,2,2,2,0,0,0,0
node_c1,2,,4,6,8,,,,
node_c2,3,,5,7,9,,,,
node_c3,,,,,,,,,
fitness,1.0,19,,,,,,,

TREE_ID,81,,,,
tree_type,g,,,,
tree_depth_base,1,,,,
NODE_ID,1,2,3,4,5
node_depth,0,1,1,2,2
node_type,root,term,func,term,term
node_label,+,c,+,b,a
node_parent,,1,1,3,3
node_arity,2,0,2,0,0
node_c1,2,,4,,
node_c2,3,,5,,
node_c3,,,,,
fitness,10.0,11,,,

TREE_ID,82,,,,,,,,
tree_type,g,,,,,,,,
tree_depth_base,1,,,,,,,,
NODE_ID,1,2,3,4,5,6,7,8,9
node_depth,0,1,1,2,2,3,3,3,3
node_type,root,term,func,func,func,term,term,term,term
node_label,+,c,+,-,*,b,a,a,a
node_parent,,1,1,3,3,4,4,5,5
node_arity,2,0,2,2,2,0,0,0,0
node_c1,2,,4,6,8,,,,
node_c2,3,,5,7,9,,,,
node_c3,,,,,,,,,
fitness,2.0,19,,,,,,,

TREE_ID,83,,,,,,
tree_type,g,,,,,,
tree_depth_base,1,,,,,,
NODE_ID,1,2,3,4,5,6,7
node_depth,0,1,1,2,2,2,2
node_type,root,func,func,term,term,term,term
node_label,+,+,+,a,b,b,a
node_parent,,1,1,2,2,3,3
node_arity,2,2,2,0,0,0,0
node_c1,2,4,6,,,,
node_c2,3,5,7,,,,
node_c3,,,,,,,
fitness,1.0,15,,,,,

TREE_ID,84,,,,,,,,
tree_type,g,,,,,,,,
tree_depth_base,1,,,,,,,,
NODE_ID,1,2,3,4,5,6,7,8,9
node_depth,0,1,1,2,2,3,3,3,3
node_type,root,term,func,func,func,term,term,term,term
node_label,+,c,*,*,+,a,b,b,a
node_parent,,1,1,3,3,4,4,5,5
node_arity,2,0,2,2,2,0,0,0,0
node_c1,2,,4,6,8,,,,
node_c2,3,,5,7,9,,,,
node_c3,,,,,,,,,
fitness,0.0,19,,,,,,,

TREE_ID,85,,,,,,,,
tree_type,g,,,,,,,,
tree_depth_base,1,,,,,,,,
NODE_ID,1,2,3,4,5,6,7,8,9
node_depth,0,1,1,2,2,3,3,3,3
node_type,root,term,func,func,func,term,term,term,term
node_label,+,c,+,-,*,b,a,a,a
node_parent,,1,1,3,3,4,4,5,5
node_arity,2,0,2,2,2,0,0,0,0
node_c1,2,,4,6,8,,,,
node_c2,3,,5,7,9,,,,
node_c3,,,,,,,,,
fitness,2.0,19,,,,,,,

TREE_ID,86,,,,,,
tree_type,g,,,,,,
tree_depth_base,1,,,,,,
NODE_ID,1,2,3,4,5,6,7
node_depth,0,1,1,2,2,3,3
node_type,root,term,func,func,term,term,term
node_label,+,c,+,-,a,b,c
node_parent,,1,1,3,3,4,4
node_arity,2,0,2,2,0,0,0
node_c1,2,,4,6,,,
node_c2,3,,5,7,,,
node_c3,,,,,,,
fitness,0.0,15,,,,,

TREE_ID,87,,,,
tree_type,g,,,,
tree_depth_base,1,,,,
NODE_ID,1,2,3,4,5
node_depth,0,1,1,2,2
node_type,root,term,func,term,term
node_label,+,c,+,a,a
node_parent,,1,1,3,3
node_arity,2,0,2,0,0
node_c1,2,,4,,
node_c2,3,,5,,
node_c3,,,,,
fitness,0.0,11,,,

TREE_ID,88,,,,,,,,
tree_type,g,,,,,,,,
tree_depth_base,1,,,,,,,,
NODE_ID,1,2,3,4,5,6,7,8,9
node_depth,0,1,1,2,2,3,3,3,3
node_type,root,term,func,func,func,term,term,term,term
node_label,+,c,+,-,*,b,b,b,a
node_parent,,1,1,3,3,4,4,5,5
node_arity,2,0,2,2,2,0,0,0,0
node_c1,2,,4,6,8,,,,
node_c2,3,,5,7,9,,,,
node_c3,,,,,,,,,
fitness,0.0,19,,,,,,,

TREE_ID,89,,,,,,
tree_type,g,,,,,,
tree_depth_base,1,,,,,,
NODE_ID,1,2,3,4,5,6,7
node_depth,0,1,1,2,2,3,3
node_type,root,term,func,term,func,term,term
node_label,+,c,+,b,+,a,b
node_parent,,1,1,3,3,5,5
node_arity,2,0,2,0,2,0,0
node_c1,2,,4,,6,,
node_c2,3,,5,,7,,
node_c3,,,,,,,
fitness,0.0,15,,,,,

TREE_ID,90,,,,,,,,
tree_type,g,,,,,,,,
tree_depth_base,1,,,,,,,,
NODE_ID,1,2,3,4,5,6,7,8,9
node_depth,0,1,1,2,2,3,3,3,3
node_type,root,term,func,func,func,term,term,term,term
node_label,+,a,+,-,*,b,a,b,a
node_parent,,1,1,3,3,4,4,5,5
node_arity,2,0,2,2,2,0,0,0,0
node_c1,2,,4,6,8,,,,
node_c2,3,,5,7,9,,,,
node_c3,,,,,,,,,
fitness,1.0,19,,,,,,,

TREE_ID,91,,,,,,,,
tree_type,g,,,,,,,,
tree_depth_base,1,,,,,,,,
NODE_ID,1,2,3,4,5,6,7,8,9
node_depth,0,1,1,2,2,3,3,3,3
node_type,root,term,func,func,func,term,term,term,term
node_label,+,c,+,-,*,b,a,a,a
node_parent,,1,1,3,3,4,4,5,5
node_arity,2,0,2,2,2,0,0,0,0
node_c1,2,,4,6,8,,,,
node_c2,3,,5,7,9,,,,
node_c3,,,,,,,,,
fitness,2.0,19,,,,,,,

TREE_ID,92,,,,,,,,
tree_type,g,,,,,,,,
tree_depth_base,1,,,,,,,,
NODE_ID,1,2,3,4,5,6,7,8,9
node_depth,0,1,1,2,2,2,2,3,3
node_type,root,func,func,func,term,term,term,term,term
node_label,+,+,+,-,b,b,a,b,a
node_parent,,1,1,2,2,3,3,4,4
node_arity,2,2,2,2,0,0,0,0,0
node_c1,2,4,6,8,,,,,
node_c2,3,5,7,9,,,,,
node_c3,,,,,,,,,
fitness,10.0,19,,,,,,,

TREE_ID,93,,
tree_type,g,,
tree_depth_base,1,,
NODE_ID,1,2,3
node_depth,0,1,1
node_type,root,term,term
node_label,+,c,c
node_parent,,1,1
node_arity,2,0,0
node_c1,2,,
node_c2,3,,
node_c3,,,
fitness,1.0,7,

TREE_ID,94,,,,,,
tree_type,g,,,,,,
tree_depth_base,1,,,,,,
NODE_ID,1,2,3,4,5,6,7
node_depth,0,1,1,2,2,2,2
node_type,root,func,func,term,term,term,term
node_label,+,+,+,b,a,b,a
node_parent,,1,1,2,2,3,3
node_arity,2,2,2,0,0,0,0
node_c1,2,4,6,,,,
node_c2,3,5,7,,,,
node_c3,,,,,,,
fitness,1.0,15,,,,,

TREE_ID,95,,,,,,
tree_type,g,,,,,,
tree_depth_base,1,,,,,,
NODE_ID,1,2,3,4,5,6,7
node_depth,0,1,1,2,2,2,2
node_type,root,func,func,term,term,term,term
node_label,+,/,+,c,a,b,a
node_parent,,1,1,2,2,3,3
node_arity,2,2,2,0,0,0,0
node_c1,2,4,6,,,,
node_c2,3,5,7,,,,
node_c3,,,,,,,
fitness,2.0,15,,,,,

TREE_ID,96,,,,,,,,
tree_type,g,,,,,,,,
tree_depth_base,1,,,,,,,,
NODE_ID,1,2,3,4,5,6,7,8,9
node_depth,0,1,1,2,2,3,3,3,3
node_type,root,term,func,func,func,term,term,term,term
node_label,+,c,+,-,*,b,a,b,a
node_parent,,1,1,3,3,4,4,5,5
node_arity,2,0,2,2,2,0,0,0,0
node_c1,2,,4,6,8,,,,
node_c2,3,,5,7,9,,,,
node_c3,,,,,,,,,
fitness,2.0,19,,,,,,,

TREE_ID,97,,,,
tree_type,g,,,,
tree_depth_base,1,,,,
NODE_ID,1,2,3,4,5
node_depth,0,1,1,2,2
node_type,root,term,func,term,term
node_label,+,b,+,b,a
node_parent,,1,1,3,3
node_arity,2,0,2,0,0
node_c1,2,,4,,
node_c2,3,,5,,
node_c3,,,,,
fitness,0.0,11,,,

TREE_ID,98,,,,,,
tree_type,g,,,,,,
tree_depth_base,1,,,,,,
NODE_ID,1,2,3,4,5,6,7
node_depth,0,1,1,2,2,3,3
node_type,root,term,func,term,func,term,term
node_label,+,c,+,c,*,a,a
node_parent,,1,1,3,3,5,5
node_arity,2,0,2,0,2,0,0
node_c1,2,,4,,6,,
node_c2,3,,5,,7,,
node_c3,,,,,,,
fitness,0.0,15,,,,,

TREE_ID,99,,,,,,
tree_type,g,,,,,,
tree_depth_base,1,,,,,,
NODE_ID,1,2,3,4,5,6,7
node_depth,0,1,1,2,2,2,2
node_type,root,func,func,term,term,term,term
node_label,+,+,+,a,c,b,a
node_parent,,1,1,2,2,3,3
node_arity,2,2,2,0,0,0,0
node_c1,2,4,6,,,,
node_c2,3,5,7,,,,
node_c3,,,,,,,
fitness,1.0,15,,,,,

TREE_ID,100,,,,,,,,
tree_type,g,,,,,,,,
tree_depth_base,1,,,,,,,,
NODE_ID,1,2,3,4,5,6,7,8,9
node_depth,0,1,1,2,2,3,3,3,3
node_type,root,term,func,func,func,term,term,term,term
node_label,+,a,+,-,*,b,a,a,a
node_parent,,1,1,3,3,4,4,5,5
node_arity,2,0,2,2,2,0,0,0,0
node_c1,2,,4,6,8,,,,
node_c2,3,,5,7,9,,,,
node_c3,,,,,,,,,
fitness,0.0,19,,,,,,,
