cartPos:float,cartVel:float,observation2:float,observation3:float,action0:float
0.02431968790544456,0.03030287781424089,-0.039243901714943366,0.01359455557389122,0
0.024925745461729376,-0.1642349321442524,-0.03897201060346554,0.2936418501220461,0
0.02164104681884433,-0.35878020159202284,-0.03309917360102462,0.573783302294733,0
0.014465442787003874,-0.5534228409142947,-0.021623507555129963,0.8558579642491542,1
0.003396985968717979,-0.3580130096446371,-0.004506348270146881,0.5564549255849318,1
-0.0037632742241747634,-0.16282808301015067,0.006622750241551756,0.26235564646160026,1
-0.007019835884377777,0.03219870988608392,0.011869863170783762,-0.028231053042232,1
-0.006375861686656098,0.2271484454163654,0.011305242109939122,-0.31714539836866573,0
-0.0018328927783287903,0.031867309792713544,0.004962334142565807,-0.020918743295083975,0
-0.0011955465824745196,-0.16332545357580905,0.0045439592766641276,0.2733257170841664,1
-0.0044620556539907005,0.03173136801021709,0.010010473618347455,-0.01792057528355473,1
-0.003827428293786359,0.2267083375127724,0.00965206211267636,-0.30742834564937294,0
0.0007067384564690892,0.03145019115412981,0.0035034951996889023,-0.011717106829317425,0
0.0013357422795516854,-0.16372182914355937,0.003269153063102554,0.28206915237449676,1
-0.001938694303319502,0.03135333918150801,0.00891053611059249,-0.009580907196767019,1
-0.0013116275196893418,0.2263463750368845,0.00871891796665715,-0.2994391866141518,0
0.003215299981048348,0.031101236810568506,0.0027301342343741134,-0.0040192816322386915,0
0.0038373247172597182,-0.1640597618534359,0.0026497486017293395,0.28952378383839467,1
0.0005561294801910001,0.031024304743242553,0.008440224278497232,-0.002322263591473972,1
0.0011766155750558512,0.22602420017681496,0.008393779006667752,-0.2923302918653173,0
0.0056970995785921505,0.030783581837473872,0.0025471731693614058,0.0029880609189640306,0
0.006312771215341628,-0.16437480674368612,0.0026069343877406863,0.29647356223916066,1
0.003025275080467906,0.03070988393188495,0.0085364056325239,0.004613958429413256,1
0.0036394727591056047,0.22570837702658217,0.008628684801112166,-0.2853634513142309,0
0.008153640299637247,0.03046443312611455,0.002921415774827547,0.010028363907169102,0
0.00876292896215954,-0.16469929306876022,0.003121983052970929,0.3036315989729187,1
0.005468943100784334,0.030378026313185813,0.009194615032429302,0.011934907456901456,1
0.006076503627048051,0.22536691585492546,0.009433313181567331,-0.27783288480303797,0
0.01058384194414656,0.03011166686504274,0.0038766554855065713,0.017810310278778496,0
0.011186075281447414,-0.16506566488619637,0.004232861691082141,0.3117138418556723,1
0.007884761983723487,0.029995727157285157,0.010467138528195587,0.020368832611022236,1
0.00848467652686919,0.22496601654044143,0.010874515180416032,-0.26899329822180523,0
0.01298399685767802,0.029690578413884533,0.005494649215979927,0.02709958435527343,1
0.01357780842595571,0.2247333029790141,0.006036640903085396,-0.26384466733658446,0
0.01807247448553599,0.02952571007925406,0.0007597475563537069,0.03073614850088513,0
0.018662988687121074,-0.1656071280861126,0.0013744705263714096,0.32365868703362044,1
0.015350846125398821,0.02949522474087707,0.007847644267043818,0.031409528436632694,1
0.01594075062021636,0.22450376269059938,0.008475834835776472,-0.25878708752461516,0
0.02043082587402835,0.029261841477280226,0.003300093085284169,0.0365571403620259,0
0.021016062703573955,-0.1659072777354343,0.004031235892524687,0.33027945065484604,1
0.017697917148865268,0.029157057359800814,0.010636824905621609,0.038870505623949725,1
0.018281058296061282,0.22412487411276746,0.011414235018100603,-0.25043750781604784,0
0.02276355577831663,0.028841800248824684,0.006405484861779645,0.04582373360842951,1
0.023340391783293123,0.2238713175644738,0.007321959533948236,-0.24483134113389654,0
0.0278178181345826,0.028645556480977524,0.0024253327112703045,0.050152087695482184,0
0.02839072926420215,-0.1665110874742397,0.003428374465179948,0.34359923977830925,1
0.025060507514717355,0.028561923338012024,0.010300359260746133,0.05199938330626075,1
0.025631745981477595,0.2235346763884463,0.011340346926871348,-0.2374159797560853,0
0.03010243950924652,0.028252563079645604,0.006592027331749642,0.058822345476124804,1
0.030667490770839433,0.2232793798690732,0.007768474241272139,-0.23177348158973365,0
0.035133078368220896,0.028047291061987778,0.003133004609477465,0.06334972354598722,0
0.03569402418946065,-0.16711943929500922,0.00439999908039721,0.3570194841547894,1
0.032351635403560466,0.027939681153095225,0.011540388763492997,0.06572723129093588,1
0.03291042902662237,0.22289428990926116,0.012854933389311714,-0.22329240994843758,0
0.03736831482480759,0.027590987095737707,0.008389085190342961,0.07341758563093204,1
0.037920134566722344,0.2225916721805097,0.009857436902961602,-0.2166067873040614,0
0.042371968010332536,0.027330199507140884,0.005525301156880374,0.07916923130620795,1
0.04291857200047535,0.22237250953535725,0.007108685783004533,-0.2117653376446253,0
0.047366022191182494,0.027149645638698733,0.002873379030112027,0.08315149529139787,0
0.04790901510395647,-0.16801337653021886,0.004536408935939985,0.37673959232363075,1
0.04454874757335209,0.027043851286310622,0.0120712007824126,0.08549046080936129,1
0.0450896245990783,0.22199070828721254,0.013781009998599826,-0.20335967325975923,0
0.049529438764822555,0.02667441224120451,0.009713816533404642,0.09363843964379376,1
0.050062927009646645,0.22165579881308609,0.011586585326280516,-0.1959640245997148,0
0.05449604298590836,0.0263700461849736,0.007667304834286221,0.10035132174817635,1
0.05502344390960784,0.22138127784092115,0.009674331269249747,-0.18990276206652656,0
0.05945106946642626,0.026122268721368885,0.005876276027919215,0.10581625463490757,1
0.059973514840853635,0.22115951889374677,0.007992601120617367,-0.18500695436075754,0
0.06439670521872858,0.025924126414645088,0.004292462033402216,0.11018658014619881,1
0.06491518774702147,0.22098430607089883,0.006496193636326192,-0.18113901385833664,0
0.06933487386843945,0.02577000328047907,0.002873413359159459,0.11358612923459233,0
0.06985027393404904,-0.1693930025924186,0.005145135943851306,0.4071742118867179,1
0.06646241388220067,0.02565561555075216,0.013288620181585664,0.11611782051418573,1
0.06697552619321571,0.22058466720884298,0.015610976591869379,-0.17234320148734944,0
0.07138721953739258,0.02524280349740049,0.01216411256212239,0.12522333151923593,1
0.07189207560734058,0.22018839631295428,0.014668579192507109,-0.16359726313435524,0
0.07629584353359967,0.024859564403674317,0.011396633929820004,0.13367687165469172,1
0.07679303482167316,0.21981643132521478,0.014070171362913837,-0.15538889986290544,0
0.08118936344817745,0.024495880472346354,0.010962393365655729,0.1416994201225602,1
0.08167928105762438,0.21945912797484662,0.013796381768106932,-0.1475050000646837,0
0.08606846361712131,0.02414235447253993,0.010846281766813258,0.14949828572986257,1
0.08655131070657211,0.21910732465194488,0.01383624748141051,-0.1397432233642774,0
0.09093345719961102,0.02378996613565071,0.011041383014124962,0.1572724979035392,1
0.09140925652232403,0.21875210800255013,0.014186832972195746,-0.13190678824042468,0
0.09578429868237504,0.023429841227868897,0.011548697207387252,0.16521791756797732,1
0.09625289550693242,0.21838458703333774,0.014853055558746798,-0.12379945866328734,0
0.10062058724759917,0.023053027565692774,0.01237706638548105,0.17353219935712322,1
0.10108164779891303,0.21799567025352912,0.015847710372623516,-0.11522060264298839,0
0.10544156120398361,0.02265027250589513,0.013543298319763749,0.18241973083679225,1
0.10589456665410152,0.2175758404873598,0.017191692936499595,-0.10596019848861071,0
0.11024608346384872,0.022211796625400487,0.01507248896672738,0.19209667161175314,1
0.11069031939635673,0.2171149220244425,0.018914422398962443,-0.09579366458369154,1
0.11503261783684558,0.41196074684815065,0.016998549107288614,-0.3824496144009186,0
0.1232718327738086,0.21660161412441947,0.00934955681927024,-0.08445591839471506,0
0.12760386505629698,0.0213468982971651,0.007660438451375939,0.2111620840695853,1
0.1280308030222403,0.2163584878271467,0.011883680132767645,-0.07909457059069541,0
0.13235797277878322,0.021068213716883333,0.010301788720953737,0.21731387610334613,1
0.1327793370531209,0.2160413933068665,0.01464806624302066,-0.07210170218899198,0
0.13710016491925822,0.020712538152070442,0.013206032199240821,0.2251665254009837,1
0.13751441568229963,0.21564328340756797,0.017709362707260496,-0.0633216354010997,0
0.141827281350451,0.020271959278026164,0.016442929999238503,0.2348956779967703,1
0.14223272053601152,0.21515516734835552,0.021140843559173908,-0.05255561349242577,1
0.14653582388297864,0.4099677053039301,0.020089731289325393,-0.3384941763768128,0
0.15473517798905725,0.2145657307466146,0.013319847761789138,-0.039544376626860445,0
0.15902649260398954,0.01925533166815266,0.012528960229251929,0.25731115308624575,1
0.1594115992373526,0.21419618837632518,0.017675183290976844,-0.031393763729934354,0
0.1636955230048791,0.018825284549406796,0.017047308016378156,0.2668130493424662,1
0.16407202869586723,0.21369984026576075,0.02238356900322748,-0.020444644977888227,1
0.16834602550118244,0.4084937546774892,0.021974676103669714,-0.30598210252838787,0
0.1765159005947322,0.21306566690609408,0.015855034053101957,-0.0064507103613619665,0
0.1807772139328541,0.01771996289558972,0.01572601984587472,0.2911922013313826,1
0.18113161319076587,0.21261419158317052,0.02154986387250237,0.003510265955548486,1
0.18538389702242927,0.40742056360882717,0.021620069191613342,-0.2822962745278881,0
0.19353230829460583,0.21199700918164122,0.01597414370105558,0.017126355208788357,0
0.19777224847823865,0.016649655967949595,0.01631667080523135,0.3148061987756766,1
0.19810524159759765,0.21153542516269133,0.02261279478074488,0.027313346357728363,1
0.20233595010085148,0.40632591596386625,0.02315906170789945,-0.25815009501773084,0
0.2104624684201288,0.2108811230017435,0.01799605980754483,0.041746634501105606,0
0.21468009088016368,0.015505797562301249,0.018830992497566944,0.3400527245273412,1
0.2149902068314097,0.2103548178221103,0.02563204698811377,0.053366998219022854,1
0.2191973031878519,0.4051000401824285,0.026699386952494228,-0.23111988293238117,0
0.22729930399150047,0.20960694841638763,0.022076989293846605,0.069863929110147,1
0.23149144295982824,0.40440554532847994,0.023474267876049545,-0.21577265386263922,0
0.23957955386639784,0.20895600766814607,0.01915881479879676,0.08422168171233146,0
0.24375867401976076,0.013564738004332805,0.02084324843304339,0.38288714455447187,1
0.24402996877984742,0.20838464192719885,0.028500991324132828,0.09684823603427462,1
0.2481976616183914,0.403086759920965,0.03043795604481832,-0.18670817356786934,0
0.2562593968168107,0.20754284037477266,0.026703792573460935,0.11541921953161277,1
0.26041025362430614,0.4022721911098637,0.02901217696409319,-0.16872068574607502,0
0.26845569744650344,0.20674724054265287,0.02563776324917169,0.13297170131950609,1
0.2725906422573565,0.40149274783896516,0.028297197275561813,-0.15151388426581036,0
0.28062049721413584,0.20597727589100384,0.025266919590245605,0.149960180740767,1
0.2847400427319559,0.40072847543507784,0.028266123205060945,-0.13464569017210742,0
0.29275461224065746,0.20521328948316664,0.025573209401618797,0.16681907159027876,1
0.2968588780303208,0.3999600204154984,0.02890959083342437,-0.1176878042578372,0
0.3048580784386308,0.2044360385603932,0.026555834748267625,0.18397385390244103,1
0.30894679920983864,0.3991681500775314,0.030235311826316447,-0.10021482600640513,0
0.31693016221138925,0.20362621663058986,0.028231015306188344,0.20185184221401642,1
0.32100268654400105,0.39833327931778173,0.03226805215046867,-0.08179355877541622,0
0.32896935213035666,0.20276398348936941,0.030632180974960347,0.22089283526490266,1
0.3330246318001441,0.3974349955328059,0.0350500376802584,-0.06197224133945006,0
0.3409733317108002,0.20182849435872344,0.03381059285346939,0.24155990248668963,1
0.3450099015979747,0.3964515728979159,0.03864179090320319,-0.04026944726629422,0
0.352938933055933,0.20079742054226712,0.037836401957877304,0.26435055666854584,1
0.35695488146677834,0.39535946827851554,0.043123413091248224,-0.016162391346500993,0
0.3648620708323487,0.19964645588144755,0.0428001652643182,0.289808558718973,1
0.3688549999499776,0.39413279276675717,0.04859633643869766,0.010925622716003447,1
0.37673765580531277,0.5885253391593323,0.04881484889301773,-0.26603725590124366,0
0.3885081625884994,0.3927419017403043,0.043494103774992854,0.041633938537992576,1
0.3963630006233055,0.5872140419438974,0.0443267825457527,-0.2370151624449069,0
0.40810728146218345,0.3914877620122543,0.03958647929685456,0.06931367986674314,0
0.41593703670242854,0.19582128557786094,0.040972752894189425,0.37421883982072585,1
0.41985346241398575,0.3903380008812203,0.048457129690603944,0.09473126294453627,1
0.42766022243161017,0.5847331441563948,0.05035175494949467,-0.1822783540114905,0
0.43935488531473804,0.3889282194795597,0.04670618786926486,0.12585395516956827,1
0.4471334497043292,0.5833510196907246,0.04922326697265622,-0.1517355803700432,0
0.45880047009814373,0.38756006301078105,0.04618855536525536,0.156060932879297,1
0.46655167135835934,0.5819913121970818,0.0493097740228413,-0.12170029157678663,0
0.47819149760230095,0.3861988500911322,0.04687576819130557,0.18612262812403607,1
0.4859154746041236,0.5806198659506592,0.05059822075378629,-0.091412118558313,0
0.4975278719231368,0.38481056212981324,0.04876997838262003,0.2167954673187416,1
0.5052240831657331,0.5792026197730696,0.05310588772899486,-0.06011322484473919,0
0.5168081355611944,0.3833610463239797,0.05190362323210008,0.24884078642669266,1
0.5244753564876741,0.5777048191268966,0.05688043896063393,-0.027029476757313042,0
0.536029452870212,0.38181524207701334,0.05633984942548767,0.28304351644806913,1
0.5436657577117523,0.576090233310647,0.062000719754449055,0.008648559234824327,0
0.5551875623779652,0.380136428818033,0.06217369093914554,0.3202310343649374,1
0.5627902909543259,0.5743203771676592,0.06857831162644429,0.04778519485057087,1
0.574276698497679,0.7683953678094323,0.0695340155234557,-0.22249678683447194,0
0.5896446058538677,0.5723520082185853,0.06508407978676627,0.09128417071132366,1
0.6010916460182394,0.7664836353391433,0.06690976320099273,-0.18017552717058916,0
0.6164213187250223,0.5704711930129631,0.06330625265758096,0.13284202907664372,1
0.6278307425852815,0.7646318922670639,0.06596309323911383,-0.13921600506725473,0
0.6431233804306228,0.5686302334981003,0.06317877313776873,0.17352618228796818,1
0.6544959851005848,0.7627937396092208,0.0666492967835281,-0.09857580425138923,0
0.6697518598927692,0.5667830153049435,0.06467778069850032,0.21436788455165445,1
0.6810875201988681,0.7609235333789228,0.0689651383895334,-0.05723199336580903,0
0.6963059908664465,0.5648839908842094,0.06782049852221722,0.2563879784234371,1
0.7076036706841307,0.7589753999530552,0.07294825809068596,-0.01415588713294974,0
0.7227831786831918,0.5628872020996807,0.07266514034802697,0.30062192333097093,1
0.7340409227251854,0.7569022672427773,0.07867757881464639,0.031712075154940456,1
0.7491789680700409,0.9508129460862315,0.0793118203177452,-0.2351468023689297,0
0.7681952269917656,0.754652682943888,0.0746088842703666,0.0814618743856454,1
0.7832882806506434,0.9486302212028295,0.07623812175807951,-0.1867803112261796,0
0.8022608850747,0.7525049757462462,0.07250251553355591,0.12894532554467358,1
0.8173109845896249,0.9465174574551868,0.07508142204444938,-0.14001177566084383,0
0.8362413337387287,0.7504049459956366,0.07228118653123251,0.1753814385947064,0
0.8512494326586414,0.5543269780937496,0.07578881530312664,0.48996257701502904,0
0.8623359722205164,0.358222257987552,0.08558806684342722,0.8055358373145173,1
0.8695004173802674,0.5520732026123083,0.10169878358971757,0.540955967022303,1
0.8805418814325136,0.7456296896625928,0.11251790293016363,0.2819692861651367,1
0.8954544752257654,0.9389819045525931,0.11815728865346636,0.026785454115221485,1
0.9142341133168173,1.1322286241055493,0.1186929977357708,-0.2264060508552071,0
0.9368786857989282,0.9356280179896318,0.11416487671866665,0.10123387349061724,1
0.9555912461587208,1.128944443979072,0.116189554188479,-0.15336149742729943,0
0.9781701350383023,0.9323670891585246,0.11312232423993301,0.17359934671203525,1
0.9968174768214728,1.1257035665789719,0.11659431117417372,-0.08136472450924098,0
1.0193315481530523,0.9291200039511774,0.1149670166839889,0.24570970161319328,1
1.0379139482320758,1.1224282752302601,0.11988121071625277,-0.008612645012739062,1
1.060362513736681,1.3156451778779241,0.11970895781599798,-0.261197162967428,0
-0.0058422724320229755,-0.03158499610055546,0.01802437500482841,-0.007147370451531021,1
-0.006473972354034085,0.1632738844858175,0.01788142759579779,-0.294089334254571,0
-0.0032084946643177346,-0.03209837873026053,0.01199964091070637,0.004179069333232921,0
-0.0038504622389229455,-0.22739034814842035,0.012083222297371028,0.30062374320707225,1
-0.008398269201891352,-0.03244268836710357,0.018095697161512474,0.011775981577289985,1
-0.009047122969233424,0.16241513487462753,0.018331216793058273,-0.2751430547034442,0
-0.005798820271740873,-0.03296349671524665,0.012828355698989389,0.0232647296418122,1
-0.006458090206045807,0.1619721568854282,0.013293650291825632,-0.26534325801832165,0
-0.0032186470683372424,-0.03333698380400604,0.0079867851314592,0.03150278502946818,0
-0.003885386744417363,-0.2285725533699568,0.008616840832048563,0.32669488892013254,1
-0.0084568378118165,-0.033574336295588036,0.015150738610451214,0.03674174205123504,1
-0.00912832453772826,0.16132711105525752,0.015885573451475916,-0.2511227289023222,0
-0.005901782316623109,-0.03401804020408783,0.010863118873429473,0.04652818920953633,1
-0.006582143120704866,0.16094646980217903,0.0117936826576202,-0.24270762640074012,0
-0.0033632137246612853,-0.03434193919884604,0.006939530129605397,0.05367187752165431,1
-0.004050052508638206,0.16067982451614782,0.008012967680038483,-0.236813518837371,0
-0.0008364560183152501,-0.03455568383943333,0.0032766973032910627,0.05838612932407672,0
-0.0015275696951039168,-0.22972446313240208,0.004444419889772597,0.3521010739401391,1
-0.006122058957751958,-0.03466599492418018,0.01148644136857538,0.06082291649208904,1
-0.006815378856235562,0.1602893978405234,0.012702899698417161,-0.2282139417963318,0
-0.003609590899425094,-0.03501176070348319,0.008138620862490524,0.06844871252770068,1
-0.004309826113494758,0.1599925680464265,0.009507595113044538,-0.22165536513368572,0
-0.0011099747525662278,-0.035263980633868125,0.005074487810370823,0.07401141126890698,1
-0.0018152543652435902,0.1597848558685944,0.006554716035748963,-0.21706618353640222,0
0.0013804427521282975,-0.03543018187573291,0.0022133923650209187,0.07767715535940667,0
0.0006718391146136394,-0.23058379329107676,0.003766935472209052,0.3710575922480565,1
-0.003939836751207896,-0.03551556146725898,0.011188087317170182,0.07956479690436896,1
-0.004650147980553076,0.15944423312804015,0.012779383255257562,-0.20956736330953635,0
-0.0014612633179922727,-0.03585809197017523,0.008588035989066834,0.08711923957331608,1
-0.0021784251573957773,0.15913971158075926,0.010330420780533155,-0.20284182782136567,0
0.0010043690742194081,-0.03612844306385907,0.006273584224105842,0.09308186506420807,1
0.0002818002129422268,0.1589030295147335,0.008135221525390004,-0.19761516514357796,0
0.003459860803236897,-0.03633433216616619,0.0041829182225184445,0.09762291530367884,1
0.0027331741599135734,0.15872741974907748,0.006135376528592021,-0.19373737848363676,0
0.005907722554895124,-0.036481757203673054,0.002260628958919286,0.10087466517389143,0
0.005178087410821663,-0.23163603362297372,0.004278122262397115,0.39426995615734867,1
0.0005453667383621885,-0.0365750486050658,0.012163521385544088,0.10293892028777252,1
-0.00018613423373912757,0.15837049254790622,0.014222299791299539,-0.1858817727734529,0
0.002981275617218997,-0.036952029671694225,0.01050466433583048,0.1112535947590848,1
0.0022422350237851123,0.15801783304164885,0.012729736231012177,-0.17809674904668243,0
0.00540259168461809,-0.037283952018021954,0.009167801250078527,0.11857463430680804,1
0.004656912644257651,0.15770545350441856,0.011539293936214688,-0.17120188681480164,1
0.007811021714346022,0.3526603596383003,0.008115256199918656,-0.46022229964338074,0
0.014864228907112028,0.15742464657309022,-0.001089189792948959,-0.16499251414268312,0
0.01801272183857383,-0.03768169607433089,-0.004389040075802621,0.1273466044966285,0
0.017259087917087215,-0.23274049734518934,-0.0018421079858700518,0.4186416146063614,1
0.012604277970183427,-0.03759249109010135,0.0065307243062571775,0.1253785224378861,1
0.0118524281483814,0.15743529417975233,0.0090382947550149,-0.16523689768741429,0
0.015001134031976447,-0.03781486455028599,0.005733556801266615,0.13028360036612147,1
0.014244836740970728,0.1572244866816388,0.008339228808589044,-0.1605849612860445,0
0.017389326474603502,-0.03801585248142628,0.0051275295828681535,0.13471706920999715,1
0.016629009424974976,0.15703227931194202,0.007821870967068097,-0.15634379530714698,0
0.019769655011213815,-0.038200783897202994,0.004694995060925158,0.13879644765447052,1
0.019005639333269757,0.15685360885097802,0.007470924014014568,-0.15240159331204195,0
0.022142711510289317,-0.038374515780099455,0.0044228921477737285,0.1426288524501504,1
0.02137522119468733,0.15668381410310503,0.007275469196776737,-0.14865545453275436,0
0.02450889747674943,-0.03854156134067707,0.0043023601061216495,0.14631382742232918,1
0.023738066249935887,0.15651851416711882,0.007228636654568233,-0.14500868790884985,0
0.026868436533278264,-0.03870620796752136,0.0043284628963912355,0.1499459451591067,1
0.026094312373927838,0.15635349507627896,0.007327381799573369,-0.14136830437393044,1
0.029221382275453418,0.35136974142169186,0.00450001571209476,-0.4317305900618499,0
0.036248777103887256,0.1561843617737757,-0.004134596089142237,-0.13763248482943874,0
0.03937246433936277,-0.03887812638131399,-0.006887245785731012,0.1537431786918137,0
0.03859490181173649,-0.23390078949021487,-0.0038123822118947374,0.44424540107803895,1
0.03391688602193219,-0.038725105261406906,0.005072525809666042,0.1503631646273797,1
0.03314238391670406,0.15632384443056377,0.008079789102213636,-0.14071517969311792,0
0.036268860805315335,-0.03891288907611143,0.005265485508351277,0.15450579354029254,1
0.03549060302379311,0.15613327571968055,0.008355601379157128,-0.13651135228610123,0
0.038613268538186724,-0.03910735220174272,0.005625374333435103,0.15879588467602035,1
0.03783112149415187,0.1559336114013728,0.00880129202695551,-0.1321070803799676,0
0.04094979372217932,-0.039313300221172964,0.006159150419356158,0.16333949030553052,1
0.04016352771775586,0.15571994096270364,0.009425940225466767,-0.1273940437541875,0
0.04327792653700993,-0.03953576544515569,0.0068780593503830175,0.16824769023354325,1
0.042487211228106815,0.15548706232922963,0.010243013155053882,-0.12225749838900213,0
0.04559695247469141,-0.039780130031009886,0.007797863187273839,0.17363931801819532,1
0.04480134987407121,0.15522935469393398,0.011270649547637745,-0.11657346716301836,0
0.04790593696794989,-0.04005225601675341,0.008939180204377378,0.17964384530780098,1
0.04710489184761482,0.15494064245857556,0.012532057110533398,-0.11020573224721947,0
0.05020370469678633,-0.040358625300862205,0.010327942465589008,0.18640449387077707,1
0.04939653219076909,0.15461404706455692,0.01405603234300455,-0.10300255593725477,0
0.052488813132060226,-0.04070649272853394,0.011995981224259454,0.19408164925331833,1
0.051674683277489544,0.154241823283196,0.015877614209325822,-0.0947930508046817,1
0.05475951974315346,0.34913264903248686,0.013981753193232188,-0.38242461897317803,0
0.061742172723803196,0.1538149936781744,0.006333260813768627,-0.08536627086774917,0
0.06481847259736669,-0.04139716539486213,0.004625935396413644,0.20930806149535602,1
0.06399052928946944,0.15365833638989715,0.008812096626320765,-0.08191204049618317,0
0.06706369601726739,-0.041588819613979866,0.007173855816397101,0.21353804530903364,1
0.06623191962498778,0.15342983631645826,0.011444616722577773,-0.07687331573908363,0
0.06930051635131695,-0.04185429565077317,0.0099071504077961,0.21939834265957148,1
0.06846343043830148,0.15312464681938673,0.01429511726098753,-0.07014306346503757,1
0.07152592337468922,0.34803876743273765,0.012892255991686778,-0.35828175047640376,0
0.07848669872334396,0.1527359324866829,0.005726620982158702,-0.06156162545801924,0
0.08154141737307762,-0.04246765548863532,0.004495388472998317,0.23292257272730116,1
0.08069206426330491,0.15258977566478435,0.00915383992754434,-0.058338977882016085,0
0.08374385977660061,-0.04266222019595728,0.007987060369904018,0.23721793681792813,1
0.08289061537268146,0.15234471801256355,0.01273141910626258,-0.0529349696843715,0
0.08593750973293272,-0.04295744966250328,0.01167271971257515,0.2437374759948907,1
0.08507836073968265,0.15199584586858902,0.016547469232472963,-0.04524084372460019,1
0.08811827765705443,0.3468766543412127,0.01564265235798096,-0.3326573018959334,0
0.09505581074387869,0.15153558709653592,0.008989506320062294,-0.035082796938025684,0
0.0980865224858094,-0.04371411457560673,0.00828785038130178,0.2604228011364091,1
0.09721224019429726,0.15128855049231205,0.013496306404029962,-0.02963455058033282,0
0.10023801120414351,-0.04402431945968957,0.012903615392423306,0.267275866155694,1
0.09935752481494972,0.15091112005355822,0.018249132715537186,-0.021309392757878742,1
0.10237574721602088,0.3457666704567383,0.01782294486037961,-0.3081791028072625,0
0.10929108062515565,0.1503953581797866,0.011659362804234361,-0.00992901063621876,0
0.11229898778875139,-0.044891846678820124,0.011460782591509986,0.2864096612625776,1
0.11140115085517499,0.15006479808743048,0.01718897581676154,-0.002636704178827831,1
0.1144024468169236,0.34493607038531343,0.01713624173318498,-0.2898471210202962,0
0.12130116822462987,0.14957401021145805,0.011339299312779057,0.008190752628952302,0
0.12429264842885904,-0.04570871127845397,0.011503114365358103,0.3044296855752218,1
0.12337847420328996,0.1492474355579175,0.01759170807686254,0.015396653835617224,1
0.1263634229144483,0.3441127399778511,0.017899641153574886,-0.2716843800813379,0
0.1332456777140053,0.14874000522963393,0.012465953551948128,0.026589989132355885,0
0.13622047781859797,-0.046558478315457785,0.012997753334595246,0.32317984812856365,1
0.13528930825228883,0.1483760019363336,0.01946135029716652,0.03462405869326801,1
0.1382568282910155,0.34321354329163656,0.02015383147103188,-0.2518556340799957,0
0.14512109915684823,0.14780968868148245,0.015116718789431965,0.04711544879335011,1
0.1480772929304779,0.3427116511607257,0.016059027765298967,-0.2407599459573797,0
0.15493152595369242,0.14736402362764028,0.011243828846151372,0.05694486338895105,0
0.15787880642624522,-0.047917325014263934,0.012382726113930393,0.35315398643416884,1
0.15692045992595993,0.1470263775432837,0.01944580584261377,0.06440127907202997,1
0.15986098747682562,0.3418642061917167,0.02073383142405437,-0.22208350213571643,0
0.16669827160065995,0.1464521302044494,0.016292161381340042,0.07706691926667697,1
0.16962731420474894,0.3413367790095324,0.01783349976667358,-0.21043157441551363,0
0.1764540497849396,0.14596443990096908,0.01362486827836331,0.08782310526419534,0
0.17937333858295898,-0.049350132333763536,0.015381330383647217,0.38477335816357566,1
0.1783863359362837,0.1455501107986297,0.02307679754691873,0.09697950851015169,1
0.1812973381522563,0.34033384753869195,0.025016387717121762,-0.18833432634087083,0
0.18810401510303013,0.14486308903752737,0.021249701190304345,0.11213411999486605,1
0.19100127688378069,0.3396742052002476,0.023492383590201664,-0.17376963955031643,0
0.19779476098778564,0.14422404606017492,0.020016990799195333,0.1262308278285647,1
0.20067924190898914,0.3390536009118269,0.022541607355766626,-0.1600703558829486,0
0.2074603139272257,0.14361630808331605,0.019340200238107653,0.13963777805429434,1
0.21033264008889202,0.33845599766898,0.02213295579919354,-0.14688143475390597,0
0.2171017600422716,0.14302420085086043,0.019195327104115423,0.15270101935513275,1
0.21996224405928883,0.3378661148552702,0.02224934749121808,-0.13386493001922195,0
0.22671956635639423,0.1424326474915698,0.01957204889083364,0.16575348292121778,1
0.22956821930622562,0.33726904274062935,0.022887118549257998,-0.1206913204622605,0
0.2363136001610382,0.14182678624581604,0.020473292140012787,0.17912351060168819,1
0.23915013588595452,0.33664986898433535,0.02405576235204655,-0.1070311423378224,0
0.24588313326564123,0.14119159941488546,0.0219151395052901,0.19314314734990395,1
0.24870696525393896,0.33599330899346147,0.02577800245228818,-0.09254671598621511,0
0.2554268314338082,0.14051154530303747,0.02392706813256388,0.20815640432436783,1
0.25823706233986893,0.3352833321140785,0.028090196219051237,-0.07688376224492899,0
0.2649427289821505,0.13977018541513453,0.026552520974152657,0.22452769349201768,1
0.26773813269045316,0.3345027758600426,0.03104307484399301,-0.05966270416140396,0
0.274428188207654,0.13894979979712477,0.029849820760764933,0.24265063273668058,1
0.2772071842035965,0.333632940773983,0.03470283341549854,-0.040469445525314895,0
0.2838798430190762,0.13803098429424662,0.033893444504992244,0.26295742163717895,1
0.28664046270496113,0.3326531592121973,0.03915259293773582,-0.01884541040100851,1
0.2932935258892051,0.5271923827701605,0.03877568472971565,-0.29892269203378563,0
0.3038373735446083,0.3315397823305375,0.032797230889039936,0.005732800381456182,0
0.31046816919121906,0.13596319677185065,0.03291188689666906,0.3085805699932285,1
0.3131874331266561,0.33060112005071346,0.03908349829653363,0.0264561415240534,1
0.31979945552767036,0.5251414213639451,0.0396126211270147,-0.2536438423048242,0
0.33030228395494926,0.32947690075535013,0.034539744280918216,0.05126576213181416,0
0.33689182197005624,0.13387714902609807,0.0355650595235545,0.3546430609953536,1
0.3395693649505782,0.3284758354487176,0.04265792074346157,0.07338354229836436,1
0.3461388816595526,0.5229610958568542,0.04412559158942886,-0.20554133476023484,0
0.3565981035766897,0.32723682474916627,0.04001476489422416,0.10072801642591334,1
0.363142840071673,0.5217631355868058,0.04202932522274243,-0.1790666754083869,0
0.37357810278340914,0.3260657260130314,0.03844799171457469,0.12657319178316795,1
0.38009941730366975,0.5206163876982289,0.04097945555023805,-0.15373620688750833,0
0.3905117450576343,0.3249323650746394,0.03790473141248788,0.1515879882466229,1
0.3970103923591271,0.5194916329738206,0.04093649117742034,-0.12889996353752936,0
0.4074002250186035,0.32380789282336775,0.038358491906669755,0.1764117036930577,1
0.4138763828750709,0.5183604953956843,0.041886725980530906,-0.10392790049290973,0
0.42424359278298457,0.3226640792777606,0.039808167970672714,0.20167034636733533,1
0.43069687436853976,0.5171947606990497,0.043841574898019424,-0.07819399261019211,0
0.44104076958252075,0.3214726327239964,0.042277695045815585,0.22799239313460157,1
0.44747022223700067,0.5159657037980998,0.04683754290850761,-0.05106058423636928,0
0.45778953631296265,0.3202045350776937,0.045816331223780225,0.2560243420392186,1
0.46419362701451655,0.5146434171002964,0.0509368180645646,-0.021862629953012913,0
0.4744864953565225,0.3188293863545061,0.05049956546550434,0.28644640976796426,1
0.4808630830836126,0.513196133264624,0.056228493660863625,0.010108529475085948,1
0.49112700574890505,0.7074684942462331,0.056430664250365345,-0.2643170008305511,0
0.5052763756338298,0.5115883988433655,0.051144324233754326,0.045617254499439985,0
0.5155081436106971,0.31577179115725496,0.05205666932374313,0.3539879724241672,1
0.5218235794338422,0.510116381847206,0.059136428772226475,0.07816373691586076,1
0.5320259070707862,0.7043429162481595,0.06069970351054369,-0.19529081012463956,0
0.5461127653957494,0.50840759447165,0.0567938873080509,0.11590565898280836,1
0.5562809172851824,0.7026717324795182,0.05911200048770707,-0.15833229051190262,0
0.5703343519347728,0.5067554796393934,0.055945354677469014,0.15239761502451676,1
0.5804694615275606,0.701033586326267,0.05899330697795935,-0.12212425757660084,0
0.594490133254086,0.5051182361344743,0.05655082182642733,0.18857151989548165,1
0.6045924979767754,0.6993874441211755,0.060322252224336965,-0.08574938079604416,0
0.6185802468591989,0.5034550172028764,0.05860726460841608,0.22533869497900227,0
0.6286493472032564,0.3075465579467094,0.06311403850799613,0.5359175203858738,1
0.6348002783621906,0.5017269142018151,0.0738323889157136,0.26377012515576664,1
0.6448348166462269,0.6957216136758306,0.07910779141882893,-0.004742146847825757,1
0.6587492489197435,0.8896251680139096,0.07901294848187242,-0.27145442000613845,0
0.6765417522800217,0.6934698592506856,0.07358386008174965,0.04506620950836937,1
0.6904111494650353,0.8874637414763324,0.07448518427191704,-0.2235230347629607,0
0.7081604242945619,0.691360599526137,0.07001472357665783,0.09169446459546143,1
0.7219876362850847,0.8854127988415916,0.07184861286856706,-0.17810316866529002,0
0.7396958922619165,0.6893401313833496,0.06828654949526125,0.13635235372481214,1
0.7534826948895834,0.8834209155071155,0.07101359656975749,-0.13402968303901053,0
0.7711511131997257,0.6873574143181229,0.06833300290897727,0.1801847834078078,1
0.7848982614860882,0.8814383736232096,0.07193669857713343,-0.09018296698881367,0
-0.001882642753141997,0.02411668300664302,0.04334862360422691,0.047882950782729,1
-0.0014003090930091366,0.21859110438730917,0.04430628261988149,-0.23081414173359208,1
0.002971512994737047,0.41305285827814014,0.03968999978520965,-0.5091987305583128,1
0.01123257016029985,0.6075938196345076,0.029506025174043396,-0.7891145615266786,0
0.023384446552990004,0.4120793283308427,0.013723733943509824,-0.4872969645676239,0
0.03162603311960686,0.21676645407211068,0.003977794652157347,-0.19032059066617973,0
0.03596136220104907,0.021587822597360057,0.00017138283883375233,0.10361450888097462,1
0.03639311865299627,0.21670731731194445,0.002243673016453245,-0.1890143423382329,0
0.04072726499923516,0.0215533387333621,-0.001536613830311413,0.10437552802945427,0
0.0411583317739024,-0.17354655785449144,0.0005508967302776725,0.39657326312319174,1
0.03768740061681257,0.021567572895093395,0.008482361992741508,0.10406407504030463,1
0.038118752074714435,0.21656694349992342,0.0105636434935476,-0.18593067368770538,0
0.0424500909447129,0.02129545608203051,0.006845030019793492,0.11006586817565067,1
0.04287600006635351,0.21631865491932536,0.009046347383306504,-0.18044965371998817,0
0.04720237316474002,0.021068429429398794,0.005437354308906741,0.1150732905199554,1
0.047623741753327994,0.21611205088247404,0.007738820119305849,-0.17588924255800326,0
0.05194598277097748,0.02088020718035674,0.004221035268145783,0.1192249442146775,1
0.05236358691458461,0.21594142753427323,0.0066055341524393334,-0.1721232990617424,0
0.05668241546527008,0.02072556021759761,0.0031630681712044853,0.12263612645219946,1
0.05709692666962203,0.21580205231441954,0.0056157907002484745,-0.16904720739733242,0
0.06141296771591042,0.020600171140293888,0.002234846552301826,0.12540203108699888,1
0.061824971138716295,0.21569003448743818,0.004742887174041804,-0.16657498880661964,0
0.06613877182846506,0.020500514011265125,0.0014113873979094112,0.12760040242703524,0
0.06654878210869036,-0.1746416276792336,0.003963395446450116,0.4207282711755881,1
0.06305594955510568,0.020423943493432073,0.012377960869961879,0.1292974477652989,1
0.06346442842497432,0.21536641130754183,0.014963909825267857,-0.1594548257486475,0
0.06777175665112516,0.02003345908602433,0.011774813310294906,0.13791102449152803,1
0.06817242583284565,0.21498479868272358,0.014533033800125467,-0.15103399806711615,0
0.07247212180650012,0.019657793690666475,0.011512353838783143,0.146198130371945,1
0.07286527768031345,0.21461300503313385,0.014436316446222043,-0.14283075090196606,0
0.07715753778097613,0.019287310365535715,0.011579701428182721,0.15437139077777706,1
0.07754328398828685,0.2142415630859316,0.014667129243738263,-0.13463602639806,1
0.08182811525000548,0.4091503879424281,0.011974408715777063,-0.42265583558107944,0
0.09001112300885404,0.21386085827483148,0.0035212920041554734,-0.1262221502034891,0
0.09428834017435067,0.018688638800395063,0.0009968490000856916,0.167569621691746,0
0.09466211295035858,-0.17644756718631133,0.004348241433920612,0.46056685879800824,1
0.09113316160663235,0.018612654676255003,0.013559578609880777,0.16925767098542788,1
0.09150541470015744,0.2135379222683701,0.016944732029589335,-0.11911695732642441,0
0.09577617314552483,0.018177343810188845,0.014562392883060847,0.17886335466610448,1
0.09613972002172862,0.21308790885238837,0.018139659976382935,-0.10919030122384865,0
0.10040147819877639,0.01771077991758871,0.015955853951905963,0.18915994483455245,1
0.10075569379712816,0.2126008664547593,0.019739052848597012,-0.09844715104914809,1
0.10500771112622335,0.40743443703505433,0.01777010982761405,-0.38483766929561547,0
0.11315639986692444,0.21206477117419653,0.01007335644170174,-0.08660530185754522,0
0.11739769529040837,0.01679988652264,0.008341250404550835,0.20923868143982477,1
0.11773369302086117,0.21180158110615185,0.012526024033347332,-0.08080138566732781,0
0.12196972464298421,0.01650232897695275,0.010909996320000776,0.21580706556471058,1
0.12229977122252327,0.21146662505579797,0.015226137631294987,-0.07341449877834594,0
0.12652910372363924,0.01612973590046049,0.01375784765572807,0.22403318262369915,1
0.12685169844164845,0.21105237856521403,0.018238511308202053,-0.06427843121661453,0
0.13107274601295274,0.015673746859587445,0.01695294268386976,0.23410259919971527,1
0.1313862209501445,0.21054942330601598,0.021634994667864067,-0.05318498428367158,1
0.1355972094162648,0.4053545826656003,0.020571294982190635,-0.33896414648195944,0
0.1437043010695768,0.20994604778564188,0.013792012052551445,-0.03986582727269483,0
0.14790322202528963,0.014629063744815762,0.012994695507097549,0.257136507384466,1
0.14819580330018595,0.20956310278871995,0.01813742565478687,-0.03141953084001886,0
0.15238706535596033,0.01418581120503093,0.01750903503798649,0.2669303142456174,1
0.15267078158006095,0.2090535548517226,0.02284764132289884,-0.02017910416664681,1
0.1568518526770954,0.4038405217277071,0.022444059239565904,-0.3055666744001741,0
0.16492866311164953,0.2084060445322754,0.016332725751562423,-0.005890791571480092,0
0.16909678400229503,0.013053713048995635,0.01621490992013282,0.2919002305709987,1
0.16935785826327493,0.20794075837181483,0.022052914531552795,0.004375066622774482,1
0.17351667343071123,0.4027396106357691,0.022140415864008285,-0.2812691307472563,0
0.1815714656434266,0.20730895451800585,0.016515033249063157,0.018313757045518075,0
0.1857176447337867,0.011954100373072984,0.01688130838997352,0.31616127649447023,1
0.18595672674124816,0.2068315778887327,0.023204533919862925,0.028849580101177608,1
0.19009335829902282,0.4016132076339771,0.023781525521886476,-0.25642268710326144,0
0.19812562245170237,0.20615993535224242,0.01865307177982125,0.04366542914880445,0
0.20224882115874723,0.010775542206845679,0.019526380362797337,0.3421747193319134,1
0.20246433200288413,0.20561432302810378,0.026369874749435605,0.05571265338703024,1
0.20657661846344622,0.40034844086891086,0.02748412781717621,-0.2285351253155029,0
0.21458358728082444,0.20484472882679552,0.02291342531086615,0.07268900675590229,1
0.21868048185736036,0.3996308194233372,0.024367205445984197,-0.21267747422969913,0
0.2266730982458271,0.20416911064486576,0.020113655961390215,0.08759129960987327,1
0.2307564804587244,0.39899706444107763,0.02186548195358768,-0.19867850236323514,0
0.23873642174754595,0.20356930766829165,0.01789191190632298,0.10082099964926461,0
0.24280780790091178,0.008195568269238673,0.01990833189930827,0.3990946440972174,1
0.24297171926629654,0.203029524138845,0.02789022478125262,0.11275428694434309,1
0.24703230974907345,0.3977409624983208,0.03014531052013948,-0.17100062052029097,0
0.25498712899903986,0.20220080327801132,0.02672529810973366,0.13103773610232244,1
0.25903114506460007,0.3969299303118373,0.02934605283178011,-0.1530953455804585,0
0.2669697436708368,0.20140034384119065,0.02628414592017094,0.1486992532062984,1
0.2709977505476606,0.3961362407508448,0.029258130984296908,-0.13557704791082303,0
0.2789204753626775,0.20060769296229347,0.02654659002608045,0.16619091109725126,1
0.28293262922192336,0.3953397823092154,0.029870408248025473,-0.11800052424791346,0
0.29083942486810765,0.1998028682236457,0.027510397763067202,0.18395460118229162,1
0.29483548223258055,0.3945206070195031,0.031189489786713036,-0.09992445220503154,0
0.3027258943729706,0.19896586162606353,0.029191000742612404,0.2024332263930529,1
0.30670521160549186,0.39365844023434604,0.033239665270473465,-0.08090028963344387,0
0.31457838041017877,0.19807615276806528,0.031621659477804584,0.22208174808218006,1
0.31853990346554006,0.3927321892927368,0.03606329443944818,-0.06046111854382846,0
0.3263945472513948,0.19711222227738484,0.034854072068571613,0.24337835134444546,1
0.33033679169694247,0.39171944227486954,0.039721639095460524,-0.03811016642938525,0
0.33817118054243983,0.1960510578394219,0.03895943576687282,0.2668359863723701,1
0.34209220169922827,0.39059594909282985,0.04429615549432023,-0.013308736085904438,1
0.3499041206810849,0.5850555662610728,0.04402998077260214,-0.29169322824770244,0
0.36160523200630634,0.3893343756467307,0.03819611620764809,0.014544661262939351,0
0.36939191951924094,0.1936860524290782,0.03848700943290687,0.31903002005074144,1
0.3732656405678225,0.3882393331580898,0.0448676098339217,0.038728596344293875,1
0.3810304272309843,0.5826901226350472,0.045642181760807574,-0.23946739819950225,0
0.3926842296836852,0.3869468734582469,0.04085283379681753,0.06725584101197113,1
0.40042316715285015,0.5814600266950593,0.04219795061705695,-0.2122630550491731,0
0.41205236768675135,0.3857609506349315,0.03795268951607349,0.09342675757547642,0
0.41976758669944997,0.19011615814765892,0.03982122466758302,0.3978380278438426,1
0.42356990986240317,0.3846512058497148,0.04777798522445987,0.11797113191365899,1
0.43126293397939747,0.5790571947741084,0.05013740786273305,-0.15926369753438502,0
0.4428440778748796,0.3832546288548093,0.04695213391204535,0.1488053012745124,1
0.4505091704519758,0.5776738831016561,0.0499282399375356,-0.12870333466041506,0
0.46206264811400893,0.38187356850621634,0.047354173244327294,0.17930394536065247,1
0.46970011948413326,0.5762870157367995,0.05094025215154034,-0.09807239514739668,0
0.4812258597988692,0.38047339497682353,0.048978804248592404,0.2102369873469671,1
0.4888353276984057,0.5748620585513335,0.05318354399553175,-0.06660232349427542,0
0.5003325688694323,0.37901953885311174,0.05185149752564624,0.24237469205993117,1
0.5079129596464945,0.573363968086527,0.056698991366844864,-0.03351264673673804,0
0.519380239008225,0.3774767027639475,0.056028738432110106,0.276506651003068,1
0.526929773063504,0.5717563983613229,0.06155887145217147,0.0020082349328071625,1
0.5383649010307304,0.7659439578208579,0.06159903615082761,-0.27063449418334123,0
0.5536837801871476,0.569999551813605,0.056186346267160785,0.04082333231348234,0
0.5650837712234197,0.3741187917849976,0.05700281291343043,0.35069090736593245,1
0.5725661470591197,0.5683857067777868,0.06401663106074908,0.07651358599639374,1
0.5839338611946754,0.7625342989465002,0.06554690278067696,-0.1953047344372263,0
0.5991845471736054,0.5665389638704751,0.06164080809193243,0.11731393223658199,1
0.6105153264510149,0.7607260410876473,0.06398708673666408,-0.15530256195733388,0
0.6257298472727678,0.5647490607682992,0.060881035497517395,0.15686068430999833,1
0.6370248284881338,0.758948901903781,0.06401824918371736,-0.11601142340400705,0
0.6522038065262095,0.5629708710670549,0.06169802071563722,0.19616195250448093,1
0.6634632239475505,0.7571585214494023,0.06562125976572684,-0.07643758419995023,0
0.6786063943765386,0.5611602058517131,0.06409250808172784,0.2362059249205084,1
0.6898295984935728,0.7553107014054273,0.06881662658013801,-0.03559156817897274,0
0.7049358125216814,0.5592728402012466,0.06810479521655856,0.2779853349147509,1
0.7161212693257063,0.7533604482483869,0.07366450191485358,0.00753616883596292,0
0.731188478290674,0.557263583167248,0.07381522529157283,0.32252152535885703,1
0.742333749954019,0.7512610380298883,0.08026565579874997,0.05399973078936232,1
0.7573589707146168,0.9451458254434668,0.08134565041453722,-0.21231834295170016,0
0.7762618872234861,0.7489607511591655,0.07709928355550322,0.1048754254137893,1
0.7912411022466694,0.9428980031686467,0.079196792063779,-0.16252152569562295,0
0.8100990623100424,0.7467368734778415,0.07594636154986655,0.15405741428644198,1
0.8250337997795992,0.940693882966634,0.07902750983559538,-0.11373269480517051,0
0.843847677438932,0.7445337249875721,0.07675285593949197,0.20279911530582717,1
0.8587383519386834,0.9384788866797336,0.08080883824560851,-0.064718958709584,0
0.8775079296722781,0.7422969207604336,0.07951445907141684,0.252325651879918,1
0.8923538680874867,0.9361987376519962,0.0845609721090152,-0.014255467685857337,0
0.9110778428405266,0.7399722714274728,0.08427586275529805,0.30386382016958274,1
0.9258772882690761,0.9337983897306306,0.09035313915868971,0.03890429228901088,0
0.9445532560636887,0.7375047522518887,0.09113122500446993,0.3586714001791471,1
0.9593033511087264,0.9312210031176695,0.09830465300805288,0.0960582952476568,1
0.9779277711710799,1.1248066251399602,0.10022581891300603,-0.16406314647870013,0
1.0004239036738791,0.9284033998555099,0.09694455598343202,0.15848032807173568,1
1.0189919716709894,1.122013366288361,0.10011416254486673,-0.10211391825142024,0
1.0414322389967567,0.9256097804406737,0.09807188417983832,0.22040072155393725,0
1.0599444346055702,0.7292327368094189,0.10247989861091707,0.5423377785226315,0
1.0745290893417585,0.5328310951071138,0.1133266541813697,0.8654709991326253,1
1.0851857112439007,0.7262433168461386,0.1306360741640222,0.6104604235670522,1
1.0997105775808236,0.9193206286692426,0.14284528263536325,0.361610063122318,1
1.1180969901542084,1.1121539313859967,0.15007748389780962,0.1171599717703023,1
1.1403400687819283,1.304842545095178,0.15242068333321565,-0.12466673778684625,0
1.1664369196838318,1.1079028539757643,0.14992734857747872,0.21195632141897028,1
1.188594976763347,1.3005986828917475,0.15416647500585812,-0.02993121849284125,1
1.214606950421182,1.493212338459828,0.15356785063600129,-0.27027945159265876,0
1.2444711971903786,1.2962705423276684,0.1481622616041481,0.06662841028724514,1
1.270396608036932,1.488991929944154,0.149494829809893,-0.1758859894450817,0
1.300176446635815,1.2920819097738354,0.14597711002099137,0.1599726232760911,1
1.3260180848312917,1.4848451507496179,0.1491765624865132,-0.08333195558799866,0
1.355714987846284,1.2879346561067737,0.14750992337475324,0.25244881796065965,0
1.3814736809684194,1.091048092557317,0.15255889973396644,0.5877822313973333,1
1.4032946428195656,1.2837415214439565,0.16431454436191312,0.34677769612835574,1
1.4289694732484448,1.4761915537732393,0.17125009828448023,0.1100822822574114,0
1.4584933043239097,1.2790822245469127,0.17345174392962845,0.45152325425156037,1
1.484074948814848,1.4713814492728288,0.18248220901465967,0.21814211058877056,1
1.5135025778003044,1.663489564354937,0.18684505122643508,-0.011882985367122262,0
1.5467723690874031,1.4662479506066601,0.18660739151909264,0.3334433825640317,1
1.5760973280995363,1.6582918307799157,0.19327625917037328,0.10492330464766922,0
1.6092631647151345,1.4610011760870405,0.19537472526332667,0.45181912412962566,1
1.6384831882368753,1.652901396223216,0.20441110774591917,0.2265205874573165,0
1.6715412161613397,1.4555340986137517,0.2089415194950655,0.5760871841717965,1
0.0348489990075751,-0.03859350224862802,-0.04857691586915447,0.008795901943029073,0
0.03407712896260254,-0.23298635060298623,-0.04840099783029389,0.2857652109072764,0
0.029417401950542814,-0.42738580211256905,-0.042685693612148363,0.5627985584247279,0
0.020869685908291434,-0.6218835928510029,-0.0314297224436538,0.8417337104402645,0
0.008432014051271376,-0.8165627475908869,-0.014595048234848512,1.124369405198983,1
-0.007899240900546363,-0.6212525562182418,0.007892339869131147,0.8271445288067474,1
-0.0203242920249112,-0.42623940886902434,0.024435230445266094,0.5369542419531639,1
-0.028849080202291686,-0.23146939007003098,0.03517431528432937,0.2520696723203092,1
-0.03347846800369231,-0.03686690398628392,0.04021570873073555,-0.02931438263456243,1
-0.03421580608341799,0.15765594319608614,0.039629421078044305,-0.30904250176950715,1
-0.031062687219496267,0.35219149385205517,0.03344857104265416,-0.5889687200976861,0
-0.024018857342455163,0.15661752104617635,0.02166919664070044,-0.2859398064354731,0
-0.020886506921531635,-0.03880665927371174,0.015950400511990977,0.013497890326870154,1
-0.02166264010700587,0.15608295378314244,0.01622035831852838,-0.27411012396592377,0
-0.01854098103134302,-0.03926663096222924,0.010738155839209906,0.023644282874095535,1
-0.019326313650587606,0.15569969218211246,0.011211041496691816,-0.2656313839776681,0
-0.016212319806945357,-0.03958046071904081,0.005898413817138453,0.030566414523503116,0
-0.017003929021326174,-0.23478649955501546,0.006509742107608516,0.32510450279725256,1
-0.021699659012426483,-0.03975783840266975,0.013011832163553567,0.03448156021877585,1
-0.022494815780479877,0.15517512549093684,0.013701463367929085,-0.2540677625111073,0
-0.01939131327066114,-0.04013975459045263,0.00862010811770694,0.042905162374618944,1
-0.02019410836247019,0.1548575330864524,0.009478211365199319,-0.24704562166723348,0
-0.017096957700741145,-0.04039849360343564,0.004537298931854649,0.04861181504750384,0
-0.01790492757280986,-0.2355852109541632,0.005509535232804726,0.34272283864400055,1
-0.022616631791893126,-0.04054207478178998,0.012363992005684738,0.05178236993546714,1
-0.023427473287528925,0.154400428697161,0.01339963940439408,-0.23697411413377717,0
-0.020339464713585706,-0.04091037004741621,0.008660157121718536,0.05990515938331026,1
-0.02115767211453403,0.15408634832176601,0.00985826030938474,-0.23003289555056067,0
-0.01807594514809871,-0.04117507821530289,0.005257602398373527,0.06574329355097558,1
-0.018899446712404767,0.15387110035185525,0.006572468269393039,-0.22527620266936998,0
-0.015822024705367664,-0.04134416453169171,0.002066944216005639,0.06947266185320156,0
-0.016648907996001498,-0.23649568793383602,0.0034563974530696703,0.36280700282015077,1
-0.02137882175467822,-0.04142303277440129,0.010712537509472686,0.07121594676056209,1
-0.022207282410166243,0.15354371267320255,0.012136856444683927,-0.21806796521897115,0
-0.019136408156702193,-0.04174961385082471,0.007775497140304503,0.07841859751384628,1
-0.019971400433718686,0.15326001384124013,0.009343869090581429,-0.21180102847298826,0
-0.016906200156893883,-0.041994278079105274,0.005107848521121664,0.08381468160935684,1
-0.01774608571847599,0.15305408304814447,0.006784142153308801,-0.20725234252870045,0
-0.0146850040575131,-0.04216421800196182,0.0026390953027347923,0.08756289293485126,1
-0.015528288417552336,0.1529198052269001,0.004390353161431817,-0.20428622974627186,0
-0.012469892313014333,-0.042264655237555626,0.0003046285665063795,0.08977839897302364,0
-0.013315185417765446,-0.23739097155583588,0.0021001965459668524,0.38255742066703047,1
-0.018063004848882163,-0.042298903237017876,0.009751344959307462,0.09053742090697109,1
-0.01890898291362252,0.152681929694462,0.011562093377446883,-0.19905307325747335,0
-0.01585534431973328,-0.04260346703504911,0.007581031912297417,0.09725462216455877,1
-0.01670741366043426,0.15240901514888316,0.009526124355588592,-0.19302689329390144,0
-0.013659233357456597,-0.042847903622169975,0.005665586489710563,0.10264583392366494,1
-0.014516191429899997,0.1521923966862019,0.0077185031681838625,-0.1882442476045778,0
-0.011472343496175959,-0.04303912689927547,0.003953618216092306,0.10686353198554172,1
-0.012333126034161469,0.1520259451860282,0.006090888855803141,-0.18456942860723208,0
-0.009292607130440904,-0.04318262380533605,0.0023995002836584996,0.11002870362658035,1
-0.010156259606547625,0.15190486135345496,0.004600074356190106,-0.18189622927855342,0
-0.007118162379478526,-0.04328261003204292,0.0009621497706190376,0.11223429717087141,1
-0.007983814580119384,0.151825541168461,0.0032068357140364657,-0.18014492217755612,0
-0.0049473037567501635,-0.04334215206452016,-0.000396062729514657,0.11354792045873524,0
-0.005814146798040567,-0.23845842590788086,0.001874895679660048,0.40610586582905756,1
-0.010583315316198185,-0.04336311188441688,0.0099970129962412,0.11401462815481983,1
-0.011450577553886523,0.15161417811052738,0.012277305559337596,-0.17549761953219017,0
-0.008418293991675976,-0.04368130720050287,0.008767353168693792,0.12103296787483614,1
-0.009291920135686034,0.1513139423875136,0.011188012526190515,-0.16887109632026592,0
-0.006265641287935762,-0.043966348172094605,0.007810590599785196,0.12732021410946892,1
-0.007144968251377654,0.1510428453622446,0.010356994881974575,-0.16288836349938718,0
-0.004124111344132762,-0.04422582903191358,0.007099227611986831,0.1330438408265665,1
-0.005008627924771034,0.1507937157223195,0.00976010442851816,-0.15739094935238296,0
-0.0019927536103246436,-0.04446660394930907,0.0066122854414705015,0.1383550050899533,1
-0.002882085689310825,0.15056001975066172,0.009379385543269567,-0.15223453746744298,0
0.00012911470570240932,-0.044694968801576945,0.006334694793920707,0.1433925615170581,1
-0.0007647846703291296,0.15033569048184783,0.00920254602426187,-0.1472851699190071,0
0.002241929139307827,-0.044916826637985546,0.006256842625881727,0.14828671470119958,1
0.0013435926065481162,0.15011497020862422,0.009222576919905719,-0.14241575451735167,0
0.0043458920107206,-0.045137841129070155,0.006374261829558686,0.15316240619842036,1
0.003443135188139197,0.14989226238806608,0.009437509953527093,-0.13750278557781154,0
0.006440980435900519,-0.04536358196037296,0.0066874542419708615,0.15814252470062007,1
0.00553370879669306,0.14966198922337123,0.009850304735983263,-0.13242319375029094,0
0.008526948581160484,-0.04559966588117162,0.007201840860977444,0.16335102232214332,1
0.007614955263537051,0.14941845135191473,0.010468861307420311,-0.12705124446817717,1
0.010603324290575346,0.3443888761448747,0.007927836418056767,-0.4164130666611778,0
0.01749110181347284,0.14915547188110562,-0.0004004249151667895,-0.12124140362655295,0
0.020474211251094953,-0.04596074011308143,-0.0028252529876978483,0.1713151659790984,1
0.019554996448833323,0.14920153427288643,0.0006010503318841197,-0.12225770052707463,0
0.02253902713429105,-0.04592902296311219,-0.001844103678657373,0.1706147912439906,1
0.021620446675028805,0.14921927441114147,0.001568192146222439,-0.12264932325846284,0
0.024604832163251635,-0.04592510881216161,-0.0008847943189468177,0.1705279399503899,1
0.0236863299870084,0.1492094953662178,0.0025257644800609803,-0.12243398124056454,0
0.026670519894332757,-0.04594855082224261,7.708485524968948e-05,0.1710447282541716,1
0.025751548877887904,0.14917229700301898,0.0034979794203331216,-0.12161387966673287,0
0.028734994817948285,-0.04599959474018228,0.0010657018269984641,0.1721705707302748,1
0.02781500292314464,0.1491070873732737,0.00450911324160396,-0.12017596997211705,0
0.030797144670610115,-0.046079176339505645,0.0021055938421616193,0.17392612399252316,1
0.029875561143820003,0.14901257652495647,0.005584116322012082,-0.1180918124640537,0
0.03285581267431913,-0.04618893608105923,0.003222280072731008,0.17634761299118706,1
0.03193203395269795,0.14888675280436675,0.006749232332554749,-0.11531705252012625,0
0.034909769008785285,-0.04633125111461217,0.004442891282152224,0.17948754317685284,1
0.03398314398649304,0.14872684129242908,0.008032642145689281,-0.11179050196861956,0
0.036957680812341624,-0.04650928514693978,0.00579683210631689,0.1834158111705958,1
0.03602749510940283,0.14852924358467312,0.009465148329728806,-0.1074328073979916,0
0.03899807998109629,-0.04672705710274527,0.007316492181768974,0.18822123617214892,1
0.038063538839041386,0.14828945768736446,0.011080916905211952,-0.10214467695751944,0
0.041029327992788675,-0.046989529905729355,0.009038023366061562,0.19401354426808892,1
0.04008953739467409,0.14800197635594314,0.01291829425142334,-0.09580462647403581,1
0.04304957692179295,0.3429364164250599,0.011002201721942625,-0.3843840157074925,0
0.04990830525029415,0.1476600057047456,0.003314521407792775,-0.08825254582877701,0
0.05286150536438906,-0.04750929818089186,0.0015494704912172351,0.205474269405667,1
0.05191131940077122,0.14759046094872344,0.005658955879330575,-0.08671947384146067,0
0.05486312861974569,-0.047612147333631755,0.003924566402501361,0.2077434743990058,1
0.053910885673073054,0.1474534658445068,0.008079435890481478,-0.08369887247783325,0
0.05685995498996319,-0.04778336354111862,0.006405458440924813,0.21152214156419363,1
0.05590428771914082,0.14724642063389673,0.010635901272208686,-0.07913334127605115,0
0.05884921613181875,-0.048026372233762604,0.009053234446687663,0.21688617690657125,1
0.0578886886871435,0.1469649955569378,0.013390957984819088,-0.07292727401897947,1
0.06082798859828226,0.34189243582564827,0.011932412504439499,-0.3613553953624403,0
0.06766583731479522,0.1466029271349566,0.004705304597190692,-0.06493394040310801,0
0.07059789585749436,-0.04858616848426947,0.003406625789128532,0.2292298163796913,1
0.06962617248780897,0.14648693610699842,0.007991222116722358,-0.06237659658196759,0
0.07255591120994895,-0.048748673469782594,0.006743690185083006,0.23281686137437574,1
0.0715809377405533,0.14627627395318055,0.011400027412570521,-0.0577312779839908,0
0.0745064632196169,-0.049007262177988065,0.010245401852890705,0.23852652750468534,1
0.07352631797605715,0.1459668364850961,0.015015932402984412,-0.05090717560705632,1
0.07644565470575906,0.34087029223819787,0.013997788890843285,-0.3388148817661184,0
0.08326306055052302,0.14555198618603465,0.007221491255520917,-0.04175090939872644,0
0.08617410027424371,-0.04967277096932313,0.006386473067546388,0.2532016906243133,1
0.08518064485485725,0.14535740878190034,0.011450506880032654,-0.037460002677146,0
0.08808779303049526,-0.04992685601393279,0.010701306826489733,0.2588135667931966,1
0.0870892559102166,0.1450407002046972,0.015877578162353665,-0.030474898070081247,1
0.08999006991431055,0.3399314016886773,0.01526808020095204,-0.3181062906278886,0
0.09678869794808409,0.14459535675932836,0.008905954388394269,-0.020647733105565003,0
0.09968060508327066,-0.05065317530472202,0.008492999726282969,0.2748317662918676,1
0.09866754157717622,0.14434657640988857,0.013989635052120322,-0.015160400289856435,1
0.101554473105374,0.3392651340053905,0.013686427046323193,-0.30339680798373386,0
0.1083397757854818,0.14395082982124416,0.007618490886648515,-0.006429106803994722,0
0.11121879238190668,-0.0512795480575908,0.007489908750568621,0.2886477761250565,1
0.11019320142075487,0.1437347992643246,0.01326286427306975,-0.0016635272686299496,1
0.11306789740604135,0.33866405515577813,0.01322959372769715,-0.2901325271379422,0
0.11984117850915692,0.14335598183857814,0.007426943184938307,0.00669333288138535,0
0.12270829814592848,-0.051871690437434004,0.007560809842566014,0.30171026606189766,1
0.1216708643371798,0.14314168759783336,0.013595015163803969,0.011421416962632436,0
0.12453369808913647,-0.05217256906487247,0.013823443503056618,0.3083625395754324,1
0.12349024670783902,0.14274971610197135,0.019990694294565268,0.0200710097608488,1
0.12634524102987846,0.3375793594748445,0.020392114489782245,-0.2662381900509158,0
0.13309682821937535,0.14217239151894454,0.015067350688763928,0.032806186871185194,1
0.13594027604975426,0.3370750660050546,0.01572347442618763,-0.25508500615099583,0
0.14268177736985535,0.14173218585041678,0.010621774303167714,0.042515605213619134,0
0.1455164210868637,-0.05354045499959914,0.011472086407440097,0.3385307862687869,1
0.1444456119868717,0.14141638945470256,0.018242702132815834,0.049487482321398546,1
0.14727393977596576,0.33627207086258804,0.019232451779243806,-0.23738434877122266,0
0.15399938119321752,0.14088071102421224,0.014484764803819352,0.06130248033615515,1
0.15681699541370175,0.33579201964121785,0.015710814410542454,-0.22677544065993632,0
0.1635328358065261,0.14044910539034086,0.011175305597343727,0.07082155855922434,0
0.16634181791433292,-0.05483126361988297,0.012591736768528212,0.367009292672596,1
0.16524519264193527,0.14010951594076623,0.019931922621980132,0.07832317697407098,0
0.16804738296075059,-0.05529241377085811,0.02149838616146155,0.37722744853236184,1
0.16694153468533343,0.13951771141516836,0.029042935132108788,0.09139982492102433,1
0.1697318889136368,0.3342116023740801,0.030870931630529275,-0.19198043050553149,0
0.17641612096111842,0.13866193980608507,0.027031323020418645,0.11027891557665132,1
0.17918935975724012,0.3333863233329953,0.02923690133195167,-0.1737547123117142,0
0.18585708622390004,0.137858398117565,0.025761807085717386,0.12800625647118413,1
0.18861425418625133,0.33260200764517717,0.02832193221514107,-0.15643909541925144,0
0.19526629433915488,0.13708624402923217,0.02519315030675604,0.14504247073939802,1
0.1980080192197395,0.3318385158870525,0.028093999721544003,-0.13958723304971848,0
0.20464478953748055,0.13632568976897608,0.025302255060549634,0.16182482846294244,1
0.20737130333286008,0.3310764498476232,0.028538751629808484,-0.12276973718435213,0
0.21399283232981253,0.13555750168326033,0.026083356886121442,0.17877851543074186,1
0.21670398236347774,0.33029667015165,0.02965892719473628,-0.10556323863072808,0
0.22330991576651074,0.13476252013133927,0.02754766242212172,0.1963274406210876,1
0.22600516616913752,0.3294798237828548,0.03147421123454347,-0.08753970904692276,1
0.23259476264479462,0.5241368170492541,0.029723417053605015,-0.3701286962809338,0
0.2430774989857797,0.3286054480262994,0.022320843127986337,-0.06822379654536187,0
0.2496496079463057,0.13317071432990568,0.0209563671970791,0.23141706288514274,1
0.2523130222329038,0.3279870440248023,0.025584708454781953,-0.05458254498882997,0
0.25887276311339985,0.1325077657128422,0.024493057555005353,0.24606149419044443,1
0.2615229184276567,0.3272714901519922,0.029414287438814243,-0.03879622738379046,0
0.26806834823069653,0.1317403564559369,0.028638362891138434,0.26302015565831544,1
0.27070315535981526,0.32644206764831335,0.03389876600430474,-0.02049412717885246,1
0.27723199671278154,0.5210618893581555,0.03348888346072769,-0.3022918151623896,0
0.2876532344999446,0.3254790463757342,0.027443047157479895,0.0007618457876658602,0
0.2941628154274593,0.12997449013927057,0.027458284073233214,0.30197550133023077,1
0.2967623052302447,0.3246945502674997,0.03349779409983783,0.018077233326848907,1
0.3032561962355947,0.5193204902784596,0.03385933876637481,-0.26385138959783894,0
0.3136426060411639,0.32373201796676115,0.02858231097441803,0.0393159035402571,0
0.3201172464004991,0.1282121052490606,0.02936862904522317,0.3408780388073003,1
0.3226814885054803,0.3229041546865504,0.036186189821369175,0.057599035186623126,1
0.3291395715992113,0.5174890774312962,0.03733817052510164,-0.2234508536122406,0
0.33948935314783724,0.321853905675741,0.03286915345285683,0.08077224245805237,1
0.34592643126135203,0.5164896328985142,0.034484598302017874,-0.2013618608225473,0
0.3562562239193223,0.3208918908650487,0.030457361085566927,0.10199678031585108,0
0.3626740617366233,0.12534698455848162,0.03249729669188395,0.40413118203172155,1
0.3651810014277929,0.31999334645023186,0.04057992033251838,0.1218683200485407,1
0.37158086835679754,0.5145111236901297,0.043017286733489195,-0.15774091762892029,0
0.3818710908306001,0.31880052952627586,0.03986246838091079,0.148196577690569,1
0.3882471014211256,0.5133296480990822,0.04282639993472217,-0.13164883621125434,0
0.39851369438310724,0.31762122677015814,0.040193423210497084,0.17423173832225758,1
0.40486611891851043,0.5121455741806862,0.043678057976942235,-0.10550543734815138,0
0.41510903040212416,0.3164257900375364,0.04156794922997921,0.20063150810419733,1
0.4214375462028749,0.5109293372926482,0.045580579392063156,-0.07865432992660065,0
0.43165613294872784,0.3151846101610207,0.044007492793531146,0.22805385635801978,1
0.43795982515194826,0.5096509368842524,0.04856856992069154,-0.05042919088998238,0
0.4481528438896333,0.3138674228576485,0.047559986102891895,0.25717331840946855,1
0.4544301923467863,0.5082792374229685,0.05270345247108127,-0.020137287749200816,0
0.46459577709524563,0.3124426268566913,0.05230070671609725,0.28869739059877897,1
0.47084462963237944,0.5067812661203699,0.05807465452807283,0.012957429729703485,1
0.019701954203762057,-0.02033016906185501,-0.018126059844034162,0.014513205458091455,0
0.019295350822524957,-0.21518754275402913,-0.01783579573487233,0.30142248164236163,0
0.014991599967444374,-0.41005080237540764,-0.011807346102025098,0.5884274345913764,1
0.006790583919936222,-0.21476551273092637,-3.879741019757049e-05,0.29204863983476526,1
0.0024952736653176943,-0.019643008349680663,0.0058021753864977346,-0.0006465229554190044,0
0.002102413498324081,-0.21484768854102795,0.005789244927389354,0.2938613986286351,1
-0.0021945402724964785,-0.01980875227641346,0.011666472899962057,0.0030099253189456165,1
-0.0025907153180247475,0.17514395848362252,0.011726671406340969,-0.28596937505852227,0
0.000912163851647703,-0.020143254467727106,0.006007283905170523,0.010388865811566395,0
0.0005092987622931609,-0.21535084077597952,0.006215061221401851,0.3049610927259199,1
-0.0037977180532264296,-0.020318007653984976,0.01231428307592025,0.014244709408354428,1
-0.004204078206306129,0.17462519608949673,0.012599177264087338,-0.2745276176427594,0
-0.0007115742845161949,-0.020674231994304848,0.0071086249112321505,0.022102333641558614,0
-0.0011250589244022919,-0.21589740264934865,0.007550671584063323,0.31701960893439807,1
-0.005443006977389264,-0.020883808170964524,0.013891063762751284,0.026727432209369628,1
-0.005860683140808555,0.1740362082462595,0.014425612406938676,-0.26154054239789226,0
-0.0023799589758833647,-0.021288662056743318,0.009194801558980831,0.035657261460001755,1
-0.002805732217018231,0.17370023488900807,0.009907946788180867,-0.2541104865673792,0
0.0006682724807619304,-0.021561774807469042,0.004825737056833282,0.04168104051740823,0
0.00023703698461254957,-0.2167525923058545,0.005659357867181447,0.3358826187951891,1
-0.00409801486150454,-0.021711637011136625,0.01237701024308523,0.04498971329911805,1
-0.004532247601727273,0.17323066732963524,0.013276804509067592,-0.2437625979270564,0
-0.001067634255134568,-0.02207838171411622,0.008401552550526464,0.053078421004619125,1
-0.0015092018894168925,0.17292210058730606,0.009463120970618848,-0.23694195187638045,0
0.0019492401223292289,-0.02233375985189015,0.004724281933091238,0.05871084095365875,0
0.0015025649252914258,-0.21752312853399036,0.0058984987521644135,0.3528805604044512,1
-0.002847897645388382,-0.022485548383150394,0.012956109960253438,0.06206342809337401,1
-0.0032976086130513897,0.17244826859882026,0.014197378522120918,-0.22650376665228122,0
0.00015135675892501577,-0.022873675302311047,0.009667303189075292,0.07062351112658777,1
-0.0003061167471212052,0.1721083550169285,0.011079773411607048,-0.21899372480089124,0
0.003136050353217365,-0.023170210941863,0.0066998989155892235,0.07716353155689126,1
0.002672646134380105,0.1718550551594942,0.008243169546727049,-0.21339804626018694,0
0.006109747237569989,-0.023383772901936023,0.00397520862152331,0.08187371045318992,1
0.005642071779531269,0.17168096906091804,0.0056126828305871086,-0.20955238238617924,0
0.00907569116074963,-0.023520784157880836,0.0014216351828635239,0.08489575557779383,0
0.008605275477592012,-0.21866308482475108,0.0031195502944194008,0.3780268713873631,1
0.00423201378109699,-0.023585576215984172,0.010680087722166661,0.08632917858340639,1
0.003760302256777306,0.17138166904901228,0.01240667129383479,-0.20296512427664948,0
0.007187935637757552,-0.023915495634416695,0.0083473688083018,0.0936055449141458,1
0.006709625725069218,0.17108582483871354,0.010219479706584716,-0.19643214736569592,0
0.01013134222184349,-0.02418080163648456,0.0062908367592707974,0.09945697230893658,1
0.009647726189113798,0.17085042812158083,0.008279976205449529,-0.19123458982277308,0
0.013064734751545414,-0.024388989846702652,0.004455284408994066,0.10404878345734342,1
0.012576954954611362,0.17066883067554758,0.006536260078140935,-0.1872251941891111,0
0.015990331568122313,-0.024546023638520736,0.002791756194358713,0.10751247900554894,1
0.015499411095351898,0.1705358101502535,0.0049420057744696926,-0.18428835608677047,0
0.018910127298356966,-0.024656502941877434,0.001256238652734283,0.10994948189403064,0
0.01841699723951942,-0.21979643309354474,0.003455228290614896,0.4030284802203765,1
0.014021068577648524,-0.02472365736649576,0.011515797895022427,0.11143689839647997,1
0.01352659543031861,0.1702314029237617,0.013744535862952026,-0.1775907322325201,0
0.016931223488793844,-0.02508451768174516,0.010192721218301625,0.11939624224736456,1
0.016429533135158943,0.1698899247694816,0.012580646063248917,-0.17005362126041063,0
0.019827331630548575,-0.0254098157285223,0.009179573638040705,0.12657141921189818,1
0.01931913531597813,0.16957943562628094,0.011711002022278668,-0.16320137814484176,0
0.02271072402850375,-0.025708189181884167,0.008446974459381834,0.13315292777428006,1
0.022196560244866066,0.16929175389483989,0.011110033014867435,-0.15685317080823324,0
0.025582395322762862,-0.025987488053459684,0.007972969598702771,0.13931389690852025,1
0.02506264556169367,0.16901936790344624,0.010759247536873177,-0.15084306166596445,0
0.028443032919762593,-0.026254981949053763,0.007742386303553888,0.14521466709755404,1
0.02791793328078152,0.16875524050613264,0.010646679645504968,-0.14501566044789638,0
0.03129303809090417,-0.026517550174246285,0.007746366436547041,0.15100698952150698,1
0.030762687087419242,0.16849262737631604,0.01076650622697718,-0.13922209152871884,0
0.034132539634945565,-0.026781859563946547,0.007982064396402803,0.15683795390272143,1
0.033596902443666636,0.16822490449343366,0.011118823474457232,-0.13331617181888766,0
0.03696140053353531,-0.027054534571914257,0.008452500038079479,0.1628537471728,1
0.03642030984209703,0.16794540053256493,0.011709574981535478,-0.12715070133306222,0
0.03977921785274833,-0.027342323905439808,0.009166560954874234,0.16920333939444399,1
0.03923237137463953,0.16764723000409112,0.012550627742763113,-0.12057377225541926,0
0.04258531597472135,-0.027652267826180688,0.010139152297654727,0.17604219005195582,1
0.04203227061819774,0.1673231230493811,0.013659996098693844,-0.11342500373357933,1
0.045378733079185364,0.3622467045607449,0.011391496024022257,-0.4017671835700068,0
0.05262366717040026,0.16696504477931876,0.003356152352622122,-0.10551467201063147,0
0.055962968065986635,-0.028204840907133683,0.0012458589124094924,0.18822521470006426,1
0.05539887124784396,0.16689926379493059,0.005010363206410778,-0.10406443280232974,0
0.058736856523742574,-0.028294130687257474,0.002929074550364183,0.19019502448507963,1
0.058170973909997425,0.16678579446500982,0.006732975040065776,-0.1015624612948739,0
0.061506689799297624,-0.028431999259224933,0.004701725814168297,0.19323707167302456,1
0.060938049814113125,0.16662237910394098,0.008566467247628788,-0.09795895964417001,0
0.06427049739619195,-0.028621293231994388,0.006607288054745388,0.19741431361865663,1
0.06369807153155206,0.1664055308081788,0.010555574327118521,-0.09317700830509562,0
0.06702618214771563,-0.028866110212971724,0.00869203416101661,0.20281741670499714,1
0.0664488599434562,0.16613046167193354,0.012748382495116551,-0.08711096612010011,0
0.06977146917689488,-0.029171883452913105,0.011006163172714549,0.2095666692348357,1
0.06918803150783662,0.16579097959892597,0.015197496557411263,-0.07962416616562978,1
0.07250385109981514,0.36069181050327737,0.013605013234098667,-0.36747375988342207,0
0.07971768730988069,0.16537920495528155,0.006255538036430225,-0.07053221438788082,0
0.08302527140898631,-0.029831868192493977,0.004844893748672609,0.22411778232639956,1
0.08242863404513644,0.16522050365771793,0.0093272493952006,-0.06703294841842755,0
0.0857330441182908,-0.030033922430754978,0.007986590426832049,0.22857812237094416,1
0.0851323656696757,0.16497299124109754,0.012558152874250932,-0.06157488658426663,0
0.08843182549449766,-0.030326743329239098,0.0113266551425656,0.23504361534431828,1
0.08782529062791287,0.16463156139043894,0.016027527449451965,-0.05404511767043518,1
0.09111792185572165,0.35952007659102814,0.014946625096043262,-0.3416284524835617,0
0.09830832338754221,0.16418869536713815,0.008114056046372027,-0.04426996388185539,0
0.10159209729488497,-0.03104866215132962,0.0072286567687349194,0.25096193823602375,1
0.10097112405185837,0.16396932170562745,0.012247895533455394,-0.039432188224989895,0
0.10425051048597092,-0.03132610257871152,0.011459251768955597,0.2570897673967388,1
0.10362398843439669,0.1636303863660664,0.016601047116890373,-0.03195681949022938,1
0.10689659616171801,0.35851038506977806,0.015961910727085787,-0.3193560538677176,0
0.11406680386311358,0.1631647851735064,0.009574789649731436,-0.021682378742515218,0
0.1173300995665837,-0.03209315999885651,0.00914114207488113,0.2740060588264522,1
0.11668823636660658,0.16289717855797517,0.014621263251410175,-0.01577977063730418,0
0.11994617993776609,-0.032431374321381906,0.01430566783866409,0.28148023927561344,1
0.11929755245133845,0.16248362788318735,0.01993527262417636,-0.006656624323892801,1
0.1225472250090022,0.3573140899686109,0.019802140137698505,-0.29298366599743003,0
0.1296935068083744,0.16191548520722687,0.013942466817749903,0.005878226277437337,0
0.13293181651251895,-0.03340361700164318,0.01406003134329865,0.30292735608359705,1
0.1322637441724861,0.16151515881490242,0.02011857846497059,0.014711604218759278,1
0.13549404734878415,0.35634289296141886,0.020412810549345777,-0.27155639248690455,0
0.14262090520801252,0.16093569890476622,0.014981682699607686,0.027494283133354502,1
0.14583961918610783,0.3558396333545245,0.015531568362274775,-0.2604243594488994,0
0.1529564118531983,0.16049944782882192,0.010323081173296788,0.037116675685354206,0
0.15616640080977473,-0.034769004535380815,0.011065414687003871,0.3330386795969633,1
0.15547102071906713,0.1601937161037624,0.017726188278943136,0.04386566790859825,1
0.15867489504114238,0.35505705462823006,0.0186035016371151,-0.2431721925065507,0
0.16577603613370698,0.15967438394431857,0.013740057786984087,0.0553202139512774,0
0.16896952381259334,-0.0356418560909966,0.014846462066009635,0.35230636912939256,1
0.1682566866907734,0.1592658608895758,0.021892589448597486,0.0643417133617481,1
0.17144200390856493,0.35406719853779556,0.023179423715832446,-0.2213543646559188,0
0.17852334787932084,0.1586217297463117,0.01875233642271407,0.0785492248624548,1
0.18169578247424706,0.3534699079824061,0.020323320919963167,-0.2081587914132883,0
0.1887651806338952,0.15806333473679818,0.0161601450916974,0.0908651829140244,1
0.19192644732863115,0.3529499726616462,0.01797744874997789,-0.19667572790896237,0
0.19898544678186408,0.1575755521668373,0.01404393419179864,0.10162363225210697,0
0.20213695782520083,-0.037744823041006764,0.01607640683684078,0.3987040838826551,1
0.2013820613643807,0.1571454165885728,0.02405048851449388,0.11113276080628987,1
0.20452496969615214,0.35191462956665387,0.026273143730619678,-0.1738664060683014,0
0.2115632622874852,0.15642670261586936,0.02279581560925365,0.12698770004052656,1
0.2146917963398026,0.3512147951644331,0.025335569610064182,-0.15841713660238532,0
0.22171609224309125,0.1557394495658796,0.022167226878016477,0.14214964203729696,1
0.22483088123440884,0.3505370285948587,0.025010219718762418,-0.14345830787643854,0
0.23184162180630602,0.15506599055918854,0.022141053561233647,0.15700879003738266,1
0.2349429416174898,0.34986405658829334,0.0252812293619813,-0.128607752679765,0
0.24194022274925567,0.15438923762258977,0.022709074308386,0.17194266854878032,1
0.24502800750170747,0.3491789253995202,0.026147927679361607,-0.11349063225570244,0
0.25201158600969786,0.15369225162532127,0.023878115034247558,0.18732575612729935,1
0.25508543104220427,0.34846457904568306,0.027624630156793544,-0.0977299510474115,0
0.2620547226231179,0.15295782304742106,0.025670031135845314,0.2035389020416577,1
0.2651138790840663,0.3477034397970731,0.029740809176678467,-0.08093712224433897,0
0.27206794788000777,0.15216805481514215,0.028122066731791687,0.22097875814713913,1
0.2751113089763106,0.34687698234987274,0.03254164189473447,-0.06270235362154569,0
0.28204884862330803,0.15130393914814794,0.031287594822303554,0.24006745134598023,1
0.285074927406271,0.3459652935375878,0.036088943849223155,-0.04258462222606929,1
0.29199423327702273,0.5405516538735738,0.03523725140470177,-0.32366626315898217,0
0.30280526635449423,0.3449461318699328,0.028763926141522126,-0.02008251038286768,0
0.3097041889918929,0.1494237360937301,0.028362275933864773,0.2815351938047692,1
0.31269266371376747,0.34412988448585413,0.03399297980996016,-0.002069176480793855,0
0.3195752614034846,0.14853733086469043,0.03395159628034428,0.3011421730216792,1
0.3225460080207784,0.34315933485754607,0.03997443974077787,0.019357259782516123,1
0.3294091947179293,0.5376858866245492,0.04036158493642819,-0.26045010974082217,0
0.3401629124504203,0.34201170161798145,0.035152582741611746,0.04468521126084146,0
0.3470031464827799,0.14640377366426163,0.03604628696682857,0.3482485677097719,1
0.34993122195606513,0.34099498768832415,0.04301125832102401,0.06714666903838801,1
0.3567511217098316,0.5354747348993729,0.04435419170179177,-0.21166174593979104,0
0.367460616407819,0.33974760772938506,0.04012095678299595,0.0946760596583735,1
0.3742555685624067,0.5342722344841342,0.04201447797616342,-0.1850836715294485,0
0.3849410132520894,0.3385751085283067,0.03831280454557445,0.12055159246590424,1
0.39171251542265556,0.5331277929260394,0.040723836394892535,-0.15980206758333615,0
0.40237507128117633,0.33744719455846317,0.037527795043225814,0.14544497037650017,1
0.4091240151723456,0.5320121814739082,0.04043669445075582,-0.13516644235460745,0
0.4197642588018238,0.3363350601141105,0.037733365603663666,0.16999445337942848,1
0.42649096000410597,0.5308971766877589,0.041133254671252235,-0.11055000482248983,0
0.43710890353786114,0.3352106823665887,0.03892225457480244,0.1948212206301489,1
0.4438131171851929,0.5297548817767702,0.04281867898740541,-0.08533381023867798,0
0.4544082148207283,0.33404614154108125,0.04111200278263186,0.22054507137010676,1
0.4610891376515499,0.5285570588038725,0.04552290421003399,-0.05889124373366883,0
0.47166027882762734,0.3328129591058359,0.04434507933536062,0.24779983458662158,1
0.47831653800974405,0.5272744635549537,0.04930107602709305,-0.030572483955569607,0
0.4888620272808431,0.3314814461305001,0.04868962634798166,0.27724883950767054,1
0.4954916562034531,0.5258761759063887,0.054234603138135065,0.0003114071671031504,0
0.5060091797215809,0.33002005702365494,0.05424083128147713,0.30960078188091755,1
0.512609580862054,0.5243289215274584,0.06043284691909548,0.0345051185212899,1
0.5230961592926031,0.7185345218751712,0.06112294928952128,-0.23851505169912907,0
0.5374668497301065,0.5225950468237857,0.05635264825553869,0.07280426690873093,1
0.5479187506665822,0.716865726291239,0.05780873359371331,-0.20158026599204854,0
0.562256065192407,0.5209666985192248,0.053777128273872335,0.10876371660171846,1
0.5726753991627915,0.7152784351045972,0.055952402605906705,-0.16647967444564898,0
0.5869809678648835,0.5194020537058148,0.05262280911699373,0.1433165236441476,1
0.5973690089389998,0.7137324241285404,0.05548913958987668,-0.13231155965408292,0
0.6116436574215706,0.5178613408856686,0.05284290839679502,0.17734829591046375,0
0.6220008842392839,0.3220245519133864,0.05638987431500429,0.4862220235609757,1
0.6284413752775516,0.5163073464805705,0.0661143147862238,0.21183088515854281,1
0.638767522207163,0.7104247790594742,0.07035093248939465,-0.05928566405806596,0
0.6529760177883526,0.5143683421692411,0.06916521920823333,0.2547376589220344,1
0.6632633846317374,0.7084380754759347,0.07425997238667402,-0.015352555996665074,0
0.6774321461412561,0.5123340388946477,0.07395292126674072,0.2998051747804417,1
0.687678826919149,0.7063282489294264,0.07994902476234955,0.03133156409021487,1
0.7018053918977376,0.900218081774774,0.08057565604415384,-0.23509421341205122,0
0.7198097535332331,0.7040428856925833,0.07587377177591281,0.08187747390288275,1
0.7338906112470848,0.8979998190216625,0.07751132125397046,-0.18593540281391624,0
0.751850607627518,0.7018593536462396,0.07379261319769213,0.13015744456475375,1
0.7658877947004428,0.8958509131510801,0.07639576208898721,-0.13836264608334997,0
0.7838048129634644,0.6997226115944459,0.07362850916732021,0.17741023699267766,1
0.7977992651953533,0.893717880078968,0.07717671390717376,-0.09116703428254791,0
0.8156736227969327,0.6975794288431607,0.0753533732215228,0.22483232696404676,1
0.8296252113737959,0.8915480649410605,0.07985001976080373,-0.04316205126735917,0
0.8474561726726171,0.6953772809625851,0.07898677873545655,0.27360749717125804,1
0.8613637182918688,0.8892885770218693,0.08445892867888172,0.0068454016584379995,0
0.8791494898323061,0.6930632934300317,0.08459583671205048,0.32493556346028835,1
0.8930107557009067,0.8868852485526157,0.09109454798125625,0.06008384086991314,1
-0.01626312058550894,-0.012513295221227808,-0.027591444414597578,0.03631719110160918,0
-0.016513386489933495,-0.20722893736222214,-0.026865100592565395,0.3201686299325707,0
-0.020657965237177937,-0.40195819434000213,-0.02046172799391398,0.6042597252230111,1
-0.028697129123977982,-0.2065561477162153,-0.008376533489453759,0.3052026834243277,1
-0.03282825207830229,-0.011315833954674809,-0.002272479820967205,0.009889815145481151,0
-0.033054568757395784,-0.20640512109960008,-0.002074683518057582,0.30185488176598374,1
-0.03718267117938778,-0.011253661857314051,0.003962414117262093,0.008518366380125764,0
-0.037407744416534064,-0.20643221479209733,0.004132781444864609,0.3024488441536769,1
-0.04153638871237601,-0.01136940798374475,0.010181758327938148,0.011072166960962082,1
-0.041763776872050906,0.1836050543071574,0.01040320166715739,-0.2783809818893256,0
-0.03809167578590776,-0.011663750473736079,0.004835582029370877,0.017564861586306935,1
-0.038324950795382486,0.18338852023933724,0.005186879261097016,-0.27358846825473015,0
-0.03465718039059574,-0.011807054063200706,-0.00028489010399758777,0.020725890258118385,0
-0.03489332147185975,-0.20692491850257516,0.00012962770116477993,0.31331891735056644,1
-0.03903181984191125,-0.011804814158865334,0.006396006048176109,0.020676873838039622,1
-0.03926791612508856,0.1832248303625015,0.006809543524936902,-0.2699811961720443,0
-0.035603419517838526,-0.011993630070552458,0.0014099196014960153,0.02484169563512939,0
-0.035843292119249574,-0.20713577234058234,0.0019067535141986031,0.3179691343273397,1
-0.03998600756606122,-0.012041030512033729,0.008266136200745398,0.025888138758618673,1
-0.040226828176301896,0.18296140809418202,0.008783898975917772,-0.2641753095981756,0
-0.03656760001441826,-0.012284810296059517,0.0035003927839542598,0.03126515270774566,1
-0.03681329622033945,0.1827867690273969,0.004125695838109173,-0.26031131027995014,0
-0.03315756083979151,-0.012393834201358644,-0.00108053036748983,0.03367005402171602,0
-0.033405437523818686,-0.2075002735733161,-0.00040712928705550946,0.32601186636665486,1
-0.03755544299528501,-0.012372528107078506,0.006113108040277588,0.03320057641765123,1
-0.03780289355742658,0.1826612276622043,0.006777119568630612,-0.2575473483616143,0
-0.034149669004182495,-0.012556819774368927,0.0016261726013983256,0.03726545604156162,1
-0.03440080539966987,0.18254177424394738,0.002371481722229558,-0.2549039535073986,0
-0.030749969914790926,-0.012613956727621445,-0.0027265973479184136,0.03852603476718375,0
-0.031002249049343355,-0.2076967025730929,-0.0019560766525747383,0.33034744717644193,1
-0.03515618310080521,-0.012546961318028377,0.0046508722909541006,0.037048309141250735,1
-0.03540712232716578,0.18250798805981575,0.005391838473779115,-0.25416359903853075,0
-0.031756962565969465,-0.012690533479117444,0.00030856649300850005,0.040215120013514905,0
-0.032010773235551813,-0.20781690814714837,0.001112868893278798,0.3329953866290996,1
-0.03616711139849478,-0.012710814371856727,0.007772776625860791,0.040663610579065146,1
-0.03642132768593191,0.18229881882554053,0.008586048837442094,-0.24955682965911152,0
-0.0327753513094211,-0.012944688019389916,0.003594912244259863,0.04582190296976063,1
-0.0330342450698089,0.18212553024543748,0.004511350303655076,-0.24572463177919512,0
-0.02939173446490015,-0.01306056304083028,-0.00040314233192882687,0.04837786128379579,0
-0.029652945725716754,-0.20817673121015562,0.0005644148937470889,0.3409335659121505,1
-0.03381648034991987,-0.013062815067466427,0.007383086211990099,0.048428676285294237,1
-0.034077736651269196,0.18195249482134795,0.008351659737695983,-0.2419157082500496,0
-0.030438686754842237,-0.01328775259245682,0.0035133455726949914,0.05338980881131833,1
-0.030704441806691372,0.18178364610928763,0.004581141748921358,-0.23818256185771575,1
-0.02706876888450562,0.37683985199307973,-0.0001825094882329575,-0.5294169495127075,0
-0.019531971844644027,0.18172046879570433,-0.010770848478487107,-0.23679153738041503,0
-0.01589756246872994,-0.013245958891225595,-0.015506679226095409,0.05247457237479308,0
-0.01616248164655445,-0.20814217013058667,-0.014457187778599547,0.3402249608159197,1
-0.020325325049166183,-0.01281753013740039,-0.0076526885622811534,0.0430183537907759,0
-0.02058167565191419,-0.20782891306946188,-0.006792321486465636,0.3332769943209457,1
-0.024738253913303428,-0.012610948058763893,-0.00012678160004672093,0.03845987449493066,0
-0.024990472874478704,-0.20773108099808968,0.0006424158898518922,0.331102797761397,1
-0.0291450944944405,-0.012618280142223381,0.007264471845079832,0.038622527128243545,1
-0.029397460097284965,0.18239874913069565,0.008036922387644703,-0.25175956221782736,0
-0.025749485114671053,-0.012837038666693446,0.0030017311432881553,0.04344749125395403,1
-0.02600622588800492,0.18224174050771755,0.003870680968367236,-0.24828685157592684,0
-0.022361391077850568,-0.012935274630878013,-0.0010950560631513007,0.04561445536625247,0
-0.022620096570468127,-0.2080415062602597,-0.00018276695582625127,0.337951680921216,1
-0.02678092669567332,-0.012916954737049735,0.006576266662598069,0.0452111250401076,1
-0.027039265790414317,0.182110081886572,0.007480489163400221,-0.24538969566305047,0
-0.023397064152682875,-0.01311790769750007,0.002572695250139212,0.04964333866978915,1
-0.023659422306632878,0.1819670591763107,0.003565562023534995,-0.24222677165673878,0
-0.020020081123106666,-0.013205641329003814,-0.0012789734095997808,0.05157869116001834,0
-0.02028419394968674,-0.20830923018562497,-0.000247399586399414,0.3438578170061892,1
-0.02445037855339924,-0.013183760306631043,0.006629756753724371,0.051096885667257286,1
-0.02471405375953186,0.1818425029531126,0.007651694467069516,-0.2394869459482994,0
-0.02107720370046961,-0.01338791597523492,0.002861955548103529,0.05559968588206571,1
-0.021344962019974306,0.1816928825523635,0.003973949265744843,-0.23617889972832323,0
-0.017711104368927037,-0.013485618519641779,-0.0007496287288216216,0.05775487815763619,0
-0.017980816739319873,-0.20859681338714495,0.00040546883433110223,0.35020119740220096,1
-0.02215275300706277,-0.01348063101642677,0.0074094927823751214,0.05764615573870374,1
-0.022422365627391305,0.18153430176097538,0.008562415897149196,-0.23268984269338144,0
-0.018791679592171796,-0.013708941377123696,0.003908619043281566,0.06268160590452526,1
-0.019065858419714272,0.18135675202524254,0.005162251161372072,-0.22876556807083553,0
-0.01543872337920942,-0.013838587935041335,0.0005869397999553605,0.06554123568226883,0
-0.01571549513791025,-0.20896894934980448,0.0018977645136007372,0.3584092876791315,1
-0.01989487412490634,-0.013874028362124785,0.009065950267183367,0.0663253756067998,1
-0.020172354692148835,0.18111677725155478,0.010392457779319363,-0.22348346009597492,0
-0.01655001914711774,-0.014152156818145828,0.005922788577399865,0.07245945149066163,1
-0.01683306228348066,0.18088438465889217,0.0073719776072130976,-0.21834893975152658,0
-0.013215374590302816,-0.014342168472269573,0.003004998812182566,0.07665027442199507,1
-0.013502217959748207,0.18073657525610012,0.004538004300622468,-0.2150830516769907,0
-0.009887486454626204,-0.01444995776930122,0.0002363432670826537,0.0790279018735432,1
-0.010176485610012229,0.18066860458459308,0.0018169013045535177,-0.21358044856320296,0
-0.006563113518320367,-0.014479275604653896,-0.0024547076667105414,0.07967505725400303,0
-0.0068526990304134455,-0.20956595205514988,-0.0008612065216304806,0.37158250696673323,1
-0.011044018071516443,-0.014431776479256364,0.006570443617704184,0.07862815746167445,1
-0.011332653601101571,0.1805953712559428,0.008143006766937674,-0.21197455304094204,0
-0.007720746175982715,-0.014642053230556229,0.0039035157061188333,0.08326589184018346,1
-0.008013587240593839,0.18042372534926188,0.0055688335429225026,-0.2081829161026999,0
-0.004405112733608602,-0.014777411036746124,0.0014051752208685047,0.08625147691775031,1
-0.004700660954343524,0.18032436995116996,0.003130204759223511,-0.20598778426129244,0
-0.0010941735553201249,-0.014842203191897163,-0.0009895509260023382,0.08768091994266752,0
-0.0013910176191580682,-0.2099499562549451,0.0007640674728510123,0.38005147832373787,1
-0.005590016744256971,-0.014838863541946606,0.00836509703932577,0.08760956049865781,1
-0.005886794015095903,0.18016218977613163,0.010117288249298927,-0.2024224758135778,0
-0.00228355021957327,-0.015102981393268433,0.0060688387330273715,0.09343472263238711,1
-0.0025856098474386384,0.179931462024292,0.007937533185675114,-0.19732732741899306,0
0.0010130193930472015,-0.015303118696656487,0.003990986637295253,0.09784892847958732,1
0.0007069570191140718,0.17976140648205804,0.005947965206887,-0.19357218209799493,0
0.004302185148755233,-0.015445122500283431,0.0020765215649271016,0.10098112329570835,1
0.003993282698749564,0.1796470075519648,0.004096144030841268,-0.191045943962106,0
0.007586222849788861,-0.015533302234628454,0.0002752251515991482,0.10292632758929338,1
0.007275556805096292,0.17958470361675308,0.002333751703385016,-0.189669753909252,0
0.010867250877431353,-0.01557055721534445,-0.0014596433748000244,0.1037484625474629,0
0.010555839733124465,-0.21067155995539208,0.0006153258761492334,0.3959705199021654,1
0.006342408534016623,-0.015558344687240377,0.008534736274192541,0.1034816582023006,1
0.006031241640271816,0.179440261737332,0.010604369438238554,-0.18649641647116416,0
0.009620046875018455,-0.015831793744690487,0.00687444110881527,0.10951282394413386,1
0.009303411000124646,0.179190977111057,0.009064697587697948,-0.1809933503185197,0
0.012887230542345786,-0.016059504434382005,0.005444830581327553,0.11453532406117378,1
0.012566040453658146,0.17898400808394754,0.007735537062551029,-0.1764248357242968,0
0.016145720615337096,-0.016247787940915998,0.004207040348065093,0.11868832178357441,1
0.015820764856518777,0.17881363407861475,0.006580806783736581,-0.17266435571414862,0
0.01939703753809107,-0.016401882817737606,0.003127519669453608,0.12208732223153373,1
0.01906899988173632,0.17867512134669777,0.005569266114084283,-0.1696072636408218,0
0.022642502308670275,-0.01652610033903326,0.002177120841267847,0.12482738379581942,1
0.02231198030188961,0.1785645933154533,0.004673668517184235,-0.16716789013827127,0
0.025883272168198676,-0.016623944789971284,0.00133031071441881,0.12698577291404362,1
0.02555079327239925,0.17847892351388073,0.0038700261726996826,-0.16527715934804216,0
0.029120371742676867,-0.016698211962463183,0.0005644829857388393,0.12862413633287456,0
0.0287864075034276,-0.2118282450317259,0.0031369657123963305,0.421485097293436,1
0.02454984260279308,-0.016750878971351107,0.01156666765826505,0.12979275436053261,1
0.024214825023366058,0.17820348580762402,0.014162522745475702,-0.1592187066736816,0
0.02777889473951854,-0.017118332871708025,0.01097814861200207,0.13789828152611128,1
0.02743652808208438,0.17784467272905033,0.013736114242524296,-0.15130109352172283,0
0.030993421536665386,-0.017471246578034144,0.010710092372089839,0.14568343718866944,1
0.030643996605104702,0.17749570342820212,0.013623761115863227,-0.14360150809967498,0
0.03419391067366875,-0.01781868180843485,0.010751730953869727,0.1533481432721751,1
0.03383753703750005,0.1771476833379607,0.01381869381931323,-0.13592355306872494,0
0.037380490704259264,-0.01816944499901016,0.01110022275793873,0.16108673378945776,1
0.037017101804279064,0.17679184922038255,0.014321957433727887,-0.12807379264243168,1
0.04055293878868672,0.3717057346835798,0.011760481580879252,-0.4162041244822691,0
0.047987053482358315,0.17641910022651194,0.003436399091233869,-0.11983692809391072,0
0.051515435486888556,-0.01875191681179053,0.0010396605293556548,0.1739281682523573,1
0.051140397150652744,0.1763551394177278,0.0045182238944028,-0.11842659778383102,0
0.0546674999390073,-0.018831255486581183,0.0021496919387261797,0.1756783594309626,1
0.05429087482927567,0.17625986486008532,0.005663259127345431,-0.11632563598336387,0
0.05781607212647738,-0.018942771192140606,0.003336746407678154,0.17813861191288244,1
0.05743721670263457,0.17613127093831007,0.006899518645935803,-0.11348982071310865,0
0.06095984212140077,-0.019088859663414948,0.004629722231673631,0.18136184775524095,1
0.060578064928132475,0.1759665381635758,0.00825695918677845,-0.10985697985622006,0
0.06409739569140399,-0.019272753387542002,0.006059819589654049,0.18541949276743214,1
0.06371194062365315,0.17576197249606984,0.00976820944500269,-0.10534564855567047,0
0.06722718007357455,-0.019498591244963254,0.007661296473889282,0.19040303155597382,1
0.06683720824867528,0.17551292352411177,0.011469357105008758,-0.09985325679226609,0
0.07034746671915752,-0.01977150947606418,0.009472291969163436,0.1964260432929817,1
0.06995203652963623,0.17521367981511002,0.01340081283502307,-0.09325380736318645,0
0.07345631012593844,-0.020097755707846943,0.01153573668775934,0.20362676158680615,1
0.0730543550117815,0.1748573392759694,0.015608271919495462,-0.0853949922609527,1
0.07655150179730089,0.36975211857053125,0.013900372074276409,-0.37311290637006334,0
0.08394654416871151,0.1744354904318568,0.006438113946875142,-0.07607969028062617,0
0.08743525397734865,-0.02077816180577441,0.0049165201412626185,0.21862751191771113,1
0.08701969074123317,0.1742731647398017,0.009289070379616841,-0.07250049069913111,0
0.0905051540360292,-0.020980717311531977,0.007839060565634218,0.22309864400712992,1
0.09008553968979856,0.17402831874489863,0.012301033445776818,-0.06710126231503594,0
0.09356610606469654,-0.021267813283531473,0.010959008199476098,0.22943718514761768,1
0.09314074979902591,0.17369583188837961,0.015547751902428452,-0.059768837537594544,1
0.0966146664367935,0.36859144872235156,0.01435237515167656,-0.34750607413375223,0
0.10398649541124054,0.1732683263768232,0.007402253669001516,-0.050332112723688816,0
0.10745186193877701,-0.02195897911556266,0.006395611414527739,0.24467706538620826,1
0.10701268235646576,0.1730710420120857,0.011289152722251904,-0.04598168628004179,0
0.11047410319670747,-0.022210954162099922,0.010369518996651068,0.25024158280073633,1
0.11002988411346548,0.17276139318627812,0.015374350652665795,-0.03915263082992115,0
0.11348511197719105,-0.022577612782419126,0.014591298036067372,0.2583411305239675,1
0.11303355972154266,0.17233302141333187,0.019758120646546723,-0.02970400869032669,1
0.1164802201498093,0.3671661384031284,0.019164040472740188,-0.31608813180114714,0
0.12382354291787187,0.17177653198930606,0.012842277836717243,-0.017423656655166042,0
0.127259073557658,-0.023527215513686223,0.012493804703613923,0.27928333311303966,1
0.1267885292473843,0.17141429919401624,0.018079471365874716,-0.00943303415306157,1
0.1302168152312646,0.3662723624679244,0.017890810682813483,-0.29635728580404197,0
0.1375422624806231,0.17089999373422937,0.011963664966732644,0.0019139850406985626,0
0.14096026235530768,-0.024391472369314937,0.012001944667546616,0.29834745409657576,1
0.14047243290792139,0.170557357492862,0.017968893749478132,0.00947375736836148,1
0.14388358005777863,0.3654170623681855,0.018158368896845363,-0.2774860433432495,0
0.15119192130514233,0.17004082798802,0.012608648029980372,0.02086826111662632,0
0.15459273786490274,-0.025259653455094067,0.0130260132523129,0.3175025415302969,1
0.15408754479580086,0.1696743678185621,0.019376064082918837,0.028955855733661662,1
0.1574810321521721,0.364513171643727,0.01995518119759207,-0.25755128379779385,0
0.16477129558504663,0.16911209389840431,0.014804155521636192,0.041358410777572574,0
0.16815353746301473,-0.026218982689664355,0.015631323737187643,0.3386751819779274,1
0.16762915780922144,0.1686770939641658,0.022404827376746192,0.050962203733149636,1
0.17100269968850476,0.3634707378866506,0.023424071451409186,-0.23456846070061704,0
0.17827211444623778,0.16802207677587455,0.018732702237396846,0.06541015177249743,1
0.18163255598175526,0.36287051219646904,0.020040905272846795,-0.22130412919711684,0
0.18888996622568463,0.16746792127885685,0.015614822688904458,0.07763253008493987,0
0.19223932465126176,-0.02787435638451327,0.017167473290603256,0.3752007969641031,1
0.19168183752357149,0.16699959216724508,0.024671489229885317,0.08797993755778388,1
0.1950218293669164,0.361759375579604,0.026431087981040994,-0.19681814991596636,0
0.20225701687850847,0.1662695297547346,0.02249472498272167,0.10408403264761301,1
0.20558240747360315,0.36106200921251086,0.02457640563567393,-0.18141787265105097,0
0.21280364765785337,0.16559716418914708,0.02094804818265291,0.11891558972372823,1
0.21611559094163632,0.3604128122132452,0.023326359977127474,-0.16708549205330792,0
0.22332384718590123,0.1649648635407768,0.019984650136061315,0.1328640022815481,1
0.22662314445671677,0.3597949332597884,0.022641930181692277,-0.15344764885268547,0
0.23381904312191254,0.16435622462241453,0.01957297720463857,0.14629143126506394,1
0.23710616761436082,0.35919249011813054,0.022498805829939846,-0.14015289934393388,0
0.24429001741672343,0.1637556506151,0.01969574784306117,0.15954225686831003,1
0.24756513042902542,0.3585901685235065,0.02288659298042737,-0.1268626608168822,0
0.2547369337994955,0.16314795331424506,0.020349339764089723,0.17295195738423014,1
-0.007895155394376963,-0.0028406375584158275,0.02783370402363193,0.024336668375676787,1
-0.00795196814554528,0.19187132514368657,0.028320437391145467,-0.25943609583339167,1
-0.004114541642671547,0.38657777284675077,0.023131715474477635,-0.5430535567632209,0
0.003617013814263468,0.19113850249209915,0.012270644339213217,-0.24317296103821606,0
0.0074397838641054505,-0.00415655067329887,0.007407185118448896,0.053355043898294596,1
0.007356652850639473,0.19085841223393066,0.008474285996414787,-0.23698168316277274,0
0.011173821095318087,-0.00438357662109623,0.0037346523331593324,0.058362194684588586,0
0.011086149562896162,-0.19955887612509013,0.004901896226851104,0.3522210875021541,1
0.0070949720403943595,-0.0045069737872633076,0.011946317976894185,0.061087900823728,1
0.007004832564649093,0.19044167388294522,0.013168075993368744,-0.2278020704836639,0
0.010813666042307997,-0.004865960474920966,0.008612034583695466,0.0690052843825445,1
0.010716346832809578,0.19013146948161044,0.009992140271346357,-0.220948106948121,0
0.014518976222441787,-0.005131871758585538,0.005573178132383937,0.0748699236504094,1
0.014416338787270076,0.18990974079639505,0.007070576605392125,-0.21604944576464719,0
0.018214533603197976,-0.005312573358862899,0.0027495876900991813,0.0788554378805556,0
0.01810828213602072,-0.20047383284994516,0.004326696447710294,0.37240459828180966,1
0.014098805479021816,-0.005413613790869715,0.011774788413346487,0.08108905316537712,1
0.013990533203204421,0.18953758322357928,0.01339656947665403,-0.2078557629396381,0
0.01778128486767601,-0.0057733421361448045,0.009239454217861268,0.08902281005507373,1
0.017665818024953112,0.18921496282513203,0.011019910418962744,-0.2007308023339744,0
0.021450117281455752,-0.006062848939547338,0.007005294372283256,0.09540791791030018,1
0.021328860302664805,0.18895800133719634,0.00891345273048926,-0.19505663997210698,0
0.02510802032940873,-0.0062903091885817275,0.005012319931047121,0.10042471199020558,1
0.024982214145637095,0.18875944999292502,0.007020814170851233,-0.1906726356727157,0
0.028757403145495596,-0.006462233547709334,0.0032073614573969187,0.10421677495101711,1
0.02862815847454141,0.18861360687924728,0.005291696956417261,-0.1874525179555842,0
0.03240043061212636,-0.006583652253874167,0.0015426465973055765,0.10689502295458403,0
0.032268757567048875,-0.20172767607069533,0.0036805470563972572,0.4000642483028669,1
0.028234204045634967,-0.00665812745019273,0.011681832022454597,0.10854398563290013,1
0.02810104149663111,0.18829449215335975,0.0138527117351126,-0.18043061031213492,0
0.031866931339698305,-0.007022919512476911,0.0102440995288699,0.1165899639205154,1
0.03172647294944877,0.18795076537546063,0.012575898807280208,-0.1728435053261862,0
0.03548548825695798,-0.007348897165827956,0.009119028700756484,0.12378004012967608,1
0.03533851031364142,0.18764123098383956,0.011594629503350006,-0.16601203384860486,0
0.03909133493331821,-0.00764475664961875,0.00827438882637791,0.13030600250166663,1
0.03893843980032584,0.1873576933336166,0.010880508876411243,-0.1597550167675607,0
0.04268559366699817,-0.007918325597461112,0.007685408541060028,0.1363404799105692,1
0.042527227155048954,0.18709270653787155,0.010412218139271411,-0.153907941648259,0
0.04626908128580638,-0.008176770745103673,0.007334059306306231,0.14204153373926492,1
0.04610554587090431,0.18683937994418723,0.01017488998109153,-0.14831863101488763,0
0.04984233346978806,-0.008426786509570267,0.007208517360793778,0.14755682314184604,1
0.04967379773959665,0.18659119925008152,0.0101596538236307,-0.14284326953144316,0
0.053405621724598284,-0.008674769296241863,0.007302788433001837,0.1530274539529783,1
0.05323212633867345,0.18634185882388923,0.010363337512061402,-0.13734268726348514,0
0.056958963515151236,-0.008926982012967738,0.0076164837667917,0.15859161209976447,1
0.05678042387489188,0.1860851010472539,0.01078831600878699,-0.1316788033453088,0
0.06050212589583696,-0.009189712980449127,0.008154739941880814,0.16438807554376295,1
0.060318331636227976,0.18581455867302238,0.011442501452756073,-0.12571113921308574,0
0.06403462280968843,-0.00946943322531918,0.008928278668494358,0.1705596943378604,1
0.06384523414518205,0.18552359629360574,0.012339472555251566,-0.11929331318392994,0
0.06755570607105416,-0.00977295602209513,0.009953606291572967,0.17725692617326855,1
0.06736024695061225,0.18520514703947924,0.013498744815038339,-0.11226942862379763,0
0.07106434989140184,-0.010107602505254165,0.011253356242562386,0.18464151470325235,1
0.07086219784129676,0.18485154057844333,0.014946186536627434,-0.10447026628110984,0
0.07455922865286563,-0.010481377192615382,0.012856781211005237,0.19289039988234374,1
0.07434960110901331,0.1844543183702553,0.01671458920865211,-0.09570918756363322,1
0.07803868747641841,0.37933276854869324,0.014800405457379446,-0.38307216987617326,0
0.08562534284739227,0.1840038382183487,0.007138962059855981,-0.08575970384441056,0
0.08930541961175925,-0.011219713460034197,0.005423767982967769,0.20916699857863552,1
0.08908102534255857,0.1838242661958026,0.00960710795454048,-0.08180008770226299,0
0.09275751066647463,-0.011434075200706162,0.00797110620049522,0.21389835453732842,1
0.09252882916246051,0.183573012732256,0.012249073291241789,-0.07625950415706867,0
0.09620028941710564,-0.011722377109718934,0.010723883208100415,0.22026274181398708,1
0.09596584187491125,0.18324465676187088,0.015129138044380156,-0.06901823176996241,0
0.09963073501014867,-0.012090893771131983,0.013748773408980907,0.22839935868756805,1
0.09938891713472603,0.18283190859146983,0.018316760582732267,-0.05991519874175211,1
0.10304555530655543,0.3776865105965277,0.017118456607897223,-0.34676324579289,0
0.11059928551848598,0.18232530025698435,0.010183191692039423,-0.04873178550816937,0
0.11424579152362567,-0.012941177589576552,0.009208555981876036,0.24714655153955623,1
0.11398696797183414,0.18204805585738612,0.01415148701266716,-0.04261762057182905,0
0.11762792908898186,-0.01327393426426035,0.013299134601230578,0.25449642635738673,1
0.11736245040369665,0.18165562819210773,0.018389063128378312,-0.033962229938769406,1
0.12099556296753881,0.3765091127140406,0.017709818529602923,-0.3207869598548143,0
0.12852574522181962,0.18113949084457032,0.011294079332506635,-0.02257206782144583,0
0.13214853503871102,-0.014142592048280833,0.010842637976077719,0.27365276336533134,1
0.13186568319774541,0.1808229871443548,0.016315693243384347,-0.015590741962259791,1
0.13548214294063252,0.3757071971851211,0.016003878404139152,-0.3030815479879108,0
0.14299628688433494,0.18036086092321268,0.009942247444380936,-0.005394628072673768,0
0.14660350410279918,-0.014902254743130866,0.00983435488292746,0.29040854207107075,1
0.14630545900793657,0.18007809592019774,0.015642525724348877,0.0008434127683712989,0
0.14990702092634053,-0.015264658265392111,0.015659393979716302,0.29842041118273704,1
0.1496017277610327,0.1796306148569107,0.021627802203371044,0.010717018112006926,1
0.15319434005817092,0.37443582442560763,0.02184214256561118,-0.27506437893122127,0
0.16068305654668308,0.1790091576028591,0.016340854986986755,0.02442677791096598,0
0.16426323969874027,-0.01634327764640306,0.016829390545206074,0.32222030644382715,1
0.1639363741458122,0.1785350274013348,0.023273796674082615,0.03489185145815382,1
0.16750707469383888,0.37331562786660244,0.023971633703245693,-0.25035804425219177,0
0.17497338725117093,0.17785970247815688,0.018964472818201857,0.04978859573465244,1
0.17853058130073407,0.3727046595589566,0.019960244732894906,-0.23685106348510798,0
0.1859846744919132,0.17730331319512893,0.015223223463192746,0.062060492702781966,0
0.18953074075581577,-0.01803355831395903,0.016464433317248384,0.3595073039717381,1
0.18917006958953658,0.17685052230046633,0.023654579396683147,0.0720611283859588,1
0.1927070800355459,0.3716255056250019,0.025095801964402323,-0.21306581443076955,0
0.20013959014804594,0.17615391234815791,0.020834485675786933,0.08742664077058854,1
0.2036626683950091,0.37097112154501405,0.022583018491198703,-0.19861085558816655,0
0.21108209082590937,0.17553356772475284,0.018610801379435372,0.1011095676305252,1
0.21459276218040443,0.3703839224226224,0.020632992732045875,-0.18564408956539707,0
0.22200044062885688,0.17497292780700147,0.016920110940737934,0.11347568119998502,0
0.2254998991849969,-0.020387331673794307,0.019189624564737634,0.41144839939378897,1
0.225092152551521,0.174457399630364,0.027418592552613412,0.12487651662507099,1
0.22858130054412829,0.36917603380015995,0.029916122885114832,-0.15903159621595547,0
0.2359648212201315,0.17363883670229407,0.02673549096079572,0.14293698688177214,1
0.23943759795417738,0.36836789520251356,0.029594230698431166,-0.14119291683559504,0
0.24680495585822765,0.17283486961110034,0.026770372361719266,0.1606776261872233,1
0.25026165325044963,0.36756354337201513,0.029983924885463732,-0.12344117662247261,0
0.25761292411788994,0.17202514142103753,0.02751510135301428,0.17854854227231387,1
0.2610534269463107,0.36674275673910595,0.03108607219846056,-0.10532890584384941,0
0.2683882820810928,0.1711894320643005,0.02897949408158357,0.19699719710715796,1
0.2718120707223788,0.3658851440053704,0.03291943802372673,-0.08640496989239116,0
0.2791297736024862,0.17030716323816855,0.031191338625878907,0.21647962310049668,1
0.28253591686724955,0.36496964785108954,0.03552093108788884,-0.0662033083712632,0
0.28983530982427136,0.16935690655077051,0.034196864920463574,0.23747167202687514,1
0.2932224479552868,0.3639740415433226,0.03894629836100108,-0.04423143554763381,1
0.3005019287861532,0.5585165041511433,0.0380616696500484,-0.3243765265642027,0
0.3116722588691761,0.36287385460779475,0.03157413911876435,-0.019937666619775862,0
0.318929735961332,0.16731365772167947,0.03117538578636883,0.28253767613502084,1
0.3222760091157656,0.3619773864629353,0.03682613930906925,-0.00015195370967219235,0
0.3295155568450243,0.16634717579760508,0.036823100234875804,0.30391884265921254,1
0.3328425003609764,0.36092552824094576,0.04290147708806005,0.023072714236006375,1
0.3400610109257953,0.5554068110499681,0.04336293137278018,-0.2557716231976468,0
0.3511691471467947,0.35969342850126895,0.03824749890882725,0.05026719441040656,1
0.35836301571682005,0.5542466689684988,0.03925284279703538,-0.23010721429257747,0
0.36944794909619005,0.3585864272997109,0.034650698511183825,0.0746944468483493,0
0.3766196776421843,0.16298529806666073,0.036144587448150814,0.37810528576650365,1
0.37987938360351753,0.3575757812958035,0.043706693163480886,0.09703439953582599,1
0.3870308992294336,0.5520449490340368,0.045647381154197406,-0.18154510214324276,0
0.39807179821011435,0.35630054722561244,0.04201647911133255,0.12518132158621542,1
0.4051978091546266,0.5507961626616777,0.04452010554305686,-0.15395540919698303,0
0.41621373240786014,0.3550659679323873,0.0414409973591172,0.15243355984248674,1
0.4233150517665079,0.5495707864544261,0.044489668555966935,-0.12689301199675856,0
0.4343064674955964,0.3538406572618439,0.04195180831603176,0.17948731679265384,1
0.4413832806408333,0.5483379498688118,0.04554155465188484,-0.09967171588656915,0
0.4523500396382096,0.3525938953548946,0.04354812033415346,0.2070245230232562,1
0.45940191754530746,0.5470669436765652,0.04768861079461858,-0.07160938746551881,0
0.4703432564188388,0.35129489571547906,0.0462564230453082,0.23572996658349432,1
0.47736915433314836,0.5457264962724252,0.050971022376978085,-0.04201093800383621,0
0.48828368425859686,0.34991209144396457,0.05013080361690136,0.2663081934403478,1
0.4952819260874762,0.5442840524187371,0.05545696748570832,-0.010151184134041924,0
0.506167607135851,0.348412435142215,0.05525394380302748,0.2995005512837634,1
0.5131358558386953,0.5427050498729742,0.06124395482870275,0.02474279220182707,1
0.5239899568361548,0.7368976747255406,0.06173881067273929,-0.2480055605430957,0
0.5387279103306656,0.5409508301043862,0.05677869946187738,0.06349440061822653,1
0.5495469269327533,0.7352146882927924,0.05804858747424191,-0.21074783903587235,0
0.5642512206986091,0.5393128652979168,0.05383363069352446,0.09966664751554832,1
0.5750374780045675,0.7336236112855943,0.05582696364383543,-0.17555778644316922,0
0.5897099502302794,0.5377489823386556,0.05231580791497205,0.13420102437955483,0
0.6004649298770525,0.34191821504205033,0.05499982840256314,0.4429191160541132,1
0.6073032941778935,0.5362205356709618,0.0638582107236454,0.16806814312293888,1
0.6180277048913128,0.7303730603198157,0.06721957358610418,-0.10380549220270824,0
0.6326351660977091,0.5343553992807804,0.06514346374205002,0.20930464958648742,1
0.6433222740833247,0.7284883255432544,0.06932955673377976,-0.06213844580856731,0
0.6578920405941897,0.5324443695611046,0.06808678781760841,0.25158760929936497,1
0.6685409279854118,0.7265313391639391,0.0731185400035957,-0.018866239954956843,0
0.6830715547686905,0.5304410927446723,0.07274121520449657,0.2959609099174728,1
0.693680376623584,0.7244547319720686,0.07866043340284602,0.027077110076584532,1
0.7081694712630253,0.9183656707625808,0.07920197560437771,-0.2397875732423439,0
0.726536784678277,0.7222068778829784,0.07440622413953082,0.07678927102533267,1
0.7409809222359366,0.9161876611767723,0.07594200956003748,-0.19152157488769272,0
0.759304675459472,0.7200660903076035,0.07211157806228362,0.12411838280823217,1
0.7737059972656241,0.9140848253237137,0.07459394571844827,-0.14497092848270426,0
0.7919876937720983,0.717978274764598,0.07169452714879418,0.17028117413234578,1
0.8063472592673903,0.9120047182831377,0.0751001506314411,-0.09895068596444212,0
0.824587353633053,0.7158912639681323,0.07312113691215226,0.21644901596211724,1
0.8389051789124157,0.9098958605244132,0.07745011723139461,-0.052301799571723595,0
0.8571030961229039,0.7137537222935312,0.07640408123996013,0.26377700335989757,0
0.8713781705687745,0.5176290753153194,0.08167962130715808,0.5795466724549846,1
0.8817307520750809,0.7115171209035989,0.09327055475625778,0.31367133267230973,1
0.8959610944931529,0.9051951932133442,0.09954398140970398,0.05179877203329364,1
0.9140649983574197,1.0987593297496487,0.10057995685036986,-0.2078924775811969,0
0.9360401849524127,0.9023537507820776,0.09642210729874592,0.11474764434089929,1
0.9540872599680542,1.0959713522911987,0.0987170601855639,-0.14602553058867473,0
0.9760066870138782,0.8995844640345803,0.09579654957379041,0.1760963163284009,1
0.9939983762945698,1.0932142136858598,0.09931847590035843,-0.08489549660829782,0
1.015862660568287,0.896819221849052,0.09762056596819248,0.23739688204903858,1
1.033799045005268,1.0904208176544559,0.10236850360917325,-0.02296799216744655,0
1.0556074613583573,0.8939911326851583,0.10190914376582433,0.30017785004123587,0
1.0734872840120604,0.6975754393272661,0.10791270076664905,0.6231822660161972,1
1.0874387927986058,0.8910383507302757,0.120376346086973,0.36634073198845346,1
1.1052595598132113,1.0842623975866295,0.12770316072674207,0.1139072933578052,1
1.126944807764944,1.2773452063089192,0.12998130659389817,-0.13591575226222075,0
1.1524917118911224,1.0806242203365661,0.12726299154865375,0.19478350127176908,1
1.1741041962978538,1.2737177792540904,0.13115866157408915,-0.05520010683973611,0
1.1995785518829356,1.0769829263298552,0.1300546594372944,0.27581773112374464,1
1.2211182104095326,1.2700327105117541,0.13557101405976932,0.02681694117198477,0
1.2465188646197678,1.0732533230529433,0.13610735288320902,0.35901353999453467,1
1.2679839310808267,1.2662044412104816,0.14328762368309972,0.11215569859570404,0
1.2933080199050364,1.0693510134623965,0.1455307376550138,0.44639233081339935,1
1.3146950401742843,1.2621467060785136,0.15445858427128178,0.20289100170997826,1
1.3399379742958546,1.454761162739383,0.15851640430548136,-0.03736058728702926,0
1.3690331975506422,1.257763136594326,0.15776919255974078,0.3008405711023904,1
1.3941884602825287,1.4503258651072253,0.16378600398178858,0.06177581055545989,0
1.4231949775846733,1.253280700608975,0.16502152019289779,0.4013260655152578,1
1.4482605915968527,1.4457245532085414,0.17304804150320294,0.16487828938005744,0
1.4771750826610235,1.2486022848044966,0.1763456072908041,0.5067681014025236,1
1.5021471283571135,1.440858291234016,0.18648096931885455,0.27443384595529574,1
1.5309642941817938,1.632898015983165,0.19196964623796048,0.04587661559405515,0
1.563622254501457,1.435615944383367,0.19288717854984158,0.3924567798233595,1
1.5923345733891243,1.6275524508693504,0.20073631414630877,0.16624908792982815,0
1.6248856224065114,1.43020781984412,0.20406129590490532,0.5149429514526724,1
0.019917919533091494,0.024964366805168586,0.049340711425622574,-0.03128041583776592,1
0.020417206869194866,0.2193452971324069,0.04871510310886726,-0.30799668321587725,1
0.024804112811843006,0.413740484763796,0.04255516944454971,-0.5849269585803258,0
0.03307892250711893,0.21804908211425947,0.0308566302729432,-0.2791481599228299,0
0.03743990414940412,0.022500847113564038,0.0252736670744866,0.023104972682159164,1
0.037889921091675396,0.21725140406023724,0.025735766528129783,-0.26149790170994397,0
0.04223494917288014,0.02177171543570061,0.020505808493930903,0.03919001274117462,1
0.04267038348159415,0.2165937031773458,0.021289608748754397,-0.24695324556055176,0
0.04700225754514107,0.021174266664081454,0.016350543837543363,0.05236815385809229,1
0.047425742878422696,0.21605800081677926,0.01739790691470521,-0.23511152733257484,0
0.05174690289475828,0.02069185320774855,0.012695676368053712,0.06300807067744568,1
0.05216073995891325,0.21562949967707726,0.013955837781602625,-0.2256424056919321,0
0.0564733299524548,0.0203109038382438,0.009442989667763982,0.07140984067133255,1
0.05687954802921968,0.21529621162474843,0.010871186481190632,-0.21827888326458095,0
0.06118547226171465,0.020020557869775996,0.006505608815899013,0.07781335475731838,0
0.061585883419110164,-0.1751940477059483,0.008061875911045381,0.37254170210025506,1
0.0580820024649912,0.01981245364716888,0.015512709953050482,0.082411621528863,1
0.058478251537934574,0.2147086368995562,0.017160942383627743,-0.20533692477312576,0
0.06277242427592569,0.019345536242295763,0.013054203888165227,0.0927096461733824,1
0.0631593350007716,0.21427797129393186,0.014908396811632876,-0.1958262656644808,0
0.06744489442665023,0.01894597770647649,0.01099187149834326,0.10152207071055547,1
0.06782381398077976,0.21390868911132244,0.013022312912554368,-0.18767278470093984,0
0.0721019877630062,0.018602870724896026,0.009268857218535572,0.10908955495534783,1
0.07247404517750412,0.2135907824910607,0.011450648317642528,-0.18065474397099535,0
0.07674586082732533,0.018306864616787988,0.00783755343822262,0.11561834625665679,1
0.07711199811966109,0.21331564418286936,0.010149920363355757,-0.1745816218791722,0
0.08137831100331848,0.018049911940100083,0.006658287925772313,0.12128591462839089,1
0.08173930924212049,0.21307583931663424,0.009084006218340131,-0.16928896974020652,0
0.08600082602845317,0.017825050193757797,0.0056982268235360005,0.12624579117527535,0
0.08635732703232833,-0.17737806779952525,0.008223142647041506,0.4207209841451756,1
0.08280976567633783,0.017626412043072803,0.016637562329945017,0.13064173068060936,1
0.08316229391719929,0.21250613053602094,0.019250396943557204,-0.15674617206040653,0
0.0874124165279197,0.017113927551989233,0.016115473502349074,0.14194709523887933,1
0.08775469507895949,0.2120014129504384,0.01895441540712666,-0.14560842909856425,0
0.09199472333796825,0.01661322057915879,0.016042246825155378,0.152993477675604,1
0.09232698774955142,0.2115018387147013,0.019102116378667457,-0.13458561558549836,0
0.09655702452384544,0.016111555526718807,0.01641040406695749,0.16406201940987797,1
0.09687925563437982,0.210994790877964,0.01969164445515505,-0.12339903050911116,0
0.10109915145193911,0.015596341451179774,0.017223663844972828,0.17543078889425578,1
0.1014110782809627,0.21046761655291155,0.020732279622857945,-0.11176926092593276,1
0.10562043061202094,0.40528644806864433,0.01849689440433929,-0.39783985302782393,0
0.11372615957339383,0.20990703149731188,0.010540097343782813,-0.09938308449221822,0
0.11792430020334006,0.014635619880131429,0.008552435653938449,0.19660649426692212,1
0.1182170126009427,0.20963420154809947,0.012484565539276892,-0.09336629561538518,0
0.12240969663190468,0.014335555375661196,0.010617239626969189,0.2032292107837242,1
0.12269640773941791,0.2093040710108087,0.014681823842643674,-0.08608566953506774,0
0.12688248915963407,0.013974777942083877,0.012960110451942319,0.21119299347999904,1
0.12716198471847576,0.20890905133792576,0.0171839703215423,-0.07737369462587251,0
0.13134016574523427,0.013545026426863449,0.01563649642902485,0.2206809158344628,1
0.13161106627377153,0.20844002041580964,0.020050114745714106,-0.06702889438523774,0
0.13577986668208772,0.013036433203207243,0.01870953685800935,0.2319119119741142,1
0.13604059534615187,0.2078861164168846,0.023347775097491634,-0.054811176531561756,1
0.14019831767448956,0.402665648765677,0.0222515515668604,-0.34003722295473776,0
0.1482516306498031,0.20723427208551848,0.015450807107765644,-0.040421311800821313,0
0.15239631609151347,0.011894205475224628,0.014642380871749218,0.25709617058862627,1
0.15263420020101795,0.2068040802579559,0.019784304283521743,-0.03093259458588571,0
0.15677028180617708,0.011404081265988297,0.01916565239180403,0.2679262493768999,1
0.15699836343149684,0.20624734223783808,0.024524177379342028,-0.01865060917687833,1
0.1611233102762536,0.4010091609363833,0.02415116519580446,-0.3034961037208863,0
0.16914349349498126,0.2055514917291399,0.018081243121386734,-0.0032953481557343456,0
0.17325452332956406,0.010174958979065202,0.018015336158272048,0.2950371420663928,1
0.17345802250914538,0.20503550266582826,0.023916078999599903,0.00808997942316414,1
0.17755873256246194,0.3998064445937955,0.024077878588063185,-0.27695222685899384,0
0.18555486145433783,0.20434940616722835,0.01853883405088331,0.023226560901048132,0
0.1896418495776824,0.008966564519511916,0.01900336526890427,0.3217005667163853,1
0.18982118086807265,0.20381281588282593,0.025437376603231976,0.03507061452073451,1
0.19389743718572916,0.3985609272364793,0.026138788893646667,-0.24947926507098156,0
0.20186865573045876,0.20307563592413638,0.021149203592227037,0.051332434492844414,1
0.2059301684489415,0.3978880464585809,0.022175852282083925,-0.2346034283497465,0
0.2138879293781131,0.20245638706124583,0.017483783715088994,0.06499114958094915,0
0.21793705711933803,0.0070881852971292625,0.018783606706707978,0.36313863339577956,0
0.21807882082528063,-0.18829562703036593,0.02604637937462357,0.6616847069905033,1
0.2143129082846733,0.006454409100038139,0.03928007351443363,0.37731550776296074,1
0.21444199646667408,0.2009971082736558,0.04682638366969285,0.09727192567334048,1
0.2184619386321472,0.39541774349878817,0.04877182218315966,-0.18027742830698423,1
0.22637029350212295,0.5898090827955087,0.04516627361701998,-0.45718447658883804,0
0.23816647515803313,0.3940786652260377,0.03602258408524321,-0.15061389563320954,1
0.24604804846255388,0.5886667759104118,0.033010306172579024,-0.43171835569072486,0
0.2578213839807621,0.3930933417029644,0.024375939058764527,-0.12881475670947984,0
0.26568325081482136,0.19763083333105347,0.02179964392457493,0.1714577206831573,1
0.2696358674814424,0.39243409724671063,0.025228798338238077,-0.11426915878136673,0
0.2774845494263766,0.1969599048145309,0.022943415162610743,0.1862653013551963,1
0.28142374752266724,0.39174620459176196,0.026668721189714667,-0.09909247772935947,0
0.28925867161450247,0.19625239284642534,0.024686871635127478,0.20188364129908654,1
0.29318371947143096,0.3910127403110865,0.028724544461109208,-0.08291066005300879,0
0.3010039742776527,0.19549105727663982,0.02706633126004903,0.21869473398201972,1
0.3049137954231855,0.3902158545771709,0.031440225939689426,-0.06532894912958859,0
0.3127181125147289,0.19465757222915356,0.030133646957097655,0.2371054097671913,1
0.316611263959312,0.3893363460554302,0.034875755152441484,-0.04592222789802014,0
0.3243979908804206,0.1937321041921893,0.03395731059448108,0.25755710877899374,1
0.3282726329642644,0.3883532149116281,0.039108452770060954,-0.024224729650659194,0
0.33603969726249694,0.19269287103004276,0.03862395817704777,0.28053632654039007,1
0.3398935546830978,0.3872431878150042,0.044234684707855576,0.0002811189594686403,1
0.34763841843939786,0.5817037526602054,0.04424030708704495,-0.2781236414721278,0
0.359272493492602,0.3859795071933417,0.03867783425760239,0.028177877183371614,0
0.36699208363646885,0.19032484821478374,0.03924139180126982,0.33280882046906474,1
0.37079858060076454,0.38486692864919714,0.045897568210651114,0.05275435905761261,1
0.3784959191737485,0.5793017409436394,0.04695265539180336,-0.22510157007636744,0
0.39008195399262124,0.38354128405640553,0.042450623990276014,0.08201451093078677,1
0.39775277967374933,0.578029811419009,0.044090914208891746,-0.19697872487741297,0
0.4093133759021295,0.3823058422670707,0.040151339711343485,0.10928043749337146,1
0.4169594927474709,0.5768301169680681,0.042336948461210916,-0.17046948492718345,0
0.4284960950868323,0.3811285685810202,0.03892755876266725,0.1352631376231942,1
0.4361186664584527,0.5756719401373789,0.04163282151513113,-0.14488903392100844,0
0.4476321052612003,0.3799792600862074,0.03873504083671096,0.1606321424085958,1
0.45523169046292444,0.574525876741735,0.04194768368488288,-0.11958363171551795,0
0.46672220799775915,0.37882880645088435,0.03955601105057252,0.18603275152502935,1
0.47429878412677684,0.5733631330202595,0.043276666081073105,-0.09391404564910155,0
0.48576604678718205,0.3776484818374896,0.04139838516809107,0.21210243165291803,1
0.49331901642393183,0.5721548366698461,0.04564043380114943,-0.06723947471616126,0
0.5047621131573288,0.3764092591635102,0.044295644306826205,0.23948676340397373,1
0.512290298340599,0.5708713540240786,0.04908537957490568,-0.03890159839520768,0
0.5237077254210806,0.3750811385149799,0.048307347607001526,0.2688553042413251,1
0.5312093481913802,0.5694816059977835,0.053684453691828025,-0.008208386399150835,0
0.5425989803113359,0.3736324840101043,0.05352028596384501,0.3009177165574285,1
0.550071629991538,0.5679523778089703,0.05953864029499358,0.025582689932103497,0
0.5614306775477175,0.37202936816114884,0.06005029409363565,0.33644049040202006,1
0.5688712649109404,0.5662476224489122,0.06677910390167606,0.0632823976607843,1
0.5801962173599187,0.7603517267099256,0.06804475185489174,-0.20760633427722391,0
0.5954032518941171,0.5643260911097254,0.06389262516934727,0.10574139274583133,1
0.6066897737163116,0.75847700231527,0.06600745302426389,-0.16611909038507916,0
0.621859313762617,0.562475326057823,0.0626850712165623,0.14663527659243158,1
0.6331088202837735,0.7566461942922105,0.06561777674841093,-0.12563163538081884,0
0.6482417441696177,0.5606485573609294,0.06310514404079455,0.18700990327366585,1
0.6594547153168363,0.7548135392695772,0.06684534210626787,-0.08511724949686361,0
0.6745509861022279,0.5588002442271766,0.0651429971163306,0.22788395128958755,1
0.6857269909867714,0.7529336936676452,0.06970067614212236,-0.04356007295037739,0
0.7007856648601243,0.5568850740289978,0.06882947468311482,0.2702742259167198,1
0.7119233663407042,0.7509607564986832,0.07423495920144921,6.989612977287285e-05,0
0.7269425814706778,0.5548570044189851,0.07423635712404467,0.3152204135085985,1
0.7380397215590575,0.7488473124694698,0.08054076539421663,0.046841846719742175,1
0.7530166678084469,0.9427275266922778,0.08147760232861148,-0.2193823424698143,0
0.7718712183422924,0.7465411406680689,0.0770899554792152,0.09784889458897628,1
0.7868020411556538,0.9404784380522407,0.07904693337099472,-0.16955106768498135,0
0.8056116099166986,0.7443192668339321,0.07565591201729509,0.14698450835672472,1
0.8204979952533772,0.938280850910129,0.07859560218442958,-0.12090398916511513,0
0.8392636122715798,0.7421259583084356,0.07617752240112728,0.19550336593517686,1
0.8541061314377485,0.9360802759276248,0.08008758971983082,-0.07220984181423751,0
0.872827736956301,0.7399069346078854,0.07864339288354608,0.24462756831897298,1
0.8876258756484587,0.93382268097682,0.08353594424992554,-0.022249687940950114,0
0.9063023292679951,0.7376082630502154,0.08309095049110654,0.2955766242139782,0
0.9210544945289995,0.5414061065661534,0.0890024829753861,0.6132651323308922,1
0.9318826166603226,0.7351789578821084,0.10126778562200395,0.34988851321530845,1
0.9465861958179648,0.9287258266168896,0.10826555588631012,0.09077744726643433,1
0.9651607123503025,1.1221428247780971,0.11008110483163881,-0.16588143972724995,0
0.9876035688458645,0.9256313601190005,0.10676347603709381,0.15940010880362898,1
1.0061161960482445,1.1190756902393106,0.10995147821316639,-0.0977853679214174,0
1.0284977098530308,0.9225637078628457,0.10799577085473805,0.2274632678848541,1
1.0469489840102877,1.1159898685822451,0.11254503621243513,-0.029296583498962803,0
1.0692687813819326,0.919448933995337,0.11195910454245588,0.2966681244166797,1
1.0876577600618393,1.1128115960591705,0.11789246703078947,0.04128731467859781,1
1.1099139919830228,1.3060629923057454,0.11871821332436143,-0.2119975115782633,0
1.1360352518291377,1.1094613923823686,0.11447826309279616,0.11565037356413815,0
1.158224479676785,0.9129011164681433,0.11679127056407893,0.4421440587575137,1
1.176482502006148,1.1061934813434824,0.1256341517392292,0.1884393017940783,1
1.1986063716330178,1.29931502619559,0.12940293777511078,-0.06212050661714791,0
1.2245926721569296,1.1025980670369753,0.1281605276427678,0.2684262168369246,0
1.246644633497669,0.9059022561459604,0.1335290519795063,0.5986263158529183,1
1.2647626786205883,1.0989280971571893,0.14550157829656465,0.3508059453620668,1
1.2867412405637322,1.2917135397085762,0.15251769720380598,0.10731012387744193,1
1.3125755113579036,1.4843582733054674,0.15466389968135483,-0.13363599881949237,0
1.342262676824013,1.2873981048584984,0.15199117970496498,0.2035678083129104,1
1.3680106389211828,1.4800566585427157,0.15606253587122318,-0.037574886482029,0
1.3976117720920371,1.2830811124096015,0.1553110381415826,0.2999940129181331,0
1.4232733943402291,1.0861258394527007,0.16131091839994524,0.6373490296845834,1
1.4449959111292832,1.278674489511925,0.1740578989936369,0.3994956748549736,1
1.4705694009195216,1.470955314449803,0.18204781249073637,0.16634746753201424,0
1.4999885072085177,1.2737576631239245,0.18537476184137666,0.5104828247056109,1
1.5254636604709961,1.4658509198649923,0.19558441833548887,0.28146814647208385,1
1.554780678868296,1.6577236703631688,0.20121378126493056,0.056282228471795204,0
1.5879351522755594,1.4603707002752289,0.20233942583436645,0.40509768348920644,1
0.03564843737838905,0.005641083854324137,-0.04116566085274327,-0.04046729855026792,0
0.03576125905547553,-0.18886711942876558,-0.04197500682374863,0.23894854303526958,0
0.03198391666690022,-0.38336507207014403,-0.03719603596304324,0.5181014666090306,0
0.024316615225497336,-0.5779441191960757,-0.026834006630862627,0.7988350408213045,1
0.012757732841575822,-0.38246451477042276,-0.010857305814436537,0.49783294500903197,1
0.005108442546167367,-0.18719117555371675,-0.0009006469142558964,0.2017482150937362,0
0.0013646190350930319,-0.38230023436936195,0.003134317387618828,0.494146894461009,1
-0.006281385652294207,-0.187222627106703,0.013017255276839008,0.20245340869286227,1
-0.010025838194428267,0.0077107624416709875,0.017066323450696252,-0.08609493756801911,0
-0.009871622945594847,-0.1876516108061437,0.01534442469933587,0.21192320302678708,1
-0.013624655161717722,0.007247628264802075,0.01958288875987161,-0.07588015545211169,1
-0.01347970259642168,0.20208344755950122,0.018065285650829377,-0.3623208467414301,0
-0.009438033645231656,0.006709448594388212,0.010818868716000775,-0.06399676279038369,0
-0.009303844673343891,-0.18856593333269708,0.009538933460193102,0.23207985318733576,1
-0.013075163339997833,0.006418427011963795,0.014180530523939817,-0.057578977119840946,1
-0.012946794799758557,0.20133421405588756,0.013028950981542999,-0.34575432558934704,0
-0.008920110518640806,0.0060293750280290825,0.006113864469756058,-0.04899152874947421,0
-0.008799523018080225,-0.18917970754925997,0.005134033894766574,0.2456140874997378,1
-0.012583117169065424,0.0058685413888220905,0.01004631564476133,-0.04544503072589673,0
-0.012465746341288983,-0.18939601678091947,0.009137415030243394,0.25039059295577104,1
-0.016253666676907374,0.00559426552242015,0.014145226889358816,-0.03939625779928024,1
-0.01614178136645897,0.2005105484750891,0.013357301733373211,-0.32758287446736933,0
-0.01213157039695719,0.005201004766017592,0.006805644244025824,-0.03071776356197342,0
-0.012027550301636838,-0.19001787847953522,0.006191288972786356,0.2641046238602062,1
-0.015827907871227544,0.0050151571605538126,0.01147338144999048,-0.026619095275341453,1
-0.015727604728016466,0.1999707079251402,0.01094099954448365,-0.3156600737536134,0
-0.011728190569513661,0.00469463318956137,0.004627798069411383,-0.01954690349495508,0
-0.011634297905722435,-0.19049337888444712,0.004236859999512281,0.2745925472123741,1
-0.015444165483411376,0.004567865751801792,0.009728710943759763,-0.016751060477037616,1
-0.01535280816837534,0.19954895419689037,0.00939368973421901,-0.3063486564546914,0
-0.011361829084437534,0.0042944123835916,0.003266716605125183,-0.0107180616259826,0
-0.011275940836765702,-0.19087423523884614,0.0030523553726055307,0.28299376073530236,1
-0.015093425541542624,0.004204046507592735,0.008712230587311577,-0.00872490765962064,1
-0.015009344611390769,0.1991999756046633,0.008537732434119165,-0.2986463374091498,0
-0.011025345099297503,0.003957370979026709,0.002564805685936169,-0.003283041410866272,0
-0.01094619767971697,-0.1912012691828762,0.0024991448577188435,0.29020800802890584,1
-0.014770223063374494,0.0038849569821094165,0.00830330501829696,-0.0016856695545253708,1
-0.014692523923732305,0.19888684844021967,0.008269591627206453,-0.2917372798895325,0
-0.010714786954927911,0.003647968164252585,0.0024348460294158023,0.003542259083346877,0
-0.01064182759164286,-0.19150881748562865,0.00250569121108274,0.2969924138473136,1
-0.014472003941355432,0.0035773246052000773,0.008445539488029011,0.005100791790349446,1
-0.01440045744925143,0.19857714271159094,0.008547555323836,-0.28490554475497565,0
-0.010428914595019611,0.003334333619363583,0.002849444428736487,0.010460921181270177,0
-0.010362227922632338,-0.1918283663323921,0.0030586628523618905,0.30404151819481945,1
-0.01419879524928018,0.00324986177024289,0.00913949321625828,0.012324790295096366,1
-0.014133798013875322,0.1982395561964292,0.009385989022160209,-0.2774605621652449,0
-0.010169006889946739,0.002984967599546001,0.0038367777788553105,0.018167860103729727,0
-0.010109307537955818,-0.19219179662162458,0.004200134980929905,0.31205886145964995,1
-0.01395314347038831,0.002870066472049182,0.010441312210122905,0.020703483703407854,1
-0.013895742140947326,0.19784073399096258,0.010855381884191061,-0.26866688578455267,0
-0.009938927461128073,0.002565561047448456,0.005482044168500008,0.02742003507458024,1
-0.009887616240179104,0.1976084684350999,0.006030444869991613,-0.26352821691482153,0
-0.005935446871477106,0.002400961918244515,0.0007598805316951819,0.031050658696478384,0
-0.005887427633112216,-0.19273187813676684,0.0013808937056247496,0.32397323912884574,1
-0.009742065195847553,0.002370383251033753,0.007860358488201664,0.03172610869313858,1
-0.009694657530826878,0.19737873619946233,0.008494880662064436,-0.25846646269970935,0
-0.005747082806837631,0.00213654636909813,0.003325551408070249,0.03688372004011381,0
-0.005704351879455669,-0.19303293542509137,0.0040632258088725256,0.33061403421748864,1
-0.009565010587957496,0.0020309414887103305,0.010675506493222298,0.03921521929398186,1
-0.009524391758183289,0.19699819219928918,0.011459810879101934,-0.25008045284418384,0
-0.005584427914197505,0.001714480573524052,0.006458201822218257,0.04619499090274276,1
-0.0055501383027270245,0.19674323256192272,0.007382101640273113,-0.24444333821536757,0
-0.00161527365148857,0.0015166238311221658,0.0024932348759657613,0.05055891386940975,0
-0.0015849411748661269,-0.19364098889284764,0.0035044131533539563,0.3440274333929306,1
-0.00545776095272308,0.001430933680909463,0.010384961821212568,0.05245164163448163,1
-0.005429142279104891,0.19640244941323545,0.011433994653902201,-0.23693673782662145,0
-0.001501093290840182,0.0011190265057741955,0.006695259897369772,0.059330769960456275,1
-0.0014787127607246982,0.1961443440919487,0.007881875296578897,-0.23123225801202468,0
0.0024441741211142756,0.0009106585222949382,0.003257230136338403,0.06392642121681619,1
0.0024623872915601744,0.19598575817375047,0.004535758560674727,-0.22772705205098576,0
0.006382102455035184,0.0007992817374949668,-1.8782480344987917e-05,0.06638315935897521,0
0.006398088089785083,-0.19432240018947627,0.0013088807068345162,0.3590601601485845,1
0.0025116400859955573,0.0007809199603569239,0.008490083909806207,0.06679024142541057,1
0.002527258485202696,0.19578012530125388,0.009825888738314418,-0.2232019700865568,0
0.006442860991227773,0.0005191224737849109,0.005361849336583282,0.07256416001524268,1
0.006453243440703472,0.195563795650098,0.006813132536888136,-0.21842226804055498,0
0.010364519353705432,0.00034511732497174985,0.002444687176077036,0.07640199858377567,1
0.010371421700204867,0.19543193690251612,0.0039727271477525495,-0.21550861901752377,0
0.01428006043825519,0.00025341696510217115,-0.00033744523259792575,0.07842482928811562,0
0.014285128777557233,-0.19486369519544441,0.0012310513531643866,0.37100127196905014,1
0.010387854873648345,0.00024074464044518407,0.00865107679254539,0.07870676298034679,1
0.010392669766457249,0.1952376174210234,0.010225212052152325,-0.2112342160673376,0
0.014297422114877717,-2.9029160850957414e-05,0.006000527730805573,0.08465660182421852,1
0.014296841531660697,0.19500639589446805,0.007693659767289944,-0.20612712432562752,0
0.018196969449550057,-0.00022472483708937951,0.003571117280777393,0.08897280332217383,1
0.01819247495280827,0.19484585732309762,0.005350573347220869,-0.2025812978875044,0
0.022089392099270223,-0.0003522043645984019,0.001298947389470781,0.09178466452176465,0
0.022082348011978257,-0.1954927496019189,0.0031346406799060743,0.38487712586263323,1
0.01817249301993988,-0.0004154406679363898,0.01083218319715874,0.09318418292929137,1
0.018164184206581155,0.19454959128597613,0.012695866855744567,-0.1960616082474248,0
0.02205517603230068,-0.0007516382994642856,0.008774634690796071,0.10059911130477872,1
0.022040143266311395,0.19424346639061013,0.010786616916891645,-0.1893025761864589,0
0.0259250125941236,-0.0010311291885647111,0.007000565393162466,0.10676348091358434,1
0.025904390010352305,0.19398980548438602,0.009135835011434154,-0.18370260353339563,0
0.029784186120040024,-0.0012616665245272773,0.005461782940766241,0.1118482804198846,1
0.02975895278954948,0.1937815972241145,0.007698748549163933,-0.1791064952505768,0
0.03363458473403177,-0.0014496733317679866,0.004116618644152397,0.11599514171559167,1
0.03360559126739641,0.1936130523818142,0.006436521478464231,-0.1753861851652222,0
0.03747785231503269,-0.0016004205091242618,0.0029287977751597865,0.11932028284438423,1
0.03744584390485021,0.19347944594447222,0.005315203432047472,-0.1724371964967158,0
0.04131543282373965,-0.0017181739412491237,0.0018664595021131557,0.1219177598400017,1
0.04128106934491467,0.1933769869157973,0.00430481469891319,-0.17017573293517274,0
0.045148609083230616,-0.0018063145992672502,0.0009013000402097351,0.12386211818494614,0
0.04511248279124527,-0.19694116668426226,0.003378542403908658,0.4168292596012501,1
0.041173659457560026,-0.0018672585736012604,0.01171512759593366,0.12521335702123704,1
0.041136314286088,0.19308491746364967,0.014219394736358401,-0.16375067149052913,0
0.044998012635361,-0.002237671726647017,0.010944381306547818,0.13338395459154379,1
0.04495325920082806,0.19272581488320903,0.013612060398378693,-0.15582617715915353,0
0.04880777549849224,-0.0025883587933805685,0.010495536855195622,0.14111976389050113,1
0.048756008322624625,0.19238171459333916,0.013317932133005646,-0.14823360726750034,0
0.05260364261449141,-0.002928392583608219,0.010353259987655638,0.14862092896177165,1
0.05254507476281924,0.19204378230449126,0.013325678566891071,-0.1407778551527984,0
0.05638595040890907,-0.0032664608241699256,0.010510121463835103,0.15607913200333318,1
0.056320621192425674,0.1917034449450418,0.013631704103901767,-0.13326965530649842,0
0.06015469009132651,-0.0036110889504904486,0.0109663109977718,0.16368252234291625,1
0.0600824683123167,0.19135217305457808,0.014239961444630123,-0.12552075532074874,0
0.06390951177340826,-0.003970855695443837,0.011729546338215147,0.17162049029305781,1
0.06383009465949938,0.19098126664460033,0.015161956144076304,-0.1173391694339701,0
0.06764971999239139,-0.004354606770147484,0.012815172755396901,0.18008840707404433,1
0.06756262785698844,0.19058163934294697,0.01641694089687779,-0.10852439417177001,1
0.07137426064384737,0.38546453565575645,0.014246453013442389,-0.39598298266939763,0
0.0790835513569625,0.19014337690322347,0.006326793360054437,-0.09884266052818957,0
0.08288641889502697,-0.00506867531738639,0.004349940149490646,0.1958296221538376,1
0.08278504538867924,0.18999078486429635,0.008266532592567398,-0.0954779215689604,0
0.08658486108596516,-0.0052486654030634294,0.00635697416118819,0.1998015804433242,1
0.0864798877779039,0.1897817908636115,0.010353005770054675,-0.09086925511145949,0
0.09027552359517613,-0.005487012202899849,0.008535620667825485,0.20506198157545574,1
0.09016578335111813,0.18951184232752447,0.012636860299334599,-0.08491620303309139,0
0.09395602019766862,-0.005788949871586846,0.010938536238672771,0.21172673290193816,1
0.09384024120023689,0.1891749107902386,0.015173070896711535,-0.07748569694278351,0
0.09762373941604166,-0.006161231913511228,0.013623356957855865,0.2199455014200279,1
0.09750051477777144,0.1887633606055875,0.018022266986256422,-0.06840911182771708,1
0.10127578198988318,0.3836223538658121,0.01665408474970208,-0.35535187537534346,0
0.10894822906719942,0.18826761873221232,0.009547047242195211,-0.057464334632537195,0
0.11271358144184367,-0.006989909862725935,0.008397760549544468,0.23821539988872942,1
0.11257378324458915,0.18801106954359753,0.013162068547319057,-0.05180684274876862,0
0.1163340046354611,-0.0072971131332756345,0.012125931692343685,0.24499959165782564,1
0.1161880623727956,0.18764956430574614,0.017025923525500197,-0.04383398975248637,1
0.11994105365891052,0.3825232849215966,0.01614924373045047,-0.3310968242212937,0
0.12759151935734245,0.18717522474879497,0.009527307246024597,-0.0333652716433781,0
0.13133502385231835,-0.00808204658713671,0.008860001813157034,0.26230832885101835,1
0.13117338292057562,0.18691232063781996,0.014106168390177401,-0.027566935368580514,0
0.134911629333332,-0.008409052733678729,0.013554829682805792,0.2695330517727564,1
0.13474344827865842,0.18651686648161633,0.01894549071826092,-0.01884396876431982,1
0.13847378560829074,0.3813620665497495,0.018568611342974523,-0.3054896772876203,0
0.14610102693928573,0.18598049468365369,0.012458817797222117,-0.007008984707545407,0
0.1498206368329588,-0.009317897099911987,0.01231863810307121,0.28957866495881407,1
0.14963427889096056,0.1856262479957801,0.01811021140224749,0.0008062219516911107,1
0.15334680385087618,0.3804838532962275,0.018126335841281312,-0.2861081441888149,0
0.16095648091680073,0.18510814491289226,0.012404172957505014,0.012236125543413856,0
0.16465864381505857,-0.010189481632848274,0.012648895468373292,0.3088067620990266,1
0.1644548541824016,0.1847499800125385,0.018825030710353824,0.020139637363137508,1
0.16814985378265238,0.37959697211219123,0.019227823457616575,-0.2665448325041211,0
0.1757417932248962,0.18420595143468393,0.013896926807534153,0.03214015356512001,0
0.17942591225358986,-0.011112502507921895,0.014539729878836553,0.329175109313935,1
0.17920366220343142,0.1837994792881507,0.021123232065115252,0.04111256988961898,1
0.18287965178919444,0.37861225805741006,0.02194548346290763,-0.24483163950393738,0
0.19045189695034265,0.18318384647228675,0.017048850672828884,0.05469184561004309,0
0.1941155738797884,-0.012178358518714794,0.018142687585029744,0.3527046849424031,1
0.1938720067094141,0.18268096628847144,0.025196781283877805,0.06579745844858731,1
0.19752562603518353,0.3774327729521124,0.02651273045284955,-0.21883045388051797,0
0.20507428149422577,0.1819420594555347,0.022136121375239192,0.0820963905358803,1
0.20871312268333647,0.3767398123558299,0.023778049185956798,-0.2035211642133431,0
0.21624791893045306,0.18128602291166113,0.019707625901689937,0.09656673004315913,1
0.2198736393886863,0.37612005415789906,0.02163896050255312,-0.18983389793133715,0
0.22739604047184428,0.1806953207245015,0.017842282543926377,0.1095959328782447,0
0.2310099468863343,-0.014677701088805312,0.02003420120149127,0.40785417226785275,1
0.2307163928645582,0.18015453717031263,0.028191284646848325,0.12155412381149411,1
0.23431948360796445,0.37486148495253097,0.03062236712307821,-0.16210310836691127,0
0.24181671330701507,0.17931483671126314,0.02738030495573998,0.14008091630642455,1
0.24540301004124032,0.37403415601386847,0.030181923281868472,-0.14383978254572705,0
0.2528836931615177,0.17849325358256346,0.02730512763095393,0.15821012376623456,1
0.25645355823316895,0.373213850503554,0.03046933010627862,-0.12573518497987496,0
0.26391783524324003,0.17766894408582043,0.027954626406681123,0.1764026272303072,1
0.26747121412495645,0.37237991175675045,0.031482678951287264,-0.10733212263869318,0
0.27491881236009147,0.17682128289203664,0.0293360364985134,0.19511483905776777,1
0.2784552380179322,0.3715115868624611,0.033238333279668755,-0.08817140491320702,0
0.2858854697551814,0.17592935703450602,0.03147490518140462,0.2148101679901308,1
0.28940405689587156,0.37058752109225623,0.035771108541207235,-0.06778036426535039,0
0.2968158073177167,0.17497146481490172,0.034415501255900226,0.23597047475649574,1
0.3003152366140147,0.369585246620467,0.03913491075103014,-0.0456611755731548,1
0.30770694154642403,0.5641248086581856,0.038221687239567044,-0.32574436104058474,0
0.31898943771958777,0.36848009526221787,0.03170680001875535,-0.021257187299210445,0
0.32635903962483215,0.17291812154095135,0.031281656272771144,0.28125857107520685,1
0.3298174020556512,0.3675802210846961,0.03690682769427528,-0.0013964189996846232,0
0.3371690064773451,0.17194894163471475,0.03687889931428159,0.3026988130073364,1
0.3406079853100394,0.3665264160017041,0.04293287557442831,0.02187099461209807,1
0.34793851363007344,0.5610072096842815,0.043370295466670275,-0.2569629941683691,0
0.35915865782375905,0.3652937573738283,0.038231035583302896,0.04907799726805301,0
0.3664645329712356,0.1696450549681521,0.039212595528663956,0.35357379171112313,1
0.3698574340705986,0.3641881211336374,0.04628407136288642,0.07350906370333676,1
0.3771411964932714,0.5586170280376678,0.047754252636953154,-0.20421931185633152,0
0.3883135370540247,0.3628458362415875,0.04366986639982652,0.10313711659878055,1
0.39557045377885647,0.5573156274479804,0.045732608731802134,-0.17545460530074358,0
0.40671676632781606,0.36157002578644193,0.042223516625787265,0.13129750412562458,1
0.4139481668435449,0.5560625027885698,0.04484946670829976,-0.14777116478618313,0
0.4250694168993163,0.3603279510169789,0.0418940434125761,0.15871674923787765,1
0.4322759759196559,0.5548258490718214,0.04506837839733365,-0.12046086508267662,0
0.4433724929010923,0.3590881351475369,0.04265916109568012,0.18609319369020144,1
0.45055425560404305,0.553574592966696,0.046381024969484146,-0.09283309808797202,0
0.03585798362599511,0.025484606542472046,0.014152439239051712,0.006490142960189439,1
0.036367675756844554,0.2204007623557916,0.0142822420982555,-0.2816941329646626,0
0.04077569100396038,0.02507803147575588,0.008648359438962246,0.015458918483345463,0
0.0412772516334755,-0.17016687317545207,0.008957537808629155,0.3108579091298543,1
0.03787391416996646,0.02482632040089061,0.01517469599122624,0.02101333390735105,1
0.03837044057798427,0.2197274005563031,0.015594962669373262,-0.2668434374606975,0
0.042764988589110334,0.024386390204847314,0.010258093920159313,0.030717181352030054,1
0.04325271639320728,0.2193597439356721,0.010872437547199914,-0.2587116350952487,0
0.04763991127192072,0.024084277255938258,0.00569820484529494,0.03738068613810647,0
0.04812159681703949,-0.171118921260379,0.006445818568057069,0.331855993465769,1
0.044699218391831906,0.02391068968848864,0.01308293843737245,0.041212711959654036,1
0.045177432185601676,0.21884261429711668,0.01390719267656553,-0.24731387724487836,0
0.04955428447154401,0.023524833096339015,0.008960915131667963,0.04972304555115448,1
0.05002478113347079,0.2185171545333191,0.009955376042691052,-0.2401192197716076,0
0.05439512422413717,0.02325441405825962,0.0051529916472589,0.055687208974484315,0
0.05486021250530236,-0.17194104245729752,0.006266735826748587,0.34999147928010976,1
0.05142139165615641,0.023091225433156448,0.013266565412350783,0.059291230176657495,1
0.05188321616481954,0.21802047232662683,0.014452390015883932,-0.22917665380312052,0
0.05624362561135208,0.022695007079954782,0.009868856939821521,0.0680298008962219,1
0.05669752575295117,0.21767408874043084,0.01122945295774596,-0.22152318247308322,0
0.06105100752775979,0.022393443630587123,0.006798989308284295,0.07468070641287006,0
0.061498876400371535,-0.17282531474670806,0.008292603436541696,0.36950096328708815,1
0.05804237010543738,0.022177837241141946,0.01568262270228346,0.07944429009145121,1
0.05848592685026022,0.21707150312827309,0.017271508504112486,-0.20824975760351538,0
0.06282735691282568,0.021706897020559335,0.013106513352042177,0.08983101501186819,1
0.06326149485323686,0.21663855634760715,0.01490313365227954,-0.19868815561107944,0
0.067594265980189,0.021306652182941116,0.01092937054005795,0.09865852243297046,1
0.06802039902384782,0.21627027252284242,0.01290254098871736,-0.19055627081226062,0
0.07234580447430466,0.020966136487721748,0.009091415572472148,0.10616879035569504,1
0.0727651272040591,0.21595663142455232,0.011214791379586048,-0.183632025240472,0
0.07708425983255014,0.020676023161898816,0.007542150874776608,0.11256754634006688,1
0.07749778029578812,0.2156890945634543,0.009793501801577946,-0.17772636961834465,0
0.08181156218705721,0.020428371267142142,0.0062389744092110535,0.11802991295745352,1
0.08222012961240005,0.21546037810596452,0.008599572668360124,-0.17267815705596845,0
0.08652933717451934,0.020216409144783315,0.0051460095272407545,0.12270521054836742,0
0.08693366535741501,-0.1749788882684189,0.007600113738208103,0.4170072000147175,1
0.08343408759204662,0.020034535567753697,0.015940257738502453,0.12672992438247876,1
0.08383477830340169,0.21492454553566676,0.01847485622615203,-0.16088171407479268,0
0.08813326921411503,0.01954304365204268,0.015257221944656176,0.13757182316619282,1
0.08852413008715589,0.2144431801861754,0.018008658407980032,-0.15025890601789693,0
0.09281299369087939,0.01906804672000148,0.015003480287622092,0.14805053301904708,1
0.09319435462527942,0.21397196916045558,0.017964490948003033,-0.13986158824168315,0
0.09747379400848853,0.018597392150943165,0.015167259183169371,0.15843426591483645,1
0.09784574185150739,0.2134989470042015,0.0183359445014661,-0.12942543657095368,0
0.10211572079159142,0.01811919598133302,0.015747435770047027,0.1689853909537326,1
0.10247810471121808,0.21301224591703233,0.019127143589121678,-0.11868838249159386,0
0.10673834962955873,0.01762154306364122,0.0167533759392898,0.17996709834308278,1
0.10709078049083155,0.21249979877557698,0.020352717906151455,-0.10738400088658151,1
0.11134077646634309,0.4073242675254277,0.018205037888419824,-0.3935768930738938,0
0.11948726181685165,0.21194877561081615,0.010333500026941948,-0.0952102323698496,1
0.12372623732906797,0.4069211079387078,0.008429295379544956,-0.384615121522142,0
0.13186465948784212,0.2116805055543018,0.000736992949102116,-0.08928643871556252,0
0.13609826959892815,0.01654799826846745,-0.0010487358252091344,0.20362891862968813,0
0.1364292295642975,-0.17855893927899086,0.003023842547384628,0.4959808357339876,1
0.1328580507787177,0.01652024107335276,0.01294345926206438,0.20425241135655964,1
0.13318845560018477,0.21145472220567146,0.01702850748919557,-0.08431954642544637,0
0.1374175500442982,0.01609286724122,0.015342116560686644,0.21368688948542008,1
0.1377394073891226,0.21099215154181106,0.019615854350395045,-0.07411722569580276,0
0.14195925041995883,0.015594558212914916,0.01813350983647899,0.22468946837872328,1
0.14227114158421714,0.21045271063655793,0.022627299204053455,-0.062218746296912486,1
0.1464801957969483,0.40524305328584165,0.021382924278115206,-0.3476776064366142,0
0.15458505686266513,0.20982359155567684,0.014429372149382922,-0.04832932425739167,0
0.15878152869377868,0.014497739139037846,0.013462785664235088,0.24887104197468457,1
0.15907148347655944,0.2094248661619593,0.01844020650372878,-0.039535212128711306,0
0.16325998079979864,0.014043404208718469,0.017649502261154554,0.25890826736693034,1
0.16354084888397302,0.20890900137199098,0.02282766760849316,-0.028155919092572534,1
0.16771902891141285,0.4036962759661664,0.02226454922664171,-0.3135499547912039,0
0.17579295443073617,0.2082643468162608,0.015993550130817633,-0.013929479573816794,0
0.1799582413670614,0.012916722755718951,0.015714960539341297,0.28375638408477577,1
0.1802165758221758,0.20781104846938497,0.021390088221036812,-0.003928998670280459,0
0.1843727967915635,0.012388967355050934,0.021311508247631204,0.29542527249655004,1
0.1846205761386645,0.20720071423346081,0.027220013697562204,0.009539118574231065,1
0.1887645904233337,0.4019219317637962,0.027410796069046825,-0.2744328126064514,0
0.19680302905860964,0.20641982571062306,0.021922139816917798,0.026767950155112075,1
0.2009314255728221,0.40122064844793015,0.022457498820020037,-0.25891848081029745,0
0.20895583854178068,0.20578541169825704,0.017279129203814088,0.040762402858416924,0
0.21307154677574583,0.01041999742868932,0.018094377260982425,0.33884658910930465,1
0.2132799467243196,0.20527986453117333,0.02487130904316852,0.051924092571586755,1
0.21738554401494306,0.4000365239947735,0.025909790894600254,-0.23280913553671934,0
0.22538627449483853,0.20455412474215925,0.021253608183865867,0.06793267207688236,0
0.22947735698968172,0.009134011271261178,0.022612261625403515,0.3672447293894673,1
0.22966003721510694,0.20392746853671043,0.02995715621319286,0.08177667922525939,1
0.23373858658584115,0.39860746273893316,0.03159268979769805,-0.20130620130451232,0
0.2417107358406198,0.20304825361504544,0.0275665657716078,0.10117293988827825,1
0.24577170091292072,0.3977645112706273,0.029590024569373364,-0.18268693377779843,0
0.25372699113833325,0.20223193013276627,0.025936285893817395,0.11918174329716208,0
0.25777162974098855,0.006748160592980862,0.028319920759760635,0.4199331911903759,1
0.2579065929528482,0.2014576280948236,0.03671858458356815,0.13631104627740487,1
0.26193574551474463,0.3960349327781665,0.03944480550911625,-0.14456533982734232,1
0.26985644417030796,0.5905704428343985,0.0365534987125694,-0.4245478612298075,0
0.28166785302699593,0.39495027091926815,0.028062541487973255,-0.1205692806032383,0
0.28956685844538127,0.19943773393425324,0.02565115587590849,0.18083336131404643,1
0.29355561312406636,0.39418341567493076,0.02926782310218942,-0.10364844939805917,0
0.301439281437565,0.1986545193636765,0.027194854114228235,0.19812279726098192,1
0.3054123718248385,0.3933771554944855,0.031157310059447874,-0.08585885512694419,0
0.3132799149347282,0.1978227622609183,0.02944013295690899,0.21648913345335652,1
0.31723637017994655,0.39251174540496336,0.03376991562597612,-0.0667636457277746,0
0.3250866050880458,0.19692231377064515,0.03243464271142063,0.23637969716427976,1
0.3290250513634587,0.3915662210327039,0.03716223665470623,-0.045898489171581236,0
0.3368563757841128,0.1959316358654844,0.036244266871274605,0.25827396166684435,1
0.3407750085014225,0.3905179090202289,0.04140974610461149,-0.022760274196046704,0
0.3485853666818271,0.19482732045374943,0.04095454062069056,0.2826949580394033,1
0.3524819130909021,0.38934191346477065,0.046608439781478626,0.0032049944003753605,1
0.36026875136019754,0.5837655178555995,0.04667253966948613,-0.2744157823251996,0
0.37194406171730954,0.3880097921985461,0.04118422402298214,0.032614794850259476,0
0.37970425756128046,0.19232218194927975,0.04183651991998733,0.3380020494713595,1
0.3835507012002661,0.3868246023532325,0.04859656090941452,0.058800058084243545,1
0.39128719324733074,0.5812173034054939,0.04977256207109939,-0.21816298315263244,0
0.4029115393154406,0.3854204913995707,0.04540930240804674,0.08979561540503678,1
0.41061994914343203,0.579863141692328,0.04720521471614748,-0.18822195814602738,0
0.4222172119772786,0.3840987302731248,0.04344077555322693,0.11897072805622372,1
0.42989918658274107,0.5785722242401778,0.04582019011435141,-0.15969674132281336,0
0.44147063106754464,0.3828252533124506,0.04262625528789514,0.147081965047973,1
0.4491271361337936,0.5773116797546783,0.0455678945888546,-0.131854354449428,0
0.46067336972888717,0.3815676147712693,0.04293080749986604,0.17484928386533888,1
0.46830472202431256,0.5760497004110195,0.04642779317717281,-0.10398727441185512,0
0.47982571603253293,0.3802942055905901,0.04434804768893571,0.20297442351640294,1
0.4874316001443447,0.574754790245055,0.04840753615926377,-0.07539560646767934,0
0.4989266959492458,0.37897349898306165,0.046899624029910186,0.23215857648956129,1
0.5065061659289071,0.5733950239116853,0.05154279555970141,-0.04536960096482423,0
0.5179740664071408,0.37757331757569784,0.050635403540404925,0.26311974430767404,1
0.5255255327586548,0.5719373096317759,0.055897798426558405,-0.013172121854292285,0
0.5369642789512903,0.37606011659779176,0.05563435598947256,0.29661016002325163,1
0.5444854812832461,0.5703466518412766,0.06156655918993759,0.021979319159413424,1
0.5558924143200716,0.7645341172490115,0.062006145573125865,-0.25066087546311056,0
0.5711830966650518,0.56858403803738,0.056992928063863656,0.06091751578893867,0
0.5825547774257994,0.37269320738864886,0.05821127837964243,0.3710235236235291,1
0.5900086415735724,0.5669419135362006,0.06563174885211301,0.09724844366670637,1
0.6013474798442964,0.7610648184139446,0.06757671772544714,-0.17402711224377032,0
0.6165687762125752,0.5650440603199651,0.06409617548057174,0.13918535439731927,1
0.6278696574189745,0.759192222019189,0.06687988256851812,-0.13260750069929023,0
0.6430535018593583,0.563179176405606,0.06422773255453232,0.1804027804623588,1
0.6543170853874704,0.7573260554422108,0.0678357881637795,-0.09134709990515916,0
0.6694636064963145,0.5613006757584319,0.06600884616567632,0.221943121803366,1
0.6806896200114831,0.7554200821202712,0.07044770860174364,-0.04920934905024299,0
0.6957980216538886,0.5593623915909981,0.06946352162073878,0.26484222948871877,1
0.7069852694857086,0.7534276784187189,0.07476036621051316,-0.005147827234237956,0
0.7220538230540829,0.5573175983695282,0.0746574096658284,0.31015469372372984,1
0.7332001750214735,0.7513008611707646,0.080860503540303,0.04191922475592119,1
0.7482261922448888,0.9451757893236279,0.08169888803542143,-0.2241958682425822,0
0.7671297080313614,0.7489869694805475,0.07721497067056979,0.09309854182842398,1
0.7821094474209723,0.9429221564292756,0.07907694150713827,-0.17425881602285054,0
0.8009678905495579,0.7467627537258992,0.07559176518668126,0.1422852036394895,1
0.8159031456240758,0.9407252825317542,0.07843746925947105,-0.12562492222166677,0
0.834717651274711,0.7445723607736394,0.07592497081503771,0.19073678730525095,1
0.8496090984901837,0.9385306542899967,0.07973970656114274,-0.07706198515041524,0
0.8683797115759837,0.7423614964012654,0.07819846685813443,0.2396753904402319,1
0.883226941504009,0.9362843195887356,0.08299197466693907,-0.02735299346061071,0
0.9019526278957838,0.7400763174887314,0.08244491479772685,0.29031767040967904,1
0.9167541542455584,0.933931813794539,0.08825126820592043,0.024733472092255404,0
0.9354327905214492,0.7376623830189881,0.08874593764776553,0.34390411722608155,1
0.950186038181829,0.93141712191913,0.09562401999228716,0.0804728147813184,1
0.9688143806202116,1.1250474748259693,0.09723347628791353,-0.1805751792038588,0
0.991315330116731,0.9286783311918756,0.09362197270383635,0.14112884476307447,0
1.0098888967405686,0.7323489002769532,0.09644454959909783,0.4618179701292706,0
1.0245358747461077,0.5360056083271956,0.10568090900168324,0.7832750074671112,1
1.0352559869126516,0.7295287784429999,0.12134640915102546,0.5256221454170404,1
1.0498465624815116,0.9227529388759868,0.13185885205936626,0.2735055543486054,1
1.0683016212590313,1.1157711416354907,0.13732896314633836,0.025145838746300747,1
1.090617044091741,1.308683808425864,0.13783187992126436,-0.22125087810064079,0
1.1167907202602583,1.1118884797494009,0.13340686235925153,0.11153695704664127,1
1.1390284898552463,1.3048715910769864,0.13563760150018436,-0.13626020059368465,0
1.165125921676786,1.1080938927357127,0.13291239748831066,0.19595062773195693,1
1.1872877995315003,1.3010890174702567,0.1368314100429498,-0.05202748035511981,0
1.2133095798809055,1.1042973852607991,0.1357908604358474,0.2805039241660996,1
1.2353955275861215,1.297247406585467,0.14140093891916938,0.033543107841889075,0
1.2613404757178308,1.1004106930168944,0.14207180107600717,0.3672848763208542,1
1.2833486895781687,1.293258161902647,0.14941749860242426,0.12255688536455292,1
1.3092138528162216,1.4859587246039931,0.1518686363097153,-0.11950787096686744,0
1.3389330273083015,1.2890240009443996,0.14947847889037796,0.2169721119801335,0
1.3647135073271894,1.0921164760728634,0.15381792112998063,0.5528229891905456,1
1.3865558368486468,1.2847818429154627,0.16487438091379156,0.3122813963043418,1
1.412251473706956,1.4772181802753497,0.1711200088398784,0.07579509408204516,0
1.441795837312463,1.2801089180942153,0.17263591072151932,0.4172048318439908,1
1.4673980156743474,1.4724178660736373,0.18098000735839914,0.1835325285099175,1
1.4968463729958201,1.6645510552533058,0.1846506579285975,-0.04704217368528829,0
1.5301373941008862,1.4673275949902918,0.18370981445489173,0.29774327541801854,0
1.559483946000692,1.2701271806241274,0.1896646799632521,0.6422737821453586,1
1.5848864896131745,1.462170248173089,0.20251015560615926,0.41480259896633587,1
-0.013125693757434852,-0.04862323577464858,-0.007068611015644488,-0.02344610578955091,0
-0.014098158472927823,-0.243643106955845,-0.0075375331314355065,0.2669982385159217,0
-0.018971020612044726,-0.4386566765538258,-0.0021975683611170724,0.5572942695102703,1
-0.027744154143121244,-0.2435039439161072,0.008948317029088333,0.26391979281456296,1
-0.03261423302144339,-0.04851085215972292,0.014226712885379592,-0.025927364630234928,1
-0.033584450064637845,0.14640421759619593,0.013708165592774893,-0.3140878692538712,0
-0.030656365712713927,-0.048910299483516495,0.007426408207697468,-0.01711354545991156,0
-0.031634571702384255,-0.24413796240424757,0.007084137298499237,0.2779032175725734,1
-0.036517330950469204,-0.049117787037224664,0.012642201649950707,-0.01253698624740024,1
-0.037499686691213695,0.14582059817450682,0.012391461925002702,-0.30120448903800706,0
-0.03458327472772356,-0.04947575570497825,0.006367372144242561,-0.004639451927602567,0
-0.035572789841823126,-0.2446884426486126,0.0062745831056905095,0.2900456373250958,1
-0.040466558694795374,-0.04965652262360934,0.012075495852192426,-0.0006517685402874784,1
-0.04145968914726756,0.14529018525510054,0.012062460481386678,-0.2895004011206038,0
-0.03855388544216555,-0.05000167715554754,0.006272452458974601,0.006962358477883679,0
-0.0395539189852765,-0.24521301989853525,0.006411699628532275,0.3016177012954319,1
-0.044458179383247205,-0.05018303690217793,0.012444053654440913,0.010963766801652786,1
-0.045461840121290766,0.1447582595302735,0.012663328990473968,-0.2777670801393502,0
-0.0425666749306853,-0.05054203830290285,0.007107987387686964,0.018882797392141493,1
-0.043577515696743355,0.1444772589385667,0.007485643335529793,-0.271549028015185,0
-0.04068797051797202,-0.05075070439426421,0.002054662775226093,0.023485470931555674,0
-0.04170298460585731,-0.24590206101396958,0.0025243721938572068,0.3168159583982684,1
-0.0466210258261367,-0.050816156599053725,0.008860691361822576,0.024930198794264224,1
-0.04763734895811777,0.14417761119834288,0.00935929533770786,-0.2649439618129462,0
-0.04475379673415091,-0.051076665784706404,0.004060416101448936,0.030676218732373972,0
-0.04577533004984504,-0.2462566094885434,0.0046739404760964155,0.32463747989930564,1
-0.05070046223961591,-0.05120151965783637,0.011166690074082528,0.03343217448332636,1
-0.05172449263277264,0.14375853162776733,0.011835333563749056,-0.2557067310785061,0
-0.04884932200021729,-0.05153038327244605,0.006721198942178934,0.04068563200693193,1
-0.04987992966566621,0.1434945452396779,0.007534911582317573,-0.24986913555736168,0
-0.047010038760872654,-0.05173419357225889,0.002537528871170339,0.04518090267523739,0
-0.04804472263231783,-0.24689243951082263,0.0034411469246750865,0.33866336179540485,1
-0.05298257142253428,-0.051819622956697176,0.010214414160583184,0.047067564626615765,1
-0.05401896388166822,0.14315438245963855,0.0111557654531155,-0.2423752012360666,0
-0.05115587623247545,-0.0521251279559139,0.006308261428394168,0.053805564528088046,1
-0.05219837879159373,0.1429058059030236,0.007384372718955929,-0.23688039890074652,0
-0.04934026267353326,-0.05232086100804986,0.002646764740940998,0.05812260322072538,1
-0.050386679893694254,0.14276304063499198,0.0038092168053555056,-0.23372407634388798,0
-0.04753141908099441,-0.05241312956854069,-0.000865264721522254,0.060157961972323204,0
-0.048579681672365226,-0.24752266399847297,0.00033789451792421007,0.3525677662644443,1
-0.05353013495233468,-0.05240551933326795,0.007389249843213097,0.05999140696080513,1
-0.05457824533900004,0.14260970992230693,0.0085890779824292,-0.23035103125266476,0
-0.051726051140553904,-0.05263391666451683,0.003982057357375904,0.06502876390000756,1
-0.05277872947384424,0.14243071673414134,0.0052826326353760545,-0.2263951446091122,0
-0.04993011513916141,-0.0527663310310619,0.0007547297431938103,0.06794942841251256,1
-0.050985441759782646,0.1423447915311577,0.002113718311444061,-0.22449528155343018,0
-0.04813854592915949,-0.0528073056851725,-0.002376187319624542,0.06885364306598146,0
-0.04919469204286294,-0.24789510942106516,-0.0009991144583049128,0.36078592411740107,1
-0.05415259423128424,-0.05275897057982354,0.006216604024043108,0.06778812234667186,1
-0.05520777364288071,0.1422733041083322,0.007572366470976546,-0.22292696695563569,0
-0.05236230756071406,-0.0529560555379103,0.003113827131863832,0.07213493107424662,1
-0.05342142867147227,0.14212111654127726,0.004556525753348764,-0.21956394475888769,0
-0.05057900634064672,-0.05306567019806496,0.00016524685817100992,0.07455280995100844,1
-0.05164031974460802,0.1420539116459237,0.0016563030571911787,-0.21807797624286523,0
-0.048799241511689545,-0.053091677318678615,-0.002705256467666126,0.07512695856729973,0
-0.049861075058063115,-0.24817474182155003,-0.0012027172963201313,0.3669551401171151,1
-0.054824569894494114,-0.053035720549844956,0.006136385506022171,0.07389322111533686,1
-0.055885284305491015,0.14199772345795944,0.007614249928328908,-0.2168473508756777,0
-0.053045329836331825,-0.05323224553112252,0.003277302910815354,0.0782276813899695,1
-0.054109974746954274,0.1418425709617275,0.004841856538614743,-0.2134194465875962,0
-0.05127312332771972,-0.05334826849996238,0.0005734676068628189,0.08078688089371666,1
-0.05234008869771897,0.1417654573130312,0.002189205224737152,-0.21171506023402786,0
-0.04950477955145835,-0.053387726042794126,-0.0020450959799434053,0.08165763915073737,0
-0.05057253407231423,-0.24848030127473267,-0.00041194319692865796,0.37369463223091337,1
-0.05554214009780889,-0.053352500734291236,0.00706194944768961,0.0808818449582599,1
-0.05660919011249471,0.14166750859694818,0.008679586346854808,-0.2095646787872542,0
-0.05377583994055575,-0.053577466230056575,0.004488292771109724,0.08584351825133085,1
-0.05484738926515688,0.14147986192118098,0.0062051631361363414,-0.20541997329707634,0
-0.05201779202673326,-0.05373027270856723,0.0020967636701948143,0.08921389763488752,1
-0.05309239748090461,0.14136156146213463,0.003881041622892565,-0.20280676227513555,0
-0.050265166251661914,-0.05381567816900448,-0.00017509362261014603,0.09109791565647674,1
-0.051341479815042,0.1413087822938944,0.0016468646905193887,-0.20164024807609437,0
-0.048515304169164115,-0.053836683279511965,-0.0023859402710024987,0.0915617313344772,1
-0.049592037834754354,0.14131938488036105,-0.0005547056443129545,-0.201873003454543,0
-0.04676565013714713,-0.05379462871157947,-0.004592165713403815,0.09063488845510909,0
-0.04784154271137872,-0.24885045830978775,-0.0027794679443016333,0.38186545588229,1
-0.05281855187757448,-0.05368915139692332,0.004857841173344166,0.0883074637693243,1
-0.05389233490551294,0.14136283252638335,0.006623990448730652,-0.20283886021637082,0
-0.051065078254985276,-0.053853221007390345,0.002567213244403236,0.09192623490064539,1
-0.052142142675133084,0.14123183986678958,0.004405737942416143,-0.19994563225301404,0
-0.04931750587779729,-0.05395284621179988,0.00040682529735586257,0.09412383815598624,1
-0.050396562802033286,0.141163271691611,0.002289302060475587,-0.1984307078452206,0
-0.04757329736820107,-0.053991348574963155,-0.0016793120964288246,0.0949735096828917,1
-0.04865312433970033,0.14115463134643472,0.00022015809722900938,-0.19823876497680687,0
-0.045830031712771634,-0.05397046812936582,-0.003744617202307128,0.09451360362373157,0
-0.04690944107535895,-0.24903854905318765,-0.0018543451298324966,0.3860127586706671,1
-0.051890212056422705,-0.0538903225408236,0.005865910043580846,0.09274574502315974,1
-0.05296801850723918,0.14114706305569627,0.00772082494404404,-0.1980807324568425,0
-0.050145077246125255,-0.0540844646072727,0.0037592102949071905,0.09702773058234948,1
-0.05122676653827071,0.14098340736668924,0.00569976490655418,-0.19446680468246286,0
-0.04840709839093693,-0.054219610744660834,0.0018104288129049228,0.10000868808946178,1
-0.04949149060583015,0.14087634720931308,0.0038106025746941588,-0.19210250346883612,0
-0.046673963661643884,-0.05429990853293448,-3.144749468256356e-05,0.10178006902205372,1
-0.04775996183230257,0.14082249335772776,0.002004153885758511,-0.19091277923265076,0
-0.044943511965148016,-0.05432807166468073,-0.0018141016988945042,0.10240170126300424,1
-0.04603007339844163,0.14081983081999647,0.0002339323263655809,-0.1908530164023977,0
-0.0432136767820417,-0.05430546623684168,-0.0035831280016823735,0.1019036972776074,1
-0.04429978610677854,0.14086765219138905,-0.0015450540561302256,-0.19190753840270086,0
-0.041482433062950755,-0.054232162162757225,-0.0053832048241842425,0.10028758811127209,0
-0.042567076306205896,-0.2492765510905835,-0.003377453061958801,0.3912672778108639,1
-0.04755260732801757,-0.05410682996458438,0.004447892494258477,0.09752139656134517,1
-0.04863474392730926,0.14095109171594886,0.00639832042548538,-0.19375491565018976,0
-0.04581572209299028,-0.05426179918618182,0.002523222112481585,0.10093952030080217,1
-0.04690095807671391,0.14082389968986278,0.004542012518497628,-0.1909462699680997,0
-0.044084480082916655,-0.05436273354303936,0.0007230871191356339,0.10316600696824951,1
-0.04517173475377744,0.14074884759637885,0.0027864072585006244,-0.18928870063508396,0
-0.042356757801849866,-0.0544128563001392,-0.0009993667542010547,0.10427192144819347,1
-0.04344501492785265,0.1407234024306643,0.0010860716747628147,-0.1887261342579532,0
-0.040630546879239365,-0.054414070052025976,-0.0026884510103962495,0.10429920684465616,1
-0.04171882828027988,0.14074630555852605,-0.0006024668735031265,-0.1892307022861618,0
-0.03890390216910936,-0.054367021271643584,-0.004387080919226362,0.10326210959432275,0
-0.03999124259454223,-0.24942582708109995,-0.002321838727339907,0.39455770501371773,1
-0.04497975913616423,-0.054271007034261076,0.005569315372934447,0.10114364402081749,1
-0.04606517927684945,0.14077068663499306,0.007592188253350797,-0.1897769889934396,0
-0.04324976554414959,-0.05445905333085499,0.0037966484734820046,0.10529126292355706,1
-0.04433894661076669,0.14060828423970953,0.005902473731953146,-0.1861914226108362,0
-0.0415267809259725,-0.0545976178792921,0.0021786452797364214,0.10834764717091583,1
-0.04261873328355834,0.14049304567351822,0.004345598223154739,-0.1836471324553557,0
-0.039808872370087976,-0.05469081431562364,0.0006726555740476248,0.11040349496743174,1
-0.04090268865640045,0.14042149158084272,0.0028807254733962595,-0.18206713694222032,0
-0.038094258824783594,-0.054741561561481356,-0.0007606172654481469,0.11152316020784647,1
-0.039189090056013225,0.14039128052875077,0.0014698459387087826,-0.18139963971307071,0
-0.03638126444543821,-0.05475167236687631,-0.002158146855552632,0.11174660798378894,1
-0.037476297892775734,0.14040113694064701,7.678530412314703e-05,-0.18161641895327718,0
-0.03466827515396279,-0.054721912937359174,-0.0035555430749423965,0.11109072988029045,1
-0.03576271341270998,0.14045080619701406,-0.0013337284773365875,-0.18271182577123268,0
-0.0329536972887697,-0.05465203547144981,-0.004987964992761241,0.10955006038408371,0
-0.0340467379981987,-0.2497021564808805,-0.002796963785079567,0.4006551466735389,1
-0.03904078112781631,-0.05454064265988731,0.005216139148391211,0.1070917147229723,1
-0.040131593981014055,0.14050617290749787,0.007357973442850657,-0.1839409905405749,0
-0.037321470522864095,-0.054720282367421796,0.003679153632039159,0.11105398994322191,1
-0.03841587617021253,0.14034875594362128,0.005900233430903597,-0.18046591843207643,0
-0.03560890105134011,-0.054857126586081245,0.0022909150622620685,0.11407246720034614,1
-0.03670604358306174,0.14023192383908742,0.004572364406268991,-0.17788681208538265,0
-0.03390140510627999,-0.0549551611217442,0.0010146281645613381,0.11623502530115176,1
-0.035000508328714874,0.14015223753205158,0.0033393286705843735,-0.1761276214073998,0
-0.03219746357807384,-0.055017343883874165,-0.00018322375756362223,0.11760687925355645,1
-0.03329781045575132,0.14010723208066256,0.0021689138275075067,-0.17513384756478356,0
-0.03049566581413807,-0.05504569236432538,-0.0013337631237881646,0.11823251074139418,1
-0.03159657966142458,0.1400953433571676,0.001030887091039719,-0.17487090872720296,0
-0.028794672794281228,-0.05504134635196553,-0.0024665310835043403,0.11813705105464767,1
-0.029895499721320537,0.14011585793031328,-0.0001037900624113867,-0.1753230243030111,0
-0.02709318256271427,-0.055004607746531625,-0.003610250548471609,0.11732715835752866,0
-0.028193274717644903,-0.25007464558741654,-0.0012637073813210357,0.40886889687155853,1
-0.03319476762939323,-0.05493479988221894,0.006913670556110135,0.11578783216486993,1
-0.03429346362703761,0.14008741069772368,0.009229427199407534,-0.17470588940550197,0
-0.03149171541308314,-0.05516540472291634,0.005735309411297494,0.12087427282098073,1
-0.03259502350754147,0.13987390789475107,0.00815279486771711,-0.1699937127116068,0
-0.029797545349646445,-0.05536378178279511,0.004752920613484974,0.12524998419323313,1
-0.030904820985302346,0.13968975695861852,0.007257920297349636,-0.16592966579406238,0
-0.028111025846129976,-0.05553533237866842,0.003939326981468389,0.1290340651154817,1
-0.029221732493703346,0.13952996620800323,0.0065200082837780235,-0.16240345331942013,0
-0.02643113316954328,-0.055684713841254424,0.003271939217389621,0.13232921162428396,1
-0.02754482744636837,0.13939021640544527,0.0059185234498753,-0.15931966904000566,0
-0.024757023118259464,-0.05581596623044768,0.002732130069075187,0.13522451226813942,1
-0.025873342442868416,0.13926674462980218,0.005436620314437975,-0.15659521663066567,0
-0.023088007550272373,-0.05593262192718951,0.002304715981824662,0.1377978646067607,1
-0.024206659988816163,0.1391562432810243,0.0050606732739598755,-0.1541570701146558,0
-0.021423535123195676,-0.05603780105245171,0.0019775318716667594,0.14011807873520904,1
-0.02254429114424471,0.13905577159331853,0.0047798934463709405,-0.15194031403787878,0
-0.01976317571237834,-0.05613429528454161,0.0017410871656133651,0.1422467249209028,1
-0.020885861618069174,0.13896267734351264,0.004586021664031421,-0.1498864110927608,0
-0.01810660807119892,-0.0562246423286302,0.0015882934421762051,0.14423977523851472,1
-0.019231100917771526,0.1388745267029866,0.0044730889469465,-0.14794165110431695,0
-0.016453610383711795,-0.05631119303167917,0.0015142559248601606,0.14614908323375175,1
-0.01757983424434538,0.13878904039645587,0.004437237589535196,-0.14605574031735719,0
-0.014804053436416262,-0.05639617292641616,0.0015161227831880521,0.1480237409795338,1
-0.015931976894944584,0.13870403450221552,0.0044765976027787285,-0.14418049388884335,0
-0.013157896204900273,-0.056481739824765786,0.0015929877250018616,0.14991134927455602,1
-0.014287531001395588,0.13861736435917402,0.004591214710492982,-0.14226859749429577,0
-0.011515183714212108,-0.056570038959999236,0.0017458427606070665,0.15185923406916313,1
-0.012646584493412093,0.13852687013873125,0.004783027441990329,-0.14027240608147223,0
-0.009876047090637469,-0.05666325709441131,0.0019775793203608847,0.1539156404059866,1
-0.011009312232525695,0.1384303226963591,0.005055892128480616,-0.13814274910723257,0
-0.008240705778598513,-0.05676367696296397,0.0022930371463359646,0.15613093417441293,1
-0.009375979317857792,0.13832536834006876,0.005415655829824223,-0.13582771211375322,0
-0.006609471951056416,-0.05687373341120722,0.002699101587549159,0.15855884176072493,1
-0.00774694661928056,0.1382094711416013,0.005870278422763657,-0.13327136425818464,0
-0.0049827571964485345,-0.05699607260674311,0.0032048511375999643,0.1612577582108956,1
-0.0061226786485833965,0.13807985137130205,0.0064300063018178765,-0.13041240040697655,0
-0.0033610816211573553,-0.05713361575699552,0.0038217582936783457,0.16429215580968837,1
-0.0045037539362972655,0.13793341855879138,0.0071076014098721135,-0.12718266462552746,0
-0.0017450855651214379,-0.05728962885199615,0.004563948117361564,0.16773412703420176,1
-0.002890878142161361,0.13776669756775056,0.0079186306580456,-0.12350551930017684,0
-0.00013554419080634992,-0.05746780006951424,0.0054485202720420635,0.17166509869486563,1
-0.0012849001921966348,0.13757574592305533,0.008881822245939376,-0.1192940206687172,1
0.001466614726264472,0.33256932331312117,0.006495941832565032,-0.40916162861187666,0
0.008118001192526895,0.13735587711028313,-0.0016872907396725013,-0.11443784392298018,0
0.010865118734732558,-0.05774185685314345,-0.0039760476181321044,0.17771227720504668,1
0.00971028159766969,0.1374367678274697,-0.0004218020740311707,-0.11622230056113297,0
0.012459016954219082,-0.05767913715224546,-0.00274624808525383,0.17632752106652644,1
0.011305434211174173,0.13748200808527147,0.0007803023360766987,-0.11722048880138553,0
0.014055074372879603,-0.057651114653268165,-0.0015641074399510117,0.17570851506167257,1
0.01290205207981424,0.13749318607544156,0.0019500628612824397,-0.1174674253758543,0
0.01565191580132307,-0.05765665127623018,-0.0003992856462346466,0.17583009219085777,1
0.014498782775798465,0.1374710119635716,0.0031173161975825087,-0.1169787693139589,0
0.017248203015069897,-0.05769546545320192,0.0007777408113033308,0.17668601386894173,1
0.016094293706005857,0.1374153468811853,0.004311461088682165,-0.11575146034308831,0
0.018842600643629564,-0.05776811439911797,0.0019964318818203987,0.17828857605995557,1
0.017687238355647204,0.13732521015719265,0.00556220340301951,-0.11376387699786605,0
0.004067166452920379,-0.022732968076684734,0.031272266775585894,-0.04394682627667317,1
0.0036125070913866843,0.17192691946630875,0.03039333025005243,-0.3266013448718731,0
0.007051045480712859,-0.023614272843329037,0.02386130335261497,-0.02449075659051353,1
0.006578760023846279,0.17115750343361275,0.023371488220804697,-0.3095506957409688,0
0.010001910092518534,-0.024289512249361073,0.01718047430598532,-0.009589645306938233,1
0.009516119847531312,0.17058188748812964,0.016988681399846557,-0.2968027950575274,0
0.012927757597293905,-0.02477807416179123,0.01105262549869601,0.0011892926081466526,0
0.01243219611405808,-0.22005677783907543,0.011076411350858942,0.2973388625311793,1
0.008031060557276572,-0.025094460332133472,0.01702318860148253,0.008169723927394235,1
0.007529171350633902,0.16977927000511273,0.017186583080030415,-0.27909394268211096,0
0.010924756750736158,-0.02558358545156808,0.011604704226388195,0.018959668735881563,0
0.010413085041704797,-0.22087002186592397,0.011983897601105827,0.31528130574955976,1
0.005995684604386317,-0.025920807168098414,0.018289523716097024,0.026401663063648828,1
0.005477268461024349,0.1689341476857512,0.01881755697737,-0.26045506516999434,0
0.008855951414739374,-0.026451304021778976,0.013608455673970114,0.038103259620254626,1
0.008326925334303794,0.1684728842420972,0.014370520866375207,-0.25025518719402556,0
0.011696383019145738,-0.026851303625746864,0.009365417122494696,0.04692563027564001,1
0.0111593569466308,0.16813511041698806,0.010303929728007496,-0.2427877716535382,0
0.014522059154970561,-0.027132494320857015,0.005448174294936732,0.05312738851324861,0
0.01397940926855342,-0.2223321398346182,0.006510722065201704,0.34752426658806934,1
0.009532766471861057,-0.027303397028923954,0.01346120739696309,0.05690149149993107,1
0.008986698531282578,0.16762298227685754,0.01459923722696171,-0.23150411131003246,0
0.012339158176819728,-0.027704504294844196,0.009969155000761062,0.06574791863521284,1
0.011785068090922845,0.1672731083373439,0.01128411337346532,-0.22377308416213298,0
0.015130530257669722,-0.02800828924881346,0.00680865169022266,0.07244782227989877,1
0.014570364472693453,0.16701539230803095,0.008257608135820636,-0.21807919130812548,0
0.01791067231885407,-0.0282236224781241,0.003896024309658126,0.07719705539746735,0
0.01734619986929159,-0.22340120839612765,0.005439965417607473,0.371106640575348,1
0.012878175701369038,-0.028356964122678352,0.012862098229114431,0.08014394508993772,1
0.012311036418915471,0.1665782671852933,0.014464977130913185,-0.20845336296500433,0
0.015642601762621337,-0.028747500633337614,0.010295909871613098,0.08875719244983155,1
0.015067651749954584,0.16622536947880728,0.01207105372060973,-0.20065966764717497,0
0.01839215913953073,-0.029067125278214284,0.00805786036766623,0.09580653625544777,1
0.017810816633966442,0.16593841515740054,0.009973991092775187,-0.1943232929847945,0
0.021129584937114452,-0.029324779477526403,0.006087525233079297,0.10148923519129627,1
0.020543089347563923,0.16570940221061695,0.008117309936905223,-0.18926689531590168,0
0.02385727739177626,-0.02952773304532924,0.004331972030587189,0.10596562229796763,0
0.023266722730869674,-0.22471149484089645,0.006451284476546542,0.4000121136780465,1
0.018772492834051746,-0.029681648746576528,0.014451526750107472,0.10937009671607484,1
0.018178859859120215,0.16523026559909493,0.01663892868442897,-0.17871864433549856,0
0.021483465171102112,-0.03012579261878373,0.013064555797718997,0.11916649942045732,1
0.020880949318726437,0.16480656169981606,0.015447885786128143,-0.16936620859819124,0
0.02417708055272276,-0.030533056664114766,0.012060561614164318,0.12814975595962652,1
0.023566419419440463,0.1644140636901979,0.014623556733356849,-0.16070393833601482,0
0.026854700693244422,-0.030914156225547357,0.011409477966636552,0.13655623657096883,1
0.026236417568733475,0.16404253125000018,0.014140602698055928,-0.1525054470643199,0
0.02951726819373348,-0.03127901147046838,0.011090493756769529,0.14460477427098478,1
0.028891687964324113,0.16368237056089263,0.013982589242189224,-0.14455877558854952,0
0.03216533537554196,-0.03163700623195226,0.011091413730418234,0.15250239677190752,1
0.03153259525090292,0.16332438772651225,0.014141461665856385,-0.1366608975377261,0
0.03479908300543316,-0.031997230149827915,0.011408243715101863,0.16044968547275074,1
0.034159138402436603,0.16295955438266063,0.014617237424556877,-0.1286125107026178,1
0.037418329490089816,0.35786909178251525,0.01204498721050452,-0.41664826878004596,0
0.04457571132574012,0.1625785274903046,0.0037120218349036005,-0.12019253128994378,0
0.04782728187554621,-0.03259640996899493,0.0013081712091047248,0.17365918981238732,1
0.047175353676166314,0.16250679424093414,0.004781355005352471,-0.11861076386493286,0
0.050425489560985,-0.03268333542764071,0.002409139728053814,0.17557679692654476,1
0.04977182285243219,0.16240405494241553,0.0059206756665847095,-0.11634515302533327,0
0.0530199039512805,-0.03280222656829271,0.003593772606078044,0.17819980560261672,1
0.05236385941991464,0.16226811213026782,0.007157768718130378,-0.11334724604581525,0
0.05560922166252,-0.032955666901691855,0.004890823797214073,0.18158528704759735,1
0.05495010832448616,0.16209595981058925,0.00852252953816602,-0.10955075731467495,0
0.05819202752069794,-0.033147073627318197,0.0063315143918725204,0.18580875036877698,1
0.05752908604815158,0.16188371802770044,0.01004768939924806,-0.10487012053251893,0
0.060766760408705586,-0.033380771882697696,0.007950286988597682,0.1909658005862091,1
0.060099144971051635,0.161626546375684,0.011769603000321864,-0.09919857271861332,0
0.06333167589856531,-0.03366209026870545,0.009785631545949598,0.19717427681971417,1
0.0626584340931912,0.16131853465865598,0.01372911708234388,-0.09240572762267352,0
0.06588480478636433,-0.03399747948235943,0.011881002529890411,0.20457691650486137,1
0.06520485519671713,0.16095256843328165,0.015972540859987637,-0.08433458394349319,1
0.06842390656538277,0.35584196204513574,0.014285849181117773,-0.37193565737321477,0
0.07554074580628549,0.16052000325969734,0.006847136033653478,-0.07478271866987052,0
0.07875114587147944,-0.03469943579692694,0.005351481660256068,0.22005261781149904,1
0.0780571571555409,0.1603456129125185,0.009752534016486049,-0.07093743783701534,0
0.08126406941379127,-0.03491478831631381,0.008333785259745742,0.22480643497245717,1
0.08056577364746499,0.16008706970798495,0.012829913959194885,-0.0652360901690271,0
0.08376751504162469,-0.03521645561126713,0.011525192155814342,0.23146697816238937,1
0.08306318592939935,0.15973892979329363,0.01615453171906213,-0.057558346728019516,1
0.08625796452526521,0.35462557281199336,0.01500336478450174,-0.3451009418192726,0
0.09335047598150507,0.15929344388346442,0.008101345948116288,-0.047724901132247144,0
0.09653634485917437,-0.035943731834795406,0.007146847925471345,0.24750302182658807,1
0.09581747022247845,0.15907542488792342,0.012096908362003106,-0.04291708707747999,0
0.09899897872023693,-0.0362178840469346,0.011238566620453506,0.25355784719239544,1
0.09827462103929824,0.15874180644553726,0.016309723564301416,-0.035559151365628594,1
0.10144945716820898,0.3536261210794565,0.015598540536988845,-0.3230518975782319,0
0.10852197958979812,0.1582855658438218,0.009137502585424208,-0.025490925941336506,0
0.11168769090667455,-0.0369662246267517,0.008627684066597478,0.2700609214685458,1
0.11094836641413951,0.15803155095508728,0.014028902495968394,-0.01988834804757006,0
0.11410899743324125,-0.03728875087341213,0.013631135535016993,0.27718763645584266,1
0.11336322241577301,0.15763610589907454,0.019174888264133848,-0.011165055453589312,1
0.11651594453375451,0.3524778896786051,0.018951587155062063,-0.2977369320351383,0
0.1235655023273266,0.1570909831632392,0.012996848514359297,0.0008622306541593017,0
0.1267073219905914,-0.038214927067268256,0.013014093127442483,0.29761731921436446,1
0.12594302344924604,0.15671911305613637,0.01896643951172977,0.009067055546279845,1
0.12907740571036877,0.35156399654999215,0.019147780622655368,-0.27757190430830486,0
0.1361086856413686,0.1561741855523224,0.01359634253648927,0.021088189420394643,0
0.13923216935241506,-0.03914008545521422,0.014018106324897164,0.318029718473,1
0.13844936764331078,0.15577943266393485,0.02037870069435716,0.029800356438232256,1
0.14156495629658947,0.35060330272841467,0.020974707823121806,-0.2563838459231993,0
0.14857702235115777,0.15518826632581817,0.01584703090465782,0.04284034507391893,1
0.15168078767767412,0.3500794334783811,0.0167038378061362,-0.24480086730845602,0
0.15868237634724175,0.15472293391700204,0.011807820459967078,0.053103701915501955,0
0.1617768350255818,-0.04056631829300558,0.012869894498277117,0.34948857791690385,1
0.16096550865972167,0.1543702513432788,0.019859666056615193,0.0608915837783473,1
0.16405291368658725,0.3492019106986412,0.02107749773218214,-0.22545991699613233,0
0.1710369519005601,0.15378516349345084,0.01656829939225949,0.07379641971757062,1
0.17411265517042912,0.34866571854947104,0.018044227786610904,-0.21361343433556546,0
0.18108596954141853,0.15329050021698237,0.013771959099899596,0.08470639977989647,0
0.18415177954575818,-0.04202612922890592,0.015466087095497525,0.38170238855383765,1
0.18331125696118006,0.15287283841464355,0.02310013486657428,0.09393574957787343,1
0.18636871372947292,0.3476562125998126,0.024978849858131747,-0.19137052482568456,0
0.19332183798146918,0.15218599171153116,0.021151439361618056,0.10908635776311093,1
0.1963655578156998,0.34699856003361473,0.023333166516880274,-0.17684907072162903,0
0.2033055290163721,0.15155059501338788,0.019796185102447694,0.12310240215631718,1
0.20633654091663986,0.34638342073243256,0.022258233145574038,-0.16326987537933502,0
0.2132642093312885,0.1509500215843587,0.018992835637987336,0.13635098903596526,1
0.2162832097629757,0.3457948554642757,0.021719855418706642,-0.1502799909338367,0
0.2231991068722612,0.15036873095614067,0.018714255600029907,0.14917518946219938,1
0.226206481491384,0.3452177686571859,0.021697759389273895,-0.13754551807144633,0
0.23311083686452772,0.1497918689482373,0.018946849027844968,0.1619029711047223,1
0.23610667424349246,0.3446375267449336,0.022184908449939415,-0.12474301709584956,0
0.24299942477839115,0.14920488947772353,0.019690048108022423,0.1748556302576661,1
0.24598352256794562,0.3440395904805244,0.023187160713175746,-0.11155127021453726,0
0.25286431437755613,0.1485931895451111,0.020956135308885,0.1883559386292447,1
0.25583617816845833,0.3434091531659995,0.024723254081469897,-0.09764318983440756,0
0.2627043612317783,0.14794174917699843,0.022770390284781745,0.202736208938247,1
0.2656631962153183,0.3427307768510849,0.026825114463546684,-0.0826776723718261,0
0.27251781175234,0.14723476855672596,0.025171561016110164,0.21834647698052662,1
0.27546250712347453,0.34198801873736884,0.029538490555720696,-0.06629119787137261,0
0.2823022674982219,0.14645529511711908,0.028212666598293242,0.2355629952495336,1
0.28523137340056426,0.34116304032750727,0.032923926503283914,-0.04808897270817053,0
0.2920546342071144,0.14558483410745054,0.0319621470491205,0.25479723383614955,1
0.29496633088926344,0.3402361923925603,0.03705809172584349,-0.027635406131963747,1
0.30177105473711463,0.5348076477275392,0.03650538360320422,-0.30839962258502757,0
0.3124672076916654,0.33918507426825273,0.030337391151503666,-0.004431062823726628,0
0.3192509091770305,0.14364147244546593,0.030248769895029132,0.2976671976968646,1
0.3221237386259398,0.3383194612726245,0.036202113848966426,0.014675582524559083,0
0.32889012785139227,0.14269753125285875,0.03649562549945761,0.31855730975619595,1
0.33174407847644943,0.3372812034408823,0.04286677169458153,0.03760349105531097,1
0.33848970254526706,0.5317630612189521,0.04361884151568775,-0.2412523360842026,0
0.3491249637696461,0.3360460506094708,0.038793794794003696,0.06486381854322915,1
0.3558458847818355,0.5305909469397813,0.04009107116486828,-0.21533145187610242,0
0.36645770372063113,0.3349194600719384,0.03578444212734623,0.08972355152174594,1
0.3731560929220699,0.5295107041696555,0.03757891315778115,-0.19145806935623372,0
0.383746307005463,0.33387187298484833,0.03374975177065647,0.11283859496677856,0
0.39042374446516,0.13828298268967415,0.03600652366999204,0.415975401193981,1
0.3931894041189535,0.3328766191200526,0.044326031693871656,0.13485777039892444,1
0.39984693650135456,0.5273365504012764,0.04702318710185015,-0.14351803146281028,0
0.41039366750938006,0.3315738059631351,0.04415282647259394,0.16362121770540838,1
0.41702514362864274,0.5260367955083664,0.04742525082670211,-0.11481227393882171,0
0.42754587953881007,0.33026851972825955,0.045129005347925674,0.19244776447286555,1
0.4341512499333753,0.5247168061457479,0.04897796063738299,-0.08566427717411773,0
0.44464558605629023,0.3289282508914986,0.04726467509390063,0.22206014105385413,1
0.4512241510741202,0.5233438840601728,0.051705877914977716,-0.05534699200539278,0
0.4616910287553237,0.327520143567268,0.05059893807486986,0.25319081091963647,1
0.46824143162666904,0.5218844528490793,0.05566275429326259,-0.0231127754874082,0
0.4786791206836506,0.3260102535546935,0.05520049878351443,0.28659987740818943,1
0.48519932575474445,0.5203033020915435,0.060932496331678215,0.011824919949151358,1
0.4956053917965753,0.7145008701851712,0.061168994730661244,-0.2610277706378555,0
0.5098954092002788,0.5185614934749495,0.055948439317904136,0.050304085810920995,1
0.5202666390697778,0.7128384226452744,0.05695452103412255,-0.2242150675483211,0
0.5345234075226832,0.5169506615844096,0.05247021968315613,0.08587571264723809,1
0.5448624207543714,0.7112827588780714,0.054187733936100886,-0.18980209291462696,0
0.5590880759319329,0.5154291385573873,0.050391692077808345,0.11947052624616455,0
0.5693966587030806,0.31962277178976944,0.05278110260273164,0.42761613183856245,1
0.575789114138876,0.5139590041958008,0.06133342523950289,0.15202817212028968,1
0.586068294222792,0.7081515456934331,0.06437398868190868,-0.12069220462440933,0
0.6002313251366607,0.5121691836969633,0.061960144589420486,0.19158531780000798,1
0.6104747088106,0.7063525479766561,0.06579185094542064,-0.08092616716784334,0
0.6246017597701331,0.5103521744513292,0.06417332760206378,0.23176717471064856,1
0.6348088032591597,0.7045012484502138,0.06880867109627675,-0.04000296991050645,0
0.6488988282281639,0.5084635069225317,0.06800861169806663,0.2735715815672405,1
0.6590680983666145,0.7025524978727917,0.07348004332941144,0.003090229181076043,0
0.6731191483240704,0.5064578572939505,0.07354184791303296,0.31802216209332684,1
0.6832483054699494,0.7004595241351995,0.0799022911548995,0.04940805578224611,1
0.6972574959526534,0.8943502373929162,0.08089045227054442,-0.21703381911768943,0
0.7151445007005117,0.6981706871341333,0.07654977588819063,0.10002915633825049,1
0.7291079144431943,0.8921168366865652,0.07855035901495565,-0.16755444944641912,0
0.7469502511769256,0.695963512156159,0.07519927002602726,0.14883834523438644,1
0.7608695214200488,0.889932572240063,0.078176036930715,-0.11920521717516541,0
0.7786681728648501,0.6937826435616021,0.07579193258721169,0.19708140815914144,1
0.7925438257360822,0.8877432845560065,0.07973356075039452,-0.07076280950596853,0
0.8102986914272023,0.6915741272862275,0.07831830456027515,0.24597290807696087,1
0.8241301739729269,0.8854952286857114,0.08323776272181437,-0.021015051389618455,0
0.8418400785466411,0.6892843108799076,0.082817461694022,0.29672597765920805,1
0.8556257647642392,0.8831340048135257,0.08875198124720617,0.031268549428562664,1
0.8732884448605097,1.0768785071545919,0.08937735223577742,-0.23214553310708996,0
0.8948260150036016,0.8806006835459407,0.08473444157363562,0.08733800947696846,0
0.9124380286745204,0.6843727985589145,0.08648120176317499,0.40550591839533323,1
0.9261254846456987,0.8781687244388707,0.09459132013108165,0.14129219410760252,1
0.9436888591344761,1.0718176112455882,0.0974171640132337,-0.12011420195897593,0
0.9651252113593879,0.8754446768414739,0.09501487997405418,0.20164397226157132,1
0.9826341048962174,1.069088394181621,0.0990477594192856,-0.059619090737613456,0
1.0040158727798498,0.8726960858119167,0.09785537760453333,0.2625979799541559,1
1.0214697944960882,1.0662949479076762,0.10310733720361645,0.002312545967130597,0
1.0427956934542417,0.8698570108849664,0.10315358812295906,0.3256644461957901,1
1.060192833671941,1.0633705820291923,0.10966687704687486,0.06721045506582368,1
1.0814602453125248,1.2567633055385354,0.11101108614819133,-0.18895848020951328,0
1.1065955114232955,1.0602426787569066,0.10723191654400106,0.1365782303912978,0
1.1278003649984336,0.8637612548687323,0.10996348115182702,0.46107333084962404,0
-0.008467713634184616,0.026643937552685834,-0.04325496341704758,0.013893006302436756,0
-0.0079348348831309,-0.1678318483181983,-0.042977103290998846,0.29262083663479677,0
-0.011291471849494866,-0.3623155247652834,-0.03712468655830291,0.5714456005729589,0
-0.018537782344800535,-0.5568977533676486,-0.025695774546843728,0.8522056796283648,1
-0.029675737412153506,-0.361435095075998,-0.00865166095427643,0.5515547544776321,1
-0.036904439313673466,-0.16619270958799276,0.002379434135276212,0.25615858018896,1
-0.04022829350543332,0.02889518869718316,0.007502605739055411,-0.03577288586567379,1
-0.039650389731489655,0.2239087517854462,0.006787148021741935,-0.32607925229035123,0
-0.03517221469578073,0.02869082797364883,0.0002655629759349106,-0.03126370493894032,0
-0.03459839813630775,-0.1664349305472508,-0.00035971112284389583,0.26150299803567445,1
-0.03792709674725277,0.02869215360985916,0.004870348837869593,-0.0312933643319,1
-0.037353253675055584,0.22374392412196809,0.004244481551231593,-0.3224356731947997,0
-0.03287837519261622,0.02856178935979542,-0.0022042319126644016,-0.028417234464308716,0
-0.032307139405420314,-0.16652848243091142,-0.002772576601950576,0.26356941865968114,1
-0.03563770905403854,0.02863293370757905,0.002498811771243047,-0.029986716844548067,0
-0.03506505037988696,-0.16652476262427693,0.0018990774343520854,0.2634835636176101,1
-0.038395545632372505,0.02857003025275559,0.007168748706704288,-0.028599769561688138,1
-0.037824145027317395,0.22358844704994293,0.006596753315470525,-0.3190122840844235,0
-0.03335237608631854,0.02837316803565393,0.00021650763378205495,-0.02425630554169489,0
-0.03278491272560546,-0.16675188742652777,-0.00026861847705184283,0.2684949240354658,1
-0.03611995047413601,0.028373896252383596,0.005101280003657474,-0.024272714754599467,1
-0.03555247254908834,0.22342232045916605,0.0046158257085654845,-0.31534177443944456,0
-0.03108402613990502,0.028234924575440218,-0.001691009780223407,-0.021206751643445043,0
-0.030519327648396214,-0.16686273505657104,-0.0021151448130923077,0.27094216275284566,1
-0.03385658234952763,0.02828933497589567,0.003303698441964606,-0.022407139598471293,0
-0.03329079565000972,-0.16687983828622038,0.00285555564999518,0.2713163082520112,1
-0.03662839241573412,0.02820124899196408,0.008281881815035405,-0.020464597398561657,1
-0.03606436743589484,0.22320345607657088,0.007872589867064171,-0.3105230313259535,0
-0.03160029831436342,0.027970231005814333,0.0016621292405451012,-0.01536775123574663,0
-0.031040893694247135,-0.16717551770445926,0.0013547742158301686,0.27783913325846515,1
-0.03438440404833632,0.02792707992243948,0.006911556880999471,-0.014416191113903187,1
-0.033825862449887535,0.22294923220233537,0.006623233058721408,-0.30491045091610514,0
-0.029366877805840828,0.027733524241044416,0.0005250240403993052,-0.01014609534523453,0
-0.02881220732101994,-0.16739595260175236,0.00032210213349461467,0.28270243663913175,1
-0.03216012637305499,0.02772140283564134,0.00597615086627725,-0.00987888330881137,1
-0.03160569831634216,0.222757140245232,0.005778573200101023,-0.30067028735712364,0
-0.027150555511437524,0.02755330426658989,-0.00023483254704145026,-0.006170530981065903,0
-0.026599489426105728,-0.16756527833206503,-0.0003582431666627683,0.28643829407866633,1
-0.029950794992747026,0.02756178011007296,0.005370522714910559,-0.006357598291600208,1
-0.029399559390545567,0.2226063002438746,0.005243370749078554,-0.2973412332335577,0
-0.024947433385668075,0.027409997728516045,-0.0007034539155926006,-0.0030092604043954196,0
-0.024399233431097754,-0.1677018578772682,-0.000763639123680509,0.28945163515720923,1
-0.027753270588643117,0.027430974295470978,0.005025393579463676,-0.0034720376394362096,1
-0.027204651102733696,0.22248049486111746,0.004955952826674952,-0.2945651645817243,0
-0.022755041205511348,0.02728823951335793,-0.000935350464959535,-0.00032333304253590045,0
-0.02220927641524419,-0.16782028492960593,-0.000941817125810253,0.2920643326028374,1
-0.025565682113836308,0.027315082273739244,0.004899469526246494,-0.0009154825795864574,1
-0.025019380468361524,0.22236642646378663,0.004881159874654765,-0.2920485489672677,0
-0.02057205193908579,0.02717521983315202,-0.0009598111046905892,0.0021698283616752856,0
-0.02002854754242275,-0.16793295315160808,-0.0009164145374570834,0.2945497686116701,1
-0.023387206605454913,0.027202051226575846,0.0049745808347763185,0.0015779591161507733,1
-0.022843165580923395,0.2222523076883662,0.005006140017099334,-0.28953128474890727,0
-0.018398119427156072,0.027059329648587593,-0.0007844856778788109,0.004726312473346539,0
-0.01785693283418432,-0.16805136213404465,-0.0006899594284118802,0.2971616213257184,1
-0.021217960076865213,0.027080417872441837,0.005253272998102488,0.004261172928613666,1
-0.020676351719416376,0.2221266370985614,0.005338496456674761,-0.28675966376220124,0
-0.01623381897744515,0.026928960811607866,-0.0003966968185692638,0.007602188897685769,0
-0.01569523976121299,-0.1681872989712417,-0.0002446530406155484,0.3001599266815148,1
-0.019058985740637826,0.026938138571542508,0.005758545493014748,0.007399851133555957,1
-0.018520222969206974,0.22197703271711178,0.005906542515685867,-0.28346063633911633,0
-0.014080682314864739,0.02677133631728662,0.00023732978890354025,0.011079314036371246,0
-0.013545255588519007,-0.16835401772597625,0.0004589160696309652,0.30383711181565876,1
-0.016912335943038533,0.026761390292137865,0.00653565830594414,0.011298951927280698,1
-0.016377108137195777,0.22178900454498404,0.0067616373444897545,-0.2793147516830919,0
-0.011941328046296096,0.02657125221821363,0.0011753423108279166,0.015493089085409528,0
-0.011409903001931824,-0.16856753511462147,0.0014852040925361072,0.3085466184666449,1
-0.014781253704224253,0.02653322259065191,0.007656136461869006,0.016332454520855133,1
-0.014250589252411214,0.22154454350378644,0.007982785552286108,-0.27392507161093593,0
-0.009819698382335484,0.02630960701431212,0.00250428412006739,0.02126491620887988,1
-0.009293506242049242,0.2213955548677238,0.0029295824442449876,-0.27062682920777525,0
-0.004865595144694765,0.02623192127440796,-0.0024829541399105175,0.022978660952620356,0
-0.004340956719206606,-0.16885433417094248,-0.0020233809208581102,0.31487715431500923,1
-0.0077180434026254555,0.026296381032091004,0.004274162165442075,0.02155680714599928,1
-0.007192115781983636,0.2213567764566469,0.00470529830836206,-0.2697745135541981,0
-0.002764980252850698,0.026167995660731913,-0.0006901919627219028,0.024388769158630696,0
-0.00224162033963606,-0.16894405079884386,-0.00020241657954928884,0.31685385271866284,1
-0.005620501355612937,0.026180782959345034,0.006134660474823968,0.02410709760345836,1
-0.0050968856964260355,0.2212142227965198,0.006616802426893135,-0.2666339783776782,0
-0.0006726012404956391,0.025998464030358798,0.0012841228593395704,0.028128575300169822,0
-0.00015263195988846317,-0.16914187883374848,0.0018466943653429669,0.32121638027760263,1
-0.003535469536563433,0.02595372535801055,0.008271021970895019,0.029116400822633004,1
-0.003016395029403222,0.22095609418830342,0.00885334998734768,-0.2609454946899978,0
0.001402726854362847,0.025708887507504524,0.0036344400935477235,0.03451668842794192,1
0.0019169046045129374,0.22077853168227152,0.004324773862106562,-0.2570173222723734,0
0.006332475238158368,0.02559510348549443,-0.0008155725833409056,0.037026561594284635,0
0.0068443773078682565,-0.16951514282964786,-7.504135145521289e-05,0.3294520554196337,1
0.0034540744512752994,0.0256078765660267,0.006513999756937461,0.03674546499289788,1
0.0039662319825958334,0.2206358132066952,0.007248909056795419,-0.253875131007983,0
0.008378948246729738,0.02541111207871835,0.0021714064366357587,0.041085387508227655,0
0.008887170488304105,-0.16974190928515304,0.002993114186800312,0.3344526224342682,1
0.005492332302601044,0.025337315314715614,0.009682166635485677,0.042715070537442834,1
0.005999078608895357,0.22031909860312227,0.010536468046234534,-0.24689738315547927,0
0.010405460580957801,0.025048262971053226,0.0055985203831249485,0.04909027592220411,1
0.010906425840378866,0.22008949074840556,0.006580325901569031,-0.24182102441564002,0
0.015308215655346978,0.02487416466245007,0.001743905413256231,0.05293022687097343,0
0.01580569894859598,-0.17027274846999674,0.0028025099506756995,0.3461628593898931,1
0.012400243979196045,0.024809226385168776,0.009725767138473562,0.05436498309279625,1
0.012896428506899421,0.21979038323751932,0.010813066800329486,-0.23523358930352822,0
0.017292236171649808,0.024515623206734644,0.006108395014258922,0.060840406601754216,1
0.0177825486357845,0.21954946286940094,0.007325203146294006,-0.22990903804446194,0
0.02217353789317252,0.02432360551424534,0.002727022385404767,0.06507548182870915,1
0.022660010003457427,0.2194063525495653,0.00402853202197895,-0.22674580706560893,0
0.027048137054448734,0.024227060752599006,-0.0005063841193332285,0.06720514016010204,0
0.027532678269500715,-0.17088762674925323,0.0008377186838688124,0.35972825696396515,1
0.024114925734515652,0.024222406105753658,0.008032283823148115,0.06730959963785499,1
0.024599373856630725,0.2192282825145889,0.009378475815905216,-0.22282831299407274,0
0.028983939506922504,0.023973548995736976,0.00492190955602376,0.07279813850800593,1
0.029463410486837243,0.21902459367727015,0.006377872326183879,-0.21832784909244551,0
0.03384390236038265,0.02381205453262178,0.002011315344334969,0.0763600858636207,0
0.03432014345103508,-0.17133867260753066,0.003538517061607383,0.36967691079107806,1
0.03089336999888447,0.02373282458488002,0.010932055277428944,0.07811181872839468,1
0.03136802649058207,0.21869636688333685,0.012494291651996838,-0.21110205961407086,0
0.0357419538282488,0.023398021763653493,0.00827225045971542,0.08549581891076019,1
0.036209914263521874,0.21840042483795244,0.009982166837930625,-0.20456576383049085,0
0.040577922760280924,0.02313715539476524,0.0058908515613208074,0.09124925620837676,1
0.04104066586817623,0.218174177761296,0.0077158366854883425,-0.199569300863495,0
0.04540414942340215,0.022942724793306862,0.003724450668218442,0.09553759490704017,1
0.045863003919268286,0.21801109760766005,0.005635202566359246,-0.19596794892890979,0
0.05022322587142149,0.02280899574101003,0.0017158435877810503,0.09848729561297903,0
0.05067940578624169,-0.17233750486186133,0.003685589500040631,0.39171107338374667,1
0.04723265568900446,0.022731947920578754,0.011519810967715566,0.10019244237241048,1
0.047687294647416036,0.2176869226596355,0.013523659815163775,-0.18883386665673152,0
0.052041033100608744,0.022374130013619986,0.009746982482029145,0.10808436703811014,1
0.052488515700881144,0.21735505981660866,0.01190866982279135,-0.18150756737281692,0
0.056835616897213316,0.02206474613893622,0.00827851847533501,0.11490819803484448,1
0.05727691181999204,0.21706710550365202,0.010576682436031899,-0.1751514612387265,0
0.06161825393006508,0.021795395348235297,0.007073653211257368,0.12084920757834733,1
0.06205416183702978,0.21681529020250304,0.009490637362824315,-0.16959367943761428,0
0.06639046764107984,0.021558790663856353,0.00609876377407203,0.12606808508043627,1
0.06682164345435697,0.2165928426245015,0.008620125475680755,-0.16468452673619843,0
0.071153500306847,0.021348561925972814,0.005326434940956786,0.13070529893426058,1
0.07158047154536645,0.2163938096002294,0.007940540919641997,-0.160292457910703,0
0.07590834773737104,0.0211590839449656,0.004734691761427937,0.13488489263562248,1
0.07633152941627035,0.21621289786934178,0.007432389614140387,-0.15630055464422915,0
0.08065578737365718,0.020985325465253224,0.004306378521255804,0.13871781808875944,1
0.08107549388296224,0.21604533383919589,0.007080734883030992,-0.15260341007862804,0
0.08539640055974616,0.020822714956498123,0.0040286666814584315,0.14230489605747948,1
0.08581285485887613,0.21588673776715858,0.006874764602608021,-0.14910433892175218,0
0.0901305896142193,0.020667019683393517,0.0038926778241729775,0.14573948319078622,0
0.09054393000788717,-0.17451046060281628,0.006807467487988703,0.4396479298783404,1
0.08705372079583085,0.02051448701127448,0.015600426085555511,0.14911866674262336,1
0.08746401053605633,0.21540960963959,0.01858279942040798,-0.13860210448854687,0
0.09177220272884813,0.020026499734411785,0.015810757330637044,0.15988498809112772,1
0.09217273272353636,0.2149185691248835,0.0190084570924596,-0.12776840841788728,0
0.09647110410603403,0.019529542299982022,0.01645308892410185,0.17085033458145643,1
0.09686169495203367,0.21441218344332608,0.01987009561573098,-0.1165970714689053,1
0.10114993862090019,0.40924387912585214,0.017538154186352874,-0.4029455004935514,0
0.10933481620341723,0.21387763120268466,0.009479244176481846,-0.10478524351644236,0
0.11361236882747092,0.01862112717543357,0.0073835393061529985,0.19087320993783258,1
0.11398479137097958,0.21363667601517788,0.01120100350490965,-0.09947139882950434,0
0.11825752489128313,0.018356000210095813,0.009211575528319563,0.1967242659427918,1
0.11862464489548505,0.2133449886147625,0.0131460608471754,-0.09303864277781532,0
0.1228915446677803,0.01803710596325414,0.011285287991619094,0.20376269745914177,1
0.12325228678704538,0.21299586378204455,0.01536054194080193,-0.08533901309495318,0
0.12751220406268626,0.017657135829125342,0.013653761678902867,0.2121503341778584,1
0.12786534677926878,0.21258123721005517,0.017896768362460035,-0.07619448303243442,0
0.13211697152346988,0.01720735463254705,0.016372878701811346,0.22208077825181244,1
0.1324611186161208,0.21209150224700188,0.020814494266847595,-0.06539285065548,1
0.13670294866106084,0.40690894123843613,0.019506637253737996,-0.35143668947929774,0
0.14484112748582956,0.21151509705291954,0.012477903464152042,-0.05266709559546445,0
0.14907142942688795,0.016216471610501992,0.011424561552242753,0.24392644557176762,1
0.14939575885909798,0.2111733935097421,0.016303090463678106,-0.04513110503193657,0
0.15361922672929282,0.01582150482469577,0.015400468363039373,0.2526506830849508,1
0.15393565682578672,0.21072020269629357,0.02045348202473839,-0.035135136943993006,0
0.1581500608797126,0.015311005806682959,0.01975077928585853,0.2639302536433184,1
0.15845628099584624,0.2101455572654196,0.0250293843587249,-0.022458221070781048,1
0.16265919214115462,0.4048997871701683,0.02458021993730928,-0.30714019423357825,0
0.170757187884558,0.2094363630605015,0.018437416052637715,-0.006807769003734476,0
0.17494591514576802,0.01405491234364456,0.018301260672563026,0.29163488846550606,1
0.1752270133926409,0.20891119888327464,0.024133958441873146,0.004779675884371337,1
0.1794052373703064,0.4036788697144658,0.024229551959560572,-0.28019205794898994,0
0.1874788147645957,0.20821981745261206,0.018625710800580772,0.020033254667962797,0
0.19164321111364796,0.01283577443999348,0.019026375893940028,0.31853412647049945,1
0.19189992660244784,0.2076816482671468,0.025397058423350015,0.03191163225039395,1
0.19605355956779077,0.4024303609698002,0.026035291068357894,-0.25265129811765774,0
0.2041021667871868,0.20694650884237986,0.02098226510600474,0.048128617004478846,1
0.2082410969640344,0.40176140459067927,0.021944837446094316,-0.23786106942752877,0
0.21627632505584798,0.20633292979071854,0.01718761605754374,0.061662324758198106,0
0.22040298365166236,0.01096881781158271,0.018420862552707702,0.35971811912959994,1
0.220622360007894,0.20582413450781137,0.0256152249352997,0.072900159918098,1
0.22473884269805022,0.40056967165110224,0.027073228133661663,-0.21159226321421076,0
0.23275023613107226,0.20507130506216276,0.022841382869377445,0.08950638068914923,1
0.23685166223231552,0.39985853510063857,0.02463151048316043,-0.1958834654601735,0
0.2448488329343283,0.2043930724562418,0.02071384117395696,0.10446672151093922,0
0.24893669438345314,0.00898049400964493,0.022803175604175746,0.40361214199183504,1
0.24911630426364603,0.20377174139135038,0.030875418444012447,0.11820478663077205,1
0.253191739091473,0.39843802184848043,0.03323951417662789,-0.16457953397264452,0
0.2611604995284426,0.20285640236129696,0.029947923497175,0.1384014594038872,1
0.2652176275756686,0.39753690073301007,0.03271595268525274,-0.14468497098608102,0
0.27316836559032875,0.20196206903156214,0.02982225326553112,0.15813706718867243,1
0.27720760697096,0.396644641180872,0.03298499460930457,-0.12499049960393394,0
0.2851404997945774,0.2010660470294471,0.03048518461722589,0.17791364251093417,1
0.28916182073516633,0.39573877435551574,0.034043457467444575,-0.10499851406743288,0
0.29707659622227667,0.2001459135763448,0.031943487186095916,0.19822762405185446,1
0.30107951449380355,0.39479675622729293,0.035908039667133004,-0.08420990011636764,0
0.3089754496183494,0.19917896980465258,0.03422384166480565,0.21958232466312533,1
0.31295902901444245,0.39379542114520205,0.03861548815806816,-0.06211156215070146,0
0.3208349374373465,0.19814169995853148,0.03737325691505413,0.24250036638881517,1
0.3247977714365171,0.39271043057100885,0.04222326424283043,-0.03816374900064318,0
0.3326519800479373,0.19700922925838418,0.04145998926281757,0.26753637067383973,1
0.041204202385333386,0.049877383501072486,0.004417352712101863,-0.04475900757013466,0
0.042201750055354835,-0.14530763088330848,0.00352217256069917,0.2493143550002296,1
0.039295597437688665,0.049763844162514226,0.008508459660703762,-0.04225552598000745,0
0.040290874320938946,-0.14547907591048234,0.007663349141103613,0.2530997103564898,1
0.037381292802729296,0.04953261693571223,0.01272534334823341,-0.03715623703241572,0
0.03837194514144354,-0.14576948350748922,0.011982218607585094,0.25951434433385007,1
0.035456555471293755,0.04917938096904209,0.017172505494262094,-0.029365272529759345,1
0.036440143090674594,0.24405091172830412,0.016585200043666908,-0.3165810012770002,0
0.04132116132524068,0.04869670122712788,0.010253580018126904,-0.018714161222102788,0
0.042295095349783235,-0.14657078541008753,0.009879296793684848,0.2771861713535984,1
0.03936367964158148,0.04840883957531486,0.015423020220756816,-0.01236452764759105,1
0.04033185643308778,0.24330624755143218,0.015175729667804996,-0.30014168199918206,0
0.045197981384116424,0.047971312703881164,0.009172896027821354,-0.0027115254442123815,0
0.04615740763819405,-0.14728098174075405,0.009118665518937107,0.2928513882299284,1
0.04321178800337897,0.0477097783495227,0.014975693283535676,0.003058258640488365,1
0.044165983570369424,0.24261379030303093,0.015036858456345443,-0.2848622871024639,0
0.04901825937643004,0.047280642847215004,0.009339612714296164,0.012524979835934813,0
0.04996387223337434,-0.14797399667908853,0.009590112311014861,0.3081399716298227,1
0.04700439229979257,0.04701000297815852,0.015752911743611316,0.018496871388262448,1
0.04794459235935574,0.2419025385284636,0.016122849171376564,-0.2691744956256353,0
0.05278264312992501,0.04655425705603619,0.010739359258863858,0.02854975466224463,1
0.05371372827104574,0.24152056526019902,0.01131035435210875,-0.26072553221624534,0
0.05854413957624972,0.0462389987415093,0.006095843707783843,0.035503255128743305,0
0.059468919551079906,-0.1489698353744079,0.006805908810358709,0.33010323290096383,1
0.056489522843591745,0.046054574714711555,0.013407973468377986,0.03957431468979039,1
0.057410614337885975,0.24098171555156642,0.014199459762173794,-0.24884828878046067,0
0.062230248648917304,0.04565988989769382,0.00922249398656458,0.04827941481085357,1
0.06314344644687118,0.2406483920538137,0.010188082282781652,-0.24147952524368294,0
0.06795641428794746,0.04538240150163908,0.005358491777907993,0.05439950406930055,0
0.06886406231798024,-0.14981597128550203,0.0064464818592940044,0.34876824869189693,1
0.06586774289227021,0.04521370249500983,0.013421846833131943,0.05812506919466226,1
0.0667720169421704,0.24014066288606756,0.014584348217025188,-0.23029313081385067,0
0.07157483019989175,0.04481337480605302,0.009978485600748176,0.0669542881748526,1
0.07247109769601282,0.23979085259399988,0.011317571364245228,-0.22256374208926738,0
0.07726691474789281,0.04450898177733026,0.00686629652245988,0.0736675994217465,1
0.07815709438343942,0.23953182694362057,0.00833964851089481,-0.21684109712497357,0
0.08294773092231182,0.044291654622978543,0.00400282656839534,0.07846080547929973,0
0.08383356401477139,-0.15088744950921518,0.005572042677981334,0.3724039440886384,1
0.08081581502458708,0.04415490293480909,0.013020121559754103,0.08148312918767103,1
0.08169891308328327,0.23908781415297103,0.014649784143507524,-0.20706364611226918,0
0.08648066936634269,0.04375947356531942,0.01050851122126214,0.09020430734533919,1
0.08735585883764908,0.23872923654086967,0.012312597368168924,-0.19914474411999056,0
0.09213044356846647,0.043433365127947404,0.008329702485769114,0.0973966702954388,1
0.09299911087102543,0.23843494886247685,0.01027763589167789,-0.19264665366939493,0
0.09776780984827496,0.04316749297558048,0.0064247028182899905,0.10326063250728373,0
0.09863115970778658,-0.1520459389290864,0.008489915468435666,0.3979635866790437,1
0.09559024092920484,0.04295454369155016,0.01644918720201654,0.10796940937824878,1
0.09644933180303585,0.23783696113686537,0.018608575389581515,-0.17947882688431072,0
0.10120607102577316,0.04245373204596081,0.015018998851895301,0.11901588079871817,1
0.10205514566669237,0.2373573121065812,0.017399316467869665,-0.16889109690373433,0
0.106802291908824,0.04199069097063851,0.014021494529794978,0.1292296184485952,1
0.10764210572823676,0.2369090044185162,0.016606086898766883,-0.15899692683441646,0
0.11238028581660708,0.04155329240588451,0.013426148362078553,0.1388782034979013,1
0.11321135166472478,0.23648039787006192,0.01620371243203658,-0.14953893268191043,0
0.11794095962212602,0.041130208555048925,0.01321293377839837,0.14821156671918861,1
0.118763563793227,0.23606048223279044,0.01617716511278214,-0.14027383123486292,0
0.1234847734378828,0.04071061819829719,0.013371688488084883,0.15746850236086873,1
0.12429898580184875,0.2356385960612913,0.01652105853530226,-0.13096616541797573,0
0.12901175772307458,0.040283929436804866,0.013901735226942744,0.16688281481819728,1
0.12981743631181067,0.23520415666181077,0.01723939152330669,-0.1213822955055584,0
0.1345215194450469,0.0398395121111981,0.014811745613195522,0.17668925617542625,1
0.13531830968727085,0.2347463948387055,0.018345530736704047,-0.11128450437108456,0
0.14001323758404496,0.03936643346419358,0.016119840649282357,0.1871294049829122,1
0.14080056625332885,0.23425408816031051,0.019862428748940602,-0.10042506891783698,0
0.14548564801653505,0.038853190879572036,0.01785392737058386,0.19845763240107828,1
0.14626271183412648,0.233715286559451,0.021823080018605424,-0.08854015049287517,0
0.1509370175653155,0.03828743574616178,0.02005227700874792,0.2109473008498971,1
0.15170276628023874,0.2331170241210792,0.024271223025745862,-0.0753433544855232,1
0.15636510676266033,0.42788276798001207,0.0227643559360354,-0.3602708842642664,0
0.16492276212226056,0.2324447471327271,0.015558938250750071,-0.06049766641623067,0
0.16957165706491512,0.0371032093802168,0.014348984922425458,0.23705331792508788,1
0.17031372125251945,0.23201725378968702,0.019090051280927216,-0.051069193768687404,0
0.1749540663283132,0.036626847951902713,0.01806866740555347,0.24757514619750515,1
0.17568660328735125,0.23148615045752832,0.023020170329503573,-0.03935419691539871,0
0.18031632629650182,0.03604178477275913,0.0222330863911956,0.2605020087650295,1
0.18103716199195702,0.23083941342673722,0.02744312656649619,-0.025086230459425762,1
0.18565395026049175,0.4255572769056527,0.026941401957307674,-0.3089857808722668,0
0.1941650957986048,0.2300620228872373,0.020761686339862338,-0.007929502978656966,0
0.19876633625634954,0.03464856800106414,0.0206030962802892,0.2912310045202702,1
0.19945930761637082,0.22947077866550625,0.026427716370694604,0.005116592808932785,1
0.20404872318968095,0.4242039455140951,0.02653004822687326,-0.2791123144200777,0
0.21253280209996286,0.22871377475479837,0.020947801938471705,0.02181867114691277,0
0.21710707759505884,0.033297772521013846,0.02138417536140996,0.321036567284086,1
0.21777303304547913,0.22810876955710155,0.02780490670709168,0.035173350410269144,1
0.22233520843662116,0.4228211848808155,0.028508373715297065,-0.24860878955561005,0
0.23079163213423748,0.2273039459811612,0.023536197924184862,0.052928226817550605,1
0.2353377110538607,0.4220806491915705,0.024594762460535876,-0.23223690558745286,0
0.24377932403769212,0.22661605906367574,0.01995002434878682,0.06810143752478143,0
0.24831164521896562,0.03121385125960524,0.021312053099282448,0.36701134119515727,1
0.24893592224415773,0.22602657593343903,0.028652279923185593,0.08112388445569141,1
0.2534564537628265,0.4207263279617788,0.030274757612299422,-0.20238325449965405,0
0.2618709803220621,0.22518477733627168,0.02622709252230634,0.09969408150937797,1
0.2663746758687875,0.41992122133043597,0.028220974152493902,-0.18460024538324543,0
0.2747731002953962,0.22440708355095465,0.024528969244828995,0.11685005014176603,0
0.2792612419664153,0.028942422358399417,0.026865970247664316,0.41716963620769304,1
0.27984009041358326,0.22367354063612482,0.035209362971818176,0.1330760123847844,1
0.28431356122630574,0.41827391863650276,0.037870883219513866,-0.1482942248070967,0
0.2926790395990358,0.2226306963273837,0.03490499872337193,0.15609156806170882,1
0.29713165352558346,0.41723595315128764,0.03802683008460611,-0.1253785250001117,0
0.3054763725886092,0.22159044102527647,0.03551925958460388,0.1790547791701244,1
0.30990818140911475,0.4161865768828225,0.03910035516800636,-0.10221484783037932,0
0.3182319129467712,0.2205267157316678,0.037056058211398776,0.20254319885410177,1
0.32264244726140456,0.4150996573008321,0.04110692218848081,-0.07822386485078131,0
0.3309444404074212,0.21941326338956668,0.03954244489146518,0.22713979265118062,1
0.33533270567521256,0.4139484536605572,0.044085240744488795,-0.05281244091434206,0
0.3436116747484237,0.21822301004705105,0.04302899192620195,0.25344733803371167,1
0.3479761349493647,0.4127049884942304,0.04809793868687619,-0.025358989359879014,1
0.3562302347192493,0.6071053568459649,0.047590758899678606,-0.30248696848383316,0
0.36837234185616863,0.4113385798132518,0.041541019530001944,0.004817120715288503,0
0.3765991134524337,0.21564625104683546,0.04163736194430771,0.31031192446347416,1
0.3809120384733704,0.4101510025435774,0.047843600433577195,0.031045513590423346,1
0.38911505852424194,0.6045553624078586,0.04846451070538566,-0.24616669177369221,0
0.4012061657723991,0.40877593224696257,0.04354117686991182,0.06140062357518816,1
0.40938168441733835,0.6032474283400102,0.04476918934141558,-0.21723308839153305,0
0.42144663298413854,0.40751502533865186,0.04042452757358492,0.08922908363507637,1
0.42959693349091155,0.602034928628895,0.042209109246286444,-0.1904308243848813,0
0.44163763206348944,0.40633534520300146,0.03840049275858882,0.11526288812551105,0
0.44976433896754947,0.21068481337033806,0.04070575052109904,0.41980930350993645,1
0.4539780352349562,0.4052070552614302,0.049101936591297766,0.14023182969170306,1
0.46208217634018484,0.5995926209304181,0.051906573185131824,-0.1365649224999505,0
0.4740740287587932,0.40376710494558055,0.049175274735132814,0.17203141264164395,1
0.48214937085770476,0.5981519992889929,0.052615902987965694,-0.104741748042526,0
0.4941124108434846,0.4023170471948978,0.050521068027115174,0.20406609585260665,1
0.5021587517873826,0.5966814677668641,0.05460238994416731,-0.07226166917655347,0
0.5140923811427198,0.40082095699058795,0.053157156560636236,0.23713637579988067,1
0.5221088002825316,0.5951447669922385,0.05789988407663385,-0.03831676799989736,0
0.5340116956223764,0.3992423848171265,0.0571335487166359,0.27205744244214575,1
0.5419965433187189,0.593504514180433,0.06257469756547882,-0.0020721655263826744,0
0.5538666336023276,0.39754356215717057,0.06253325425495117,0.30967893039582883,1
0.561817504845471,0.5917213908285591,0.06872683286286774,0.03735428481819292,1
0.5736519326620422,0.7857939245034156,0.0694739185592316,-0.23287749177603356,0
0.5893678111521105,0.5897516159051582,0.06481636872371092,0.08088549455009764,1
0.6011628434702136,0.7838874260506088,0.06643407861471287,-0.19066406554104598,0
0.6168405919912259,0.5878810730559146,0.06262079730389195,0.12221415414309827,1
0.6285982134523441,0.7820525675940282,0.0650650803867539,-0.15007372700585442,0
0.6442392648042247,0.5860621733858983,0.06206360584663682,0.16240543440747512,1
0.6559605082719426,0.780243262720202,0.06531171453478632,-0.11007041799631556,0
0.6715653735263467,0.5842491652001488,0.06311030617486,0.20248191970701596,1
0.6832503568303497,0.7784144353195829,0.06715994456900032,-0.06964405505586146,0
0.6988186455367414,0.5823971184734718,0.0657670634678831,0.24344925735235234,1
0.7104665879062109,0.7765210422417357,0.07063604861493014,-0.027785540127542363,0
0.7259970087510456,0.5804609451460623,0.0700803378123793,0.2863209695579222,1
0.7376062276539668,0.7745171077653906,0.07580675720353774,0.016537985948102574,0
0.7530965698092746,0.5783944665375413,0.0761375169224998,0.33214291084217895,1
0.7646644591400255,0.7723547836214306,0.08278037513934339,0.0644081169186328,1
0.7801115548124541,0.9661983208021101,0.08406853747771605,-0.20105186576932177,0
0.7994355212284963,0.7699809200003085,0.08004750016232962,0.11692181685934461,1
0.8148351396285024,0.9638701263089406,0.0823859364995165,-0.14947187595915729,0
0.8341125421546812,0.7676709935692443,0.07939649898033335,0.16802269451954827,1
0.8494659620260661,0.9615719967367529,0.08275695287072432,-0.09859450233008521,0
0.8686974019608011,0.7653674839973756,0.08078506282412262,0.21900781199685293,1
0.8840047516407487,0.959247287611372,0.08516521906405967,-0.047138448759343865,0
0.903189697392976,0.763013916882005,0.0842224500888728,0.2711530924928651,1
0.9184499757306162,0.9568393692463211,0.0896455119387301,0.006177605582389278,0
0.9375867631155426,0.7605537620317906,0.08976906405037789,0.32574424245852845,1
0.9527978383561784,0.9542905498852036,0.09628394889954846,0.06266586568011728,1
0.9718836493538825,1.1479096015943828,0.0975372662131508,-0.198153764810937,0
0.9948418413857701,0.9515376724204274,0.09357419091693206,0.12363460814051808,0
1.0138725948341787,0.755208363815364,0.09604688307974242,0.44431087962722726,0
1.028976762110486,0.5588680081595057,0.10493310067228696,0.7656584147324641,1
1.040154122273676,0.7524006386622603,0.12024626896693624,0.5077499848996752,1
1.0552021350469214,0.9456413666141638,0.13040126866492974,0.255249214147779,1
1.0741149623792046,1.138683735679289,0.13550625294788532,0.006373526635870985,1
1.0968886370927904,1.3316283869612966,0.13563372348060274,-0.24067335389633615,0
1.1235212048320162,1.134855912143928,0.130820256402676,0.09152873621905844,1
1.1462183230748948,1.3278837667237817,0.13265083112705717,-0.15718743125775755,0
1.1727759984093704,1.1311366705317143,0.12950708250190202,0.17422558219007075,1
1.1953987318200048,1.324190224391215,0.13299159414570344,-0.07496096958917603,0
1.2218825363078292,1.1274372467366445,0.13149237475391992,0.2565467719894595,1
1.244431281242562,1.320460688535171,0.1366233101937091,0.008058522927279765,0
1.2708404950132655,1.1236707667391905,0.1367844806522547,0.34053514817070096,1
1.2933139103480493,1.3166083398082,0.14359518361566873,0.0939213175352655,0
1.3196460771442133,1.1197514193693223,0.14547360996637404,0.42823964664271785,1
1.3420411055315997,1.3125458735741258,0.1540384028992284,0.18472114210678622,1
1.3682920230030822,1.5051667877976787,0.15773282574136413,-0.0556807367121705,0
1.3983953587590356,1.3081761760462234,0.15661921100712073,0.2823184007069637,0
1.4245588822799602,1.1112074043107647,0.16226557902126001,0.6200133194226747,1
1.4467830303661755,1.303735773629287,0.1746658454097135,0.38251140614914136,1
1.4728577458387613,1.4960033525201069,0.18231607353269633,0.14958921046879198,0
1.5027778128891633,1.298802564013379,0.18530785774207217,0.49379238252300633,1
1.528753864169431,1.4908940304493012,0.1951837053925323,0.2647574583019513,1
1.5585717447784169,1.6827724642481348,0.2004788545585713,0.03942521883758929,0
1.5922271940633796,1.485424714982625,0.2012673589353231,0.3880646773406452,1
1.621935688363032,1.6772060775807813,0.209028652482136,0.16497349226052252,0
0.021367551072675753,-0.008873818159574297,0.03181900007483082,0.019606126214323213,1
0.021190074709484266,0.18577770667702878,0.032211122599117285,-0.2628701599269591,1
0.024905628843024843,0.3804254215746279,0.026953719400578103,-0.5452218443726888,0
0.0325141372745174,0.18493530734013985,0.016049282513124326,-0.24416975066391722,0
0.036212843421320196,-0.01041215964029421,0.011165887499845982,0.0535319989912848,1
0.03600460022851431,0.18454792244817936,0.012236527479671678,-0.23560719133481556,0
0.0396955586774779,-0.010746698740644572,0.007524383652975366,0.060910258544375095,0
0.03948062470266501,-0.2059757205731555,0.008742588823862868,0.355957649386255,1
0.0353611102912019,-0.010979154296695992,0.01586174181158797,0.06604426638071881,1
0.035141527205267975,0.18391183446117365,0.017182627139202346,-0.221592285800653,0
0.038819763894491446,-0.011451449132899139,0.012750781423189287,0.07646082477429417,1
0.038590734911833464,0.1834854108684711,0.01427999791867517,-0.21217206740931716,0
0.042260443129202886,-0.011837767246136138,0.010036556570488827,0.0849810044902789,1
0.042023687784280166,0.18313888838319595,0.011736176660294405,-0.20451855062498353,0
0.04568646555194408,-0.012148914320650184,0.007645805647794735,0.09184333650127541,1
0.04544348726553108,0.1828626179166404,0.009482672377820243,-0.19841756689846501,0
0.04910073962386389,-0.012393671664098938,0.005514321039850943,0.09724156322701616,0
0.04885286619058191,-0.20759421953466267,0.007459152304391266,0.39165913550852516,1
0.044700981799888656,-0.012578917134772827,0.015292335014561769,0.10133729014800252,1
0.0444494034571932,0.18232057227742804,0.017319080817521818,-0.18648198963412804,0
0.04809581490274176,-0.013044835306343039,0.013589441024839256,0.11161372808311265,1
0.047834918196614895,0.18187977880693573,0.01582171558650151,-0.1767510228389208,0
0.05147251377275361,-0.013464981142701227,0.012286695129723094,0.12088083316165654,1
0.05120321414989958,0.18147880052048027,0.014704311792956224,-0.16790057017323712,0
0.05483279016030919,-0.013850507222524427,0.011346300389491483,0.129384628787924,1
0.0545557800158587,0.18110708431441602,0.013933992965249963,-0.15969719406337873,0
0.05817792170214702,-0.014211553583610537,0.010740049083982389,0.13734878287622243,1
0.05789369063047481,0.18075493363922351,0.013487024741506837,-0.15192656755132306,0
0.06150878930325928,-0.01455751469487937,0.010448493390480377,0.14498052494093777,1
0.06121763900936169,0.1804132576108769,0.013348103889299133,-0.14438786863107694,0
0.06482590416157923,-0.014897284624777768,0.010460346516677594,0.1524760719853307,1
0.06452795846908367,0.18007333718895735,0.013509867956384208,-0.1368885749925418,0
0.06812942521286282,-0.015239486542501013,0.010772096456533372,0.16002570550416828,1
0.0678246354820128,0.17972660280831118,0.013972610566616738,-0.12923952596085092,0
0.07141916753817902,-0.015592692297664384,0.01138782004739972,0.16781863130001062,1
0.07110731369222573,0.17936441806353437,0.014744192673399933,-0.12125012582939831,0
0.07469460205349641,-0.015965637516704073,0.012319190156811967,0.17604774642898235,1
0.07437528930316234,0.1789778641928768,0.015840145085391614,-0.11272356729213417,0
0.07795484658701987,-0.01636743743336108,0.01358567373954893,0.18491443322916995,1
0.07762749783835265,0.17855752018120416,0.017283962404132328,-0.10345195534318008,1
0.08119864824197674,0.37342756472869265,0.015214923297268727,-0.39063213037477745,0
0.0886671995365506,0.17809301633480093,0.0074022806897731785,-0.09319120633021893,0
0.09222905986324662,-0.017134245116937813,0.0055384565631687995,0.2018179136058345,1
0.09188637496090786,0.1779080604722289,0.009574814835285491,-0.08911275976531807,0
0.09544453617035244,-0.01734981526756088,0.00779255963997913,0.20657558099314943,1
0.09509753986500122,0.1776598417358088,0.011924071259842118,-0.08363903388646826,0
0.0986507366997174,-0.017630988883036658,0.010251290582112754,0.21278198081788607,1
0.09829811692205666,0.17734290775144584,0.014506930198470474,-0.0766496704217573,0
0.10184497507708558,-0.01798397413994035,0.012973936790035327,0.22057471078231028,1
0.10148529559428678,0.17695014779277485,0.01738543100568153,-0.06798763312419281,1
0.10502429855014227,0.3718185858311386,0.016025678343197677,-0.35513505735176637,0
0.11246067026676504,0.17647248467870838,0.008922977196162349,-0.057442183990198514,0
0.11599011996033921,-0.01877626212197145,0.007774133516358379,0.23804259756334906,1
0.11561459471789978,0.17623376854336573,0.01253498546762536,-0.05217803685963612,0
0.1191392700887671,-0.019065655344707166,0.011491424730432638,0.244433273550566,1
0.11875795698187296,0.17589029270018464,0.01638009020144396,-0.04460293584899716,0
0.12227576283587666,-0.01946266430151472,0.015488031484464015,0.2532027207281849,1
0.12188650954984637,0.1754347495149277,0.02055208589902771,-0.034555037621313844,1
0.1253952045401449,0.37025604028988424,0.019860985146601434,-0.3206833703939927,0
0.1328003253459426,0.17485695991961692,0.01344731773872158,-0.021803809835287735,0
0.13629746454433495,-0.020455231914605715,0.013011241542015826,0.2750913817993455,1
0.13588835990604284,0.17447868614761675,0.018513069178002738,-0.013459547937341776,0
0.13937793362899517,-0.020903806386030344,0.018243878219255903,0.28500650060570426,1
0.13895985750127457,0.1739532596382504,0.02394400823136999,-0.0018670550832070032,1
0.14243892269403957,0.36872378100826086,0.02390666712970585,-0.2869002266226199,0
0.1498133983142048,0.1732691956307073,0.01816866259725345,0.013225765151463842,1
0.15327878222681893,0.36812593608905775,0.018433177900282725,-0.27366981222977715,0
0.16064130094860007,0.1727458898177658,0.012959781655687182,0.02476951602084737,0
0.1640962187449554,-0.022559495005599894,0.01345517197610413,0.3215130607262524,1
0.1636450288448434,0.1723682875089072,0.01988543319062918,0.03310355529181447,1
0.16709239459502154,0.36719951245811433,0.020547504296465468,-0.253239570322666,0
0.17443638484418383,0.17179028424556167,0.015482712890012148,0.04585293904042298,0
0.17787219052909506,-0.023550218480312135,0.016399771670820608,0.34338031011426773,1
0.17740118615948883,0.17133462974924163,0.02326737787310596,0.05591366471272041,1
0.18082787875447365,0.3661153697406514,0.02438565116736037,-0.22933837048415573,0
0.18815018614928666,0.17065358559909488,0.019798883757677254,0.07093580597910054,1
0.19156325786126857,0.36548617565988595,0.021217599877259265,-0.21543530927639543,0
0.1988729813744663,0.17006742121501792,0.016908893691731357,0.08386435002826481,0
0.20227432979876667,-0.025292779444130636,0.018586180692296655,0.38183373819988103,1
0.20176847420988406,0.16956039904353298,0.026222855456294276,0.09506847499322146,1
0.20515968219075473,0.3642968837966997,0.028124224956158704,-0.1892271907400126,0
0.21244561986668872,0.16878409755468296,0.02433968114135845,0.11219344456076147,1
0.2158213018177824,0.36354897788043194,0.02658355003257368,-0.1727121835007458,0
0.22309228137539103,0.16805683903888813,0.023129306362558763,0.1282370605405893,1
0.2264534181561688,0.36283994830656696,0.02569404757337055,-0.15706004547078223,0
0.23371021712230014,0.16735972811289107,0.022552846663954906,0.14361671928418385,1
0.23705741168455796,0.36215155363835594,0.025425181049638583,-0.1418667394476476,0
0.24430044275732507,0.16667486856241995,0.02258784626068563,0.15872771823304105,1
0.24763394012857348,0.36146627153490746,0.025762400625346453,-0.12674458877540873,0
0.25486326555927163,0.16598490812072214,0.023227508849838277,0.1739534637866486,1
0.2581829637216861,0.36076686033073396,0.02670657812557125,-0.11131237834846036,0
0.26539830092830075,0.16527260269393237,0.02448033055860204,0.1896752390248736,1
0.2687037529821794,0.36003593084031277,0.028273835339099513,-0.0951857199393033,0
0.2759044715989857,0.1645203907217026,0.026370120940313446,0.2062817753908761,1
0.27919487941341975,0.3592555195670465,0.03049575644813097,-0.0779674450401458,0
0.2863799898047607,0.16370996889559739,0.02893640754732805,0.22417886259358977,1
0.28965418918267266,0.358406654710712,0.033419984799199845,-0.05923779106688265,0
0.2968223222768869,0.1628218612260908,0.03223522897786219,0.24379922522206376,1
0.30007875950140867,0.35746890685603017,0.037111213482303465,-0.03854414548789764,0
0.30722813763852924,0.16183497457006776,0.036340330572545515,0.26561289214781125,1
0.3104648371299306,0.3564199171258955,0.04165258841550174,-0.015390107626963578,1
0.3175932354724485,0.550920532641977,0.04134478626296247,-0.294645662257306,0
0.32861164612528804,0.35523427500460275,0.035451873017816354,0.010784786047598027,0
0.3357163316253801,0.15962230360795082,0.035667568738768314,0.31443904093417985,1
0.33890877769753913,0.35421849669374744,0.04195634955745191,0.03321444395433987,1
0.3459931476314141,0.548714446145793,0.0426206384365387,-0.24594118624721634,0
0.35696743655432994,0.3530105033514611,0.037701814711594374,0.059874817787555934,1
0.36402764662135917,0.5475721732794541,0.03889931106734549,-0.22067858750488972,0
0.37497909008694824,0.3519164111377786,0.034485739317247695,0.0840165538740007,0
0.3820174183097038,0.15631752758748702,0.03616607039472771,0.3873772299862807,1
0.3851437688614536,0.35090793480115123,0.04391361499445332,0.10631299622781376,1
0.3921619275574766,0.545373971852706,0.0460398749190096,-0.17219839377255702,0
0.4030694069945307,0.34962434441861323,0.04259590704355846,0.13464585072698343,1
0.410061893882903,0.5441110950425417,0.04528882405809813,-0.1443002460290439,0
0.4209441157837538,0.34837079968609774,0.04240281913751725,0.16231950265557515,1
0.42791153177747576,0.5428608787731738,0.04564920919062875,-0.1166906921422819,0
0.43876874935293925,0.3471155923293795,0.043315395347783114,0.19003756954789897,1
0.44571106119952686,0.5415919578620111,0.047116146738741094,-0.08867261628705725,0
0.4565429003567671,0.34582742831875846,0.04534269441299995,0.21849532304173103,1
0.4634594489231423,0.540272869457316,0.04971260087383457,-0.05954687629308153,0
0.4742649063122886,0.3444746897627754,0.04852166334797294,0.24839704009737695,1
0.4811544001075441,0.5388713183341555,0.05348960414992048,-0.028594939492048443,0
0.49193182647422723,0.34302471464943085,0.05291770536007951,0.2804732538208951,1
0.49879232076721586,0.537353443317858,0.05852717043649741,0.004938742590102296,1
0.509539389633573,0.7315893181840769,0.05862594528829946,-0.2687190399014836,0
0.5241711759972546,0.5356818500007492,0.053251564490269784,0.0418634625426873,0
0.5348848129972695,0.33983832502146305,0.05408883374112353,0.35086089070576937,1
0.5416815794976988,0.5341510125609801,0.06110605155523892,0.07571248101738204,1
0.5523645997489184,0.7283461437971896,0.06262030117558656,-0.19708254785639429,0
0.5669315226248621,0.5323869951360632,0.058678650218458674,0.11467839096780075,1
0.5775792625275834,0.7266212121736977,0.06097221803781469,-0.158929865543386,0
0.5921116867710574,0.5306817307994576,0.05779362072694697,0.15234793290223525,1
0.6027253213870466,0.7249305680997886,0.060840579384991676,-0.12155698291348616,0
0.6172239327490424,0.5289921059549314,0.058409439726721954,0.18968301451508507,1
0.6278037748681411,0.7232318996965789,0.06220310001702366,-0.08401719434375143,0
0.6422684128620727,0.5272759987857278,0.06052275613014863,0.22762411262506516,1
0.6528139328377872,0.7214831518938033,0.06507523838264993,-0.04537041446202694,0
0.6672435958756633,0.5254913345245282,0.0641678300934094,0.26711366312284185,1
0.6777534225661539,0.7196415992272174,0.06951010335586624,-0.004659979486010768,0
0.6921462545506982,0.523595178668252,0.06941690376614602,0.30911903369651367,1
0.7026181581240633,0.7176629349093586,0.0755992844400763,0.03911066758420845,1
0.7169714168222504,0.911623962759844,0.07638149779176047,-0.2287948437063338,0
0.7352038960774473,0.7154983026707719,0.0718056009176338,0.08697022749629263,1
0.7495138621308627,0.9095214483629936,0.07354500546755965,-0.18222180947561578,0
0.7677042910981225,0.7134284017558563,0.06990056927804734,0.13272538280903423,1
0.7819728591332397,0.9074830738860943,0.07255507693422802,-0.13711175253297742,0
0.8001225206109616,0.7114009502903517,0.06981284188356848,0.17755008714592913,0
0.8143505396167686,0.5153529776183694,0.07336384362648707,0.4914140154003075,1
0.8246575991691361,0.7093675535264762,0.08319212393449321,0.22272460401483962,1
0.8388449502396655,0.903207990390042,0.08764661601479,-0.04260018282779132,0
0.8569091100474664,0.7069456762475266,0.08679461235823417,0.2763983834673077,1
0.871048023572417,0.9007290198692983,0.09232258002758033,0.012303142044716886,1
0.889062603969803,1.0944140023266515,0.09256864286847466,-0.24988276488107014,0
0.910950884016336,0.8981004200982246,0.08757098757085326,0.07050318768317665,0
0.9289128924183004,0.7018392531509066,0.0889810513245168,0.3894798383652404,1
0.9429496774813185,0.8955930093652295,0.0967706480918216,0.12612491898855482,1
0.9608615376686231,1.0892050238508897,0.09929314647159271,-0.13452815850971228,0
0.982645638145641,0.8928113684295523,0.09660258330139847,0.18775555502378255,1
1.000501865514232,1.0864280204072432,0.10035769440187411,-0.07295833838523391,0
1.022230425922377,0.8900212147274092,0.09889852763416944,0.24962516638080873,1
1.040030850216925,1.0836019591118526,0.10389103096178562,-0.010298267420237872,0
1.0617028893991622,0.887155354824672,0.10368506561338087,0.31327187913886484,1
1.0794459964956558,1.0806591835955937,0.10995050319615816,0.05500376889527703,0
1.1010591801675675,0.884146512647668,0.11105057857406371,0.38025317793453434,1
1.1187421104205209,1.077530745107566,0.1186556421327544,0.12454544200438483,1
1.1402927253226722,1.2707705797931308,0.12114655097284209,-0.12847325344945393,0
1.165708136918535,1.074140233631948,0.118577085903853,0.1998405572268518,0
1.1871909415911739,0.877539538805566,0.12257389704839004,0.5274508208934987,1
1.204741732367285,1.0707430058170395,0.13312291346626,0.2757665202227155,1
1.226156592483626,1.2637393178305356,0.13863824387071433,0.027856074520916235,0
1.2514313788402367,1.0669295963099694,0.13919536536113264,0.36086730149112267,1
1.2727699707664362,1.2598268852087475,0.1464127113909551,0.11511134888422248,1
1.2979665084706111,1.452580642279498,0.14871493836863955,-0.12803410766848528,0
1.3270181213162011,1.2556758778051096,0.14615425621526984,0.20762418410481903,0
1.3521316388723033,1.0587992420353274,0.15030673989736623,0.5426071632854734,1
1.3733076237130097,1.2515247079331693,0.1611588831630757,0.30080235591683635,1
1.3983381178716732,1.4440267059410437,0.16717493028141242,0.06296690438237401,0
1.4272186519904941,1.246951551860746,0.1684342683690599,0.4033792505256313,1
1.452157683027709,1.4393343521806334,0.17650185337957253,0.16817468188123819,0
1.4809443700713216,1.2421829513556386,0.17986534701719728,0.5109298857159355,1
1.5057880290984345,1.4343761359465623,0.190083944731516,0.2798866055679894,1
1.5344755518173656,1.626350180860177,0.19568167684287577,0.052660934656202446,0
1.5670025554345692,1.4290392931414195,0.19673489553599982,0.4001428167272768,1
1.5955833412973977,1.620906151666993,0.20473775187054535,0.17536185602700674,0
1.6280014643307374,1.4235323903097399,0.20824498899108548,0.525012331380275,1
0.039240559204498274,0.0035718936381905347,-0.03768317831457718,-0.03290830993743661,0
0.03931199707726209,-0.19098997073687973,-0.038341344513325916,0.2476510669845065,0
0.03549219766252449,-0.3855439663018975,-0.033388323173635784,0.5279979886107709,0
0.02778131833648654,-0.5801806447642894,-0.022828363401420367,0.809975945292553,1
0.01617770544120075,-0.38475347606990584,-0.006628844495569306,0.5102006158463968,1
0.008482635919802632,-0.18953877137794822,0.0035751678213586293,0.21543612630781311,1
0.004691860492243668,0.005531886585616985,0.007883890347514893,-0.07611689351995471,0
0.004802498223956007,-0.18970219400849014,0.006361552477115799,0.2190429659820104,1
0.0010084543437862041,0.005328245969067641,0.010742411796756007,-0.07162649062459858,0
0.001115019263167557,-0.18994605273162307,0.009309881984264036,0.22442626500951035,1
-0.0026839017914649047,0.005041609764939919,0.013798407284454244,-0.06530548780636153,0
-0.0025830695961661064,-0.19027542740956765,0.012492297528327014,0.23169878071648714,1
-0.006388578144357459,0.004665812999841701,0.017126273142656755,-0.05701762371498531,1
-0.006295261884360625,0.1995380688699706,0.01598592066835705,-0.344248262028087,0
-0.0023045005069612127,0.004192395777119801,0.00910095542779531,-0.04656753147727194,0
-0.0022206525914188167,-0.1910588667050046,0.008169604798249871,0.24897287717464212,1
-0.006041829925518908,0.0039454673949238794,0.013149062341742714,-0.04112202563730083,0
-0.005962920577620431,-0.1913625464818175,0.012326621828996697,0.2556803822230005,1
-0.00979017150725678,0.0035812597262735724,0.017440229473456706,-0.03308917668679884,1
-0.00971854631273131,0.19844882539621359,0.016778445939720728,-0.32021890535354164,0
-0.005749569804807037,0.0030919940178436855,0.010374067832649894,-0.022292272747334085,0
-0.005687729924450164,-0.1921771831756132,0.009928222377703213,0.27364565308065164,1
-0.009531273587962429,0.0028017112406893696,0.015401135439316246,-0.015889424991683554,1
-0.009475239363148641,0.19769944403348735,0.015083346939482576,-0.30367359847361897,0
-0.005521250482478894,0.0023658167759411375,0.009009874970010196,-0.006272150977975177,0
-0.005473934146960071,-0.19288418217436804,0.008884431950450694,0.2892398274496207,1
-0.009331617790447432,0.0021099589472668157,0.014669228499443108,-0.0006278520541440069,0
-0.009289418611502096,-0.1932192649876638,0.014656671458360228,0.2966470587952629,1
-0.013153803911255372,0.0016907130403078785,0.020589612634265488,0.008622400955642429,1
-0.013119989650449214,0.1965114216511273,0.020762060653378336,-0.2774938026554883,0
-0.009189761217426668,0.0010995199324524696,0.015212184600268571,0.02166448334095933,1
-0.009167770818777619,0.19600004688932865,0.015645474267087758,-0.2661802714348298,0
-0.005247769880991046,0.0006583331580871932,0.010321868838391162,0.031396019739200254,1
-0.005234603217829302,0.19563075422446274,0.010949789233175166,-0.25801245703123477,0
-0.001321988133340047,0.0003542037900839956,0.005789540092550471,0.03810398256681946,1
-0.001314904057538367,0.19539265624374033,0.00655161974388686,-0.25274667776156334,0
0.00259294906733644,0.00017776932488178243,0.0014966861886555926,0.04199553055211602,0
0.0025965044538340757,-0.19496561197213666,0.002336596799697913,0.33515030022182896,1
-0.0013028077856086576,0.00012300727442146608,0.009039602804134492,0.04320512902739093,1
-0.0013003476401202282,0.19511417504489392,0.00990370538468231,-0.24661206548729064,0
0.00260193586077765,-0.00014781158061910604,0.004971464074936498,0.049178192386881814,1
0.002598979629165268,0.19490250173824178,0.005955027922674135,-0.24193205761360703,0
0.006497029663930103,-0.0003040047090178688,0.0011163867704019944,0.05262327807192557,0
0.006490949569749746,-0.1954419457237237,0.002168852331840506,0.3456582248331698,1
0.002582110655275272,-0.000350913258082286,0.009082016828503903,0.053660006489616885,1
0.002575092390113626,0.19463964442136591,0.01015521695829624,-0.23614369131227136,0
0.006467885278540944,-0.0006259115654443648,0.005432343132050813,0.059725122193573676,1
0.006455367047232057,0.19441773118900452,0.0066268455759222866,-0.2312389240681879,0
0.010343721671012147,-0.0007982829314741591,0.0020020670945585283,0.06352694578001478,0
0.010327756012382663,-0.19594888152833478,0.003272606010158824,0.35684086434547996,1
0.006408778381815967,-0.0008736102502158449,0.010409423297068423,0.06519166881128324,1
0.006391306176811651,0.1940975627774447,0.011713256673294087,-0.2241889309559671,0
0.010273257432360544,-0.0011898235646676802,0.0072294780541747455,0.07216567237535387,1
0.010249460961067191,0.1938277409125462,0.008672791501681824,-0.2182275818441191,0
0.014126015779318116,-0.0014171071008986236,0.004308239864799441,0.07717844463729212,1
0.014097673637300143,0.1936428185423138,0.0058518087575452835,-0.2141421098594276,0
0.01797053000814642,-0.001562303356524769,0.0015689665603567313,0.08038098155468204,0
0.017939283941015925,-0.19670671077602378,0.0031765861914503724,0.37355850837968785,1
0.01400514972549545,-0.0016300277105475713,0.010647756359044129,0.08187887489506407,1
0.013972549171284498,0.19333768294943812,0.012285333856945411,-0.2074257317272375,0
0.01783930283027326,-0.0019577678723124436,0.00813681922240066,0.08910713520835128,1
0.017800147472827012,0.19304661296014475,0.009918961926567686,-0.20099755452737966,0
0.02166107973202991,-0.0022157847723467405,0.005899010836020092,0.09479776089152325,1
0.021616764036582973,0.19282112307960764,0.007794966053850557,-0.19601821155503002,0
0.025473186498175125,-0.0024114546537237214,0.003874601822749957,0.09911345493427676,1
0.02542495740510065,0.19265475252030514,0.005856870921435492,-0.19234452941451285,0
0.029278052455506753,-0.0025504915274108253,0.002009980333145235,0.10218022479296013,1
0.029227042624958535,0.19254259651262332,0.004053584829004438,-0.18986788231212237,0
0.033077894555211,-0.0026371111772330036,0.00025622718276199037,0.10409102457311892,0
0.033025152331666335,-0.197762733423507,0.002338047674224369,0.3968547791255932,1
0.029069897663196197,-0.002674031893143969,0.010275143256736232,0.10490991205409539,1
0.029016417025333318,0.19229917327014906,0.01237334149781814,-0.18451361812183908,0
0.0328624004907363,-0.002997613010923883,0.008683069135381359,0.11204680627168556,1
0.03280244823051782,0.1919988471795287,0.01092400526081507,-0.1778840674165414,0
0.036642425174108394,-0.0032777155325078855,0.007366323912484242,0.11822489316175006,1
0.03657687086345823,0.1917379218070918,0.009730821775719243,-0.1721249466789777,0
0.04041162929960007,-0.0035219407620048215,0.0062883228421396885,0.12361179703263248,1
0.040341190484359975,0.19150935852929898,0.008760558782792338,-0.16708061309945937,0
0.044171377654945956,-0.0037368904949893478,0.00541894652080315,0.12835309336592388,1
0.04409663984504617,0.19130701464093827,0.007986008388121628,-0.1626153062731034,0
0.04792278013786494,-0.003928345670893396,0.00473370226265956,0.13257625720779426,1
0.04784421322444707,0.19112547970821964,0.007385227406815445,-0.1586094995339321,0
0.05166672281861146,-0.004101422265311155,0.004213037416136803,0.13639410459468815,1
0.05158469437330524,0.1909599316760919,0.006940919508030566,-0.15495670027704972,0
0.055403893006827076,-0.004260708532183521,0.003841785502489571,0.13990782024864656,1
0.0553186788361834,0.19080600910751738,0.006639941907462503,-0.1515606147657581,0
0.05913479901833375,-0.004410387233458518,0.0036087296121473404,0.14320965319896312,1
0.05904659127366458,0.19065969629687113,0.006472922676126603,-0.1483326026074952,0
0.062859785199602,-0.004554346096018708,0.0035062706239766994,0.14638535256586943,1
0.06276869827768163,0.1905172183086666,0.0064339776752940885,-0.1451893539440799,0
0.06657904264385496,-0.004696279411071008,0.0035301905964124905,0.14951640823874407,1
0.06648511705563354,0.19037494324358056,0.006520518761187372,-0.14205072859636975,0
0.07029261592050515,-0.004839783436148132,0.003679504189259977,0.1526821553940863,0
0.07019582025178218,-0.2000142266235582,0.006733147297141704,0.4465236101544503,1
0.06619553571931103,-0.0049881728806947245,0.015663619500230708,0.15597069103276412,1
0.06609577226169713,0.18990604906605227,0.01878303332088599,-0.13172986397149689,1
0.06989389324301817,0.3847539760528074,0.016148436041456053,-0.41842831176999434,0
0.07758897276407432,0.1894069581828084,0.007779869806056166,-0.12069855605024504,0
0.08137711192773049,-0.005825588059560488,0.005365898685051265,0.1744286594689694,1
0.08126060016653928,0.18921915815871077,0.008854471874430652,-0.1165566813022827,0
0.0850449833297135,-0.006028535101803539,0.006523338248384998,0.17890655856941945,1
0.08492441262767743,0.18899946100635281,0.010101469419773388,-0.1117113633644159,0
0.08870440184780448,-0.006265769365877943,0.00786724215248507,0.1841413202220173,1
0.08857908646048693,0.18874273586231047,0.011550068556925416,-0.1060494400146218,0
0.09235394117773314,-0.006542812633769712,0.00942907975663298,0.1902549886852239,1
0.09222308492505775,0.18844298434407938,0.013234179530337458,-0.0994385967253491,0
0.09599194461193934,-0.00686611173808413,0.011245407595830476,0.19739012763895353,1
0.09585462237717766,0.18809320102934435,0.015193210148609547,-0.09172427075773376,0
0.09961648639776455,-0.0072431857950355505,0.013358724733454872,0.20571312441082656,1
0.09947162268186384,0.18768521089361728,0.017472987221671402,-0.08272603321318583,1
0.10322532689973618,0.3825523887876097,0.015818466557407686,-0.36984538385331994,0
0.11087637467548837,0.18720930257796892,0.008421558880341287,-0.07221697818322487,0
0.11462056072704775,-0.008032364385133828,0.00697721931667679,0.223111046074156,1
0.11445991343934507,0.1869891707195966,0.01143944023815991,-0.06736285030740552,0
0.118199696853737,-0.0082949040606424,0.0100921832320118,0.22890721787906465,1
0.11803379877252415,0.18668138318820737,0.014670327589593093,-0.060575267550428136,0
0.1217674264362883,-0.00864780353198158,0.013458822238584531,0.23669990585671852,1
0.12159447036564866,0.18627930399555018,0.0181928203557189,-0.05170749974665084,0
0.12532005644555966,-0.009098722737814507,0.017158670360785885,0.2466594363543565,1
0.12513808199080337,0.18577401705598287,0.022091859087873013,-0.04056224202383829,1
0.12885356233192302,0.38057232191134316,0.021280614247396246,-0.3261939204177181,0
0.1364650087701499,0.18515395108009686,0.014756735839041885,-0.026876706829516983,0
0.14016808779175183,-0.01017648008458269,0.014219201702451546,0.2704253618264579,1
0.13996455819006018,0.1847397055015591,0.019627708938980703,-0.017739055671209647,1
0.14365935230009136,0.3795747535052926,0.01927292782555651,-0.3041651588559182,0
0.1512508473701972,0.18418351807518663,0.013189624648438147,-0.005466846954698179,0
0.15493451773170094,-0.011125083357015508,0.013080287709344184,0.29134820995658217,1
0.15471201606456064,0.18380794174338239,0.01890725190847583,0.002819180769407792,1
0.1583881748994283,0.3786537040193185,0.018963635523863986,-0.2838388226194638,0
0.16596124897981468,0.18326648288449704,0.01328685907147471,0.01476428656011286,0
0.16962657863750463,-0.012043473297856988,0.013582144802676967,0.31160958273811606,1
0.1693857091715475,0.18288236969522706,0.01981433645743929,0.023240814793088538,1
0.17304335656545203,0.37771464285154055,0.020279152753301062,-0.2631251935548934,0
0.18059764942248285,0.1823091874645903,0.015016648882203193,0.035884384368326916,0
0.18424383317177465,-0.01302485047093499,0.01573433656956973,0.3332671349077625,1
0.18398333616235596,0.18186965925948523,0.02239967926772498,0.045587261077669805,1
0.18762072934754567,0.3766633688705632,0.023311424489278375,-0.23994504872382877,0
0.19515399672495692,0.18121629816488252,0.0185125235148018,0.05999884127541566,0
0.19877832268825457,-0.014166125097484938,0.019712500340310114,0.35846462849224475,1
0.19849500018630487,0.18067012526705845,0.02688179291015501,0.07206213336994416,1
0.20210840269164604,0.3753965803487189,0.02832303557755389,-0.21201972381363315,0
0.20961633429862042,0.17988136763152782,0.02408264110128123,0.08946133142319529,1
0.21321396165125098,0.3746499962657869,0.025871867729745136,-0.19552728301924888,0
0.22070696157656672,0.17916770704154608,0.02196132206936016,0.10520350180627025,1
0.22429031571739763,0.3739681656933176,0.024065392105485563,-0.1804706151602219,0
0.231769679031264,0.17851026057119107,0.020455979802281126,0.11970589041865815,1
0.2353398842426878,0.37333324661806166,0.02285009761065429,-0.16645380980402047,0
0.24280654917504904,0.17789178865228375,0.01952102141457388,0.1333491906446207,0
0.2463643849480947,-0.017504265255640167,0.022188005227466296,0.4321262443562393,1
0.2460142996429819,0.17729660771057476,0.03083053011459108,0.1465195967225325,1
0.24956023179719342,0.37196379488272174,0.033760922049041735,-0.1362796785322623,0
0.25699950769484786,0.1763749479788763,0.03103532847839649,0.1668602342350018,1
0.2605270066544254,0.3710392207721878,0.034372533163096526,-0.1158726401079031,0
0.26794779106986916,0.17544205800426566,0.032055080360938466,0.18745333679074166,1
0.2714566322299545,0.3700910763538575,0.0358041470967533,-0.09494761829293741,0
0.2788584537570316,0.17447473585358483,0.03390519473089455,0.20881300704361277,1
0.2823479484741033,0.3690958874055609,0.03808145487176681,-0.0729847219842234,1
0.2897298662222145,0.5636517858106895,0.036621760432082345,-0.3534137449752547,0
0.3010029019384283,0.368028744491361,0.02955348553257725,-0.04941154030266043,0
0.30836347682825554,0.17249576264470512,0.02856525472652404,0.25244731666307185,1
0.31181339208114967,0.3671984232966209,0.03361420105978548,-0.031090485397914647,0
0.3191573605470821,0.17161095442248986,0.03299239135182719,0.27200569981892986,1
0.3225895796355319,0.3662469743984106,0.03843250534820579,-0.010091445427246826,0
0.3299145191235001,0.17059552630081593,0.038230676439660854,0.2944653872656697,1
0.3333264296495164,0.3651521643281017,0.044119984184974245,0.014080756074724476,1
0.3406294729360785,0.5596145200151579,0.04440159930646873,-0.2643618546225832,0
0.35182176333638165,0.36388786416618546,0.03911436221401707,0.041988551336332725,1
0.35909952061970535,0.5584277305061619,0.03995413324074372,-0.23810136142348315,0
0.3702680752298286,0.3627584403683445,0.03519210601227406,0.06691173016911034,0
0.37752324403719545,0.16715007201636378,0.036530340615656264,0.3704869516658697,1
0.38086624547752274,0.36173448992276647,0.04394007964897366,0.08954258446044494,1
0.38810093527597805,0.5561999754657251,0.04573093133818256,-0.18895986697879735,0
0.39922493478529253,0.3604546149777941,0.04195173399860661,0.1177914109429174,1
0.40643402708484844,0.5549511583846201,0.04430756221746496,-0.16136652166428495,0
0.41753305025254084,0.35922382544757714,0.04108023178417926,0.1449585033718338,1
0.4247175267614924,0.5537341255709536,0.04397940185161593,-0.13448660043261218,0
0.43579220927291146,0.3580107162261199,0.041289669842963686,0.17174041136503448,1
0.44295242359743386,0.552518123855386,0.044724478070264376,-0.107636318852466,0
0.4540027860745416,0.3567847473262272,0.04257175169321505,0.1988147672529197,1
0.46113848102106614,0.551272760219903,0.04654804703827345,-0.08014061641806808,0
0.4721639362254642,0.3555155103664914,0.04494523470991209,0.2268573867253173,1
0.47927424643279404,0.5499672821340689,0.04948238244441844,-0.051316264660685895,0
0.49027359207547544,0.3541720158938583,0.04845605715120472,0.25655903804688146,1
0.4973570323933526,0.5485698618986878,0.05358723791214235,-0.020454958350140995,0
0.5083284296313264,0.35272199502825957,0.05317813874513953,0.2886422553708271,1
0.5153828695318916,0.5470468793914487,0.05895098385255607,0.01319398737275862,1
0.5263238071197206,0.7412760223803065,0.05921486360001125,-0.26032207968218707,0
0.5411493275673267,0.545360946207956,0.054008422006367504,0.05043446539036961,0
0.5520565464914858,0.349507835251871,0.055017111314174895,0.3596565294409978,1
0.5590467031965233,0.5438063016817485,0.06221024190299485,0.08481667949823707,1
0.5699228292301582,0.7379838873220617,0.0639065754929596,-0.18760824751153932,0
0.5846825069765995,0.5420085927928253,0.06015441054272881,0.12453036573864867,1
0.595522678832456,0.7362194713030693,0.06264501785750179,-0.14858430645586623,0
0.6102470682585174,0.540258992628937,0.05967333172838447,0.16318542118982066,1
0.6210522481110962,0.7344781759393392,0.06293704015218088,-0.11009126109466755,1
0.635741811629883,0.9286444414412065,0.06073521493028753,-0.3822727433340376,0
0.6543147004587071,0.7327150706427793,0.05308976006360678,-0.07107539642988675,0
0.6689690018715627,0.5368737770259717,0.05166825213500904,0.23787371227683812,0
0.6797064774120821,0.3410532135662313,0.056425726380545806,0.5463962797982618,0
0.6865275416834068,0.14518575961717983,0.06735365197651104,0.8563102355280917,1
-0.01854013168573123,0.007890967854582633,0.04854813159184966,0.03734635910313966,1
-0.01838231232863958,0.20228432905637075,0.04929505877391245,-0.239632578260766,1
-0.014336625747512164,0.3966686877268799,0.04450240720869713,-0.5163680436717337,1
-0.006403251992974566,0.59113666218853,0.03417504633526246,-0.7947018108688264,0
0.005419481250796035,0.3955627320479393,0.01828101011788593,-0.49146670409505644,0
0.01333073589175482,0.20018774748231014,0.008451676035984802,-0.19307887832087006,0
0.017334490841401023,0.0049459204531905054,0.0045900984695674005,0.10225816574395913,1
0.017433409250464833,0.200001789991923,0.006635261784446583,-0.1889730721335589,0
0.02143344505030329,0.004785542244197166,0.0028558003417754048,0.10579560611680644,1
0.021529155895187235,0.1998664521003689,0.004971712464111534,-0.1859849612582702,0
0.025526484937194612,0.0046737212300304865,0.00125201323894613,0.10826219392808084,1
0.025619959361795223,0.19977770870480865,0.003417257117507747,-0.18402546611347104,0
0.029615513535891397,0.004607029068028512,-0.00026325220476167404,0.1097335156299305,0
0.02970765411725197,-0.1905111488329994,0.0019314181078369358,0.40233337619264703,1
0.02589743114059198,0.0045833548586121375,0.009978085631689877,0.11026000305760042,1
0.025989098237764224,0.19956091319988703,0.012183285692841885,-0.17925826678276074,0
0.029980316501761965,0.004266756025261165,0.00859812035718667,0.11724302563839473,1
0.030065651622267188,0.19926446421523308,0.010942980869954565,-0.17271490867915124,0
0.03405094090657185,0.003987616599020305,0.00748868269637154,0.12339999695571569,1
0.03413069323855225,0.1990014842038141,0.009956682635485855,-0.16691095001828044,0
0.038110722922628536,0.0037384359935593026,0.006618463635120246,0.12889632061692435,1
0.03818549164249972,0.19876495372393996,0.009196390047458734,-0.1616912346840489,0
0.04216079071697852,0.0035125630611448355,0.005962565353777756,0.1338786670640177,1
0.04223104197820142,0.19854860130061622,0.00864013869505811,-0.15691720601562448,0
0.04620201400421375,0.0033040180355828896,0.005501794574745621,0.1384789065727342,1
0.046268094364925405,0.19834673800477307,0.008271372706200306,-0.15246322602775547,0
0.05023502912502087,0.003107333533412998,0.005222108185645197,0.14281761851676616,1
0.05029717579568913,0.19815410816523418,0.008078460555980521,-0.1482132613567797,0
0.054260257958993814,0.0029174104510830967,0.005114195328844927,0.14700727075307468,1
0.054318606168015475,0.19796575245532047,0.008054340743906421,-0.14405784927311654,0
0.058277921217121886,0.0027293849891452393,0.00517318375844409,0.15115515346407277,1
0.05833250891690479,0.19777687988441067,0.008196286827725545,-0.13989126477535963,0
0.06228804651459301,0.0025385033470672613,0.005398461532218353,0.15536614447640368,1
0.062338816581534354,0.1975827454481227,0.008505784421746427,-0.13560881551683313,0
0.06629047149049681,0.0023400008661804417,0.005793608111409764,0.1597453777659103,1
0.06633727150782043,0.1973785303468387,0.00898851566672797,-0.13110419523086136,0
0.0702848421147572,0.002128982557312642,0.006366431762110743,0.16440088339667053,1
0.07032742176590345,0.1971592217709583,0.009654449430044154,-0.1262668285054458,0
0.07427060620132261,0.001900302038145285,0.0071291128599352376,0.16944626541081248,1
0.07430861224208551,0.19691948927345143,0.010518038168151486,-0.12097914026905426,0
0.07824700202755454,0.001648435927940367,0.008098455362770401,0.1750034841042576,1
0.07827997074611334,0.19665355470752202,0.011598525044855553,-0.11511368221151036,0
0.08221304184026379,0.001367350709183618,0.009296251400625346,0.18120581064369046,1
0.08224038885444747,0.19635505260177982,0.012920367613499155,-0.10853004556979512,0
0.08616748990648307,0.001050358973324672,0.010749766702103251,0.1882010250820209,1
0.08618849708594956,0.1960168776809857,0.01451378720374367,-0.10107148521970549,0
0.09010883463956927,0.0006899618302313171,0.01249235749934956,0.19615493351455993,1
0.09012263387617389,0.19563101602380875,0.016415456169640758,-0.0925611737657922,1
0.09403525419665007,0.39051388289115607,0.014564232694324913,-0.3800201616768384,0
0.10184553185447319,0.19518817210939118,0.006963829460788146,-0.08278093582722229,0
0.10574929529666101,-3.2908117124225145e-05,0.0053082107442437,0.21209093343183755,1
0.10574863713431852,0.1950127478447553,0.00955002941288045,-0.07891282202486655,0
0.10964889209121363,-0.000244795434868883,0.007971772972383119,0.21676780290071812,1
0.10964399618251626,0.19476229242584536,0.012307129030397481,-0.07338985810588766,0
0.11353924203103316,-0.0005339142170461275,0.010839331868279728,0.22315047126578175,1
0.11352856374669223,0.19443144784439192,0.015302341293595364,-0.06609369080429406,0
0.11741719270358007,-0.0009065152557161393,0.013980467477509483,0.23137766178512925,1
0.11739906239846574,0.19401290444657837,0.01860802071321207,-0.05686277143017876,1
0.12127932048739731,0.38886317355916467,0.017470765284608492,-0.3436171327680988,0
0.1290565839585806,0.1934970921951506,0.010598422629246516,-0.045476589228230835,0
0.13292652580248362,-0.0017752182627109037,0.0096888908446819,0.25053130383164085,1
0.13289102143722942,0.1932070428030699,0.014699516921314717,-0.039079870621204216,0
0.13675516229329082,-0.0021225807111487915,0.013917919508890632,0.258204413059202,1
0.13671271067906784,0.19279793560616681,0.019082007770074672,-0.03005630732372727,1
0.14056866939119117,0.38764111554735325,0.018480881623600127,-0.3166580988557828,0
0.14832149170213824,0.19226087178760487,0.012147719646484471,-0.018204709941684938,0
0.15216670913789032,-0.003033165841007074,0.011783625447650773,0.2782860742761595,1
0.15210604582107018,0.19191871624474863,0.017349346933173963,-0.010657141017674121,0
0.15594442014596516,-0.0034476957588362722,0.01713620411282048,0.2874488262668682,1
0.15587546623078843,0.19142573988525213,0.022885180638157844,0.00021938755739314697,1
0.15970398102849348,0.38621213544239996,0.022889568389305708,-0.2851560414660807,0
0.16742822373734148,0.19077133586126424,0.017186447559984094,0.0146573084270894,0
0.17124365045456677,-0.0045928200952695675,0.017479593728525884,0.3127128311522596,1
0.17115179405266137,0.19027581067160076,0.023733850351571075,0.0255932772986604,1
0.17495731026609337,0.38504950028581086,0.024245715897544283,-0.25950787767352396,0
0.1826583002718096,0.18958996490841795,0.019055558344073804,0.040722795352823526,1
0.18645009956997796,0.38443355227526455,0.019870014251130275,-0.24588752932153213,0
0.19413877061548326,0.1890335271342487,0.014952263664699633,0.052996049577540116,0
0.19791944115816823,-0.006299593322735858,0.016012184656250435,0.3503587795943915,1
0.19779344929171352,0.18859102059652746,0.023019360248138263,0.06276771505520784,1
0.20156526970364408,0.38337549463604503,0.024274714549242418,-0.2225644942863313,0
0.209232779596365,0.18791514418815722,0.01982342466351579,0.07767571783796495,1
0.21299108248012813,0.3827473882147492,0.021376939020275088,-0.2086875227803937,0
0.2206460302444231,0.18732639530963652,0.017203188564667213,0.09066133388008812,0
0.22439255815061585,-0.008037858021560707,0.019016415242268978,0.3887218394217317,1
0.22423180099018464,0.18680908384776332,0.02679085203070361,0.10209476015468372,1
0.2279679826671399,0.3815370469423388,0.028832747233797286,-0.1820167979927519,0
0.2355987236059867,0.18601464297445336,0.02519241127394225,0.11962056230069323,1
0.23931901646547576,0.3807667605911137,0.027584822519956115,-0.16500913284515467,0
0.24693435167729805,0.1852610184317635,0.02428463986305302,0.1362468232941756,1
0.25063957204593335,0.38002686617272263,0.027009576328936535,-0.14867682372081698,0
0.2582401093693878,0.18452876188856893,0.024036039854520196,0.15240322476607948,1
0.2619306846071592,0.37929844656726164,0.027084104349841785,-0.1326009976157304,0
0.2695166535385044,0.18379921484760026,0.024432084397527178,0.168502053588292,1
0.2731926378354564,0.3785630852372537,0.027802125469293018,-0.11637424330054424,0
0.2807638995402015,0.1830540383127825,0.025474640603282132,0.1849487660732092,1
0.28442498030645713,0.3778024084245523,0.029173615924746318,-0.0995902723881757,0
0.29198102847494817,0.1822747576156506,0.027181810476982805,0.20215222898929447,1
0.29562652362726116,0.3769976328897183,0.031224855056768693,-0.08183371896344083,0
0.30316647628505555,0.18144231309173786,0.029588180677499878,0.22053488946485073,1
0.3067953225468903,0.37612911023087736,0.03399887846679689,-0.06266982921431202,0
0.31431790475150784,0.1805366080478141,0.03274548188251065,0.24054311755665186,1
0.31792863691246415,0.375175859260502,0.037556344233643686,-0.04163379309160392,0
0.3254321540976742,0.17953604659407219,0.03672366837181161,0.26265796058698027,1
0.32902287502955563,0.3741150788041049,0.041976827583551216,-0.01821946696050908,0
0.3365051766056377,0.17841705565380325,0.041612438244341035,0.2874065461893906,1
0.3400735177187138,0.37292163487456786,0.04736056916812885,0.008132769690869679,1
0.34753195041620516,0.5673335007543809,0.04752322456194624,-0.269239234860371,0
0.35887862043129276,0.37156670900695254,0.04213843986473882,0.03804598650875729,1
0.3663099546114318,0.5660598532896068,0.04289935959491397,-0.24104971938400438,0
0.37763115167722394,0.3703521860151653,0.038078365207233886,0.06485023778121846,0
0.38503819539752726,0.17470556629366044,0.03937536996285825,0.3692997671324897,1
0.38853230672340044,0.3692465799890181,0.04676136530550805,0.08928780016910687,1
0.3959172383231808,0.5636681613502366,0.04854712130889018,-0.18828295289078495,0
0.40719060155018555,0.36788648129712154,0.04478146225107448,0.1193108159725843,1
0.414548331176128,0.5623391668320428,0.047167678570526166,-0.15891444769398527,0
0.42579511451276886,0.3665747713830839,0.04398938961664646,0.14826771114931603,1
0.43312660994043056,0.5610400904286893,0.04695474383963278,-0.13021937549469437,0
0.44434741174900433,0.3652780630460666,0.044350356329738896,0.17689964320213514,1
0.4516529730099257,0.5597381835298635,0.0478883491937816,-0.10146898328218695,0
0.462847736680523,0.363963799901696,0.04585896952813786,0.20592972434222218,1
0.4701270126785569,0.5584009854519411,0.0499775640149823,-0.07194161329330512,0
0.4812950323875957,0.36259948342099374,0.0485387317491162,0.23608120550506428,1
0.4885470220560156,0.5569955635078391,0.053260355859217484,-0.04090469868184593,0
0.49968693332617237,0.36115192247265226,0.052442261885580564,0.2680953468424816,1
0.5069099717756254,0.5554877577331692,0.057804168822430196,-0.007596693551443379,0
0.5180197269302887,0.359586500773588,0.05765223495140133,0.3027493649333851,1
0.5252114569457605,0.5538414268203299,0.06370722225006903,0.028791456349510136,1
0.5362882854821671,0.7479946648242741,0.06428305137705922,-0.24313034994860333,0
0.5512481787786526,0.5520162182087077,0.05942044437808716,0.06911634978518061,1
0.5622885031428267,0.7462381562614784,0.060802771373790775,-0.20424305885289334,0
0.5772132662680564,0.5503017624932844,0.056717910196732904,0.10698342217991053,1
0.588219301517922,0.7445669942038843,0.058857578640331115,-0.1672797224038879,0
0.6031106414019997,0.548654095656283,0.05551198419225336,0.14337489808943915,1
0.6140837233151253,0.742938908393992,0.058379482154042144,-0.13129126563689092,0
0.6289425014830051,0.5470313917148366,0.055753656841304323,0.1792232079285675,1
0.6398831293173018,0.7413130127493422,0.059338120999875676,-0.09536331764995709,0
0.6547093895722886,0.5453930050196935,0.057430854646876535,0.21543463991486494,1
0.6656172496726825,0.7396488926209142,0.061739547445173834,-0.05859339645681011,0
0.6804102275251008,0.543698544070477,0.06056767951603763,0.25291201342160735,1
0.6912841984065103,0.7379057003957601,0.06562591978446977,-0.020068543356128565,0
0.7060423124144255,0.5419069793967394,0.0652245489173472,0.29257684981185506,1
0.7168804520023603,0.7360412634941409,0.0710760859135843,0.021157048441266035,0
0.7316012772722431,0.5399757903159788,0.07149922688240962,0.3353914863739946,1
0.7424007930785627,0.7340112119091237,0.07820705660988951,0.06608485629930516,1
0.7570810173167452,0.9279298511419957,0.07952875373587562,-0.2009345579838639,0
0.7756396143395851,0.7317658655536834,0.07551006257619834,0.11573819806289648,1
0.7902749316506588,0.9257292212046637,0.07782482653745627,-0.15219891078061032,0
0.808789516074752,0.7295841572632542,0.07478084832184406,0.1639855496201626,1
0.8233811992200171,0.9235603715364544,0.07806055931424731,-0.10420050516603974,0
0.8418524066507461,0.7274115637890644,0.07597654921092652,0.2120532484896328,1
0.8564006379265274,0.9213696530757164,0.08021761418071917,-0.055728959544624035,0
0.8748280309880417,0.7251946054567312,0.07910303498982668,0.26114604283402343,1
0.8893319230971763,0.919103491166705,0.08432595584650715,-0.005575705715215096,0
0.9077139929205105,0.7228797646709789,0.08421444173220285,0.3124764729739333,1
0.9221715882139301,0.9167073268037869,0.09046397119168152,0.04749529065701086,0
0.9405057347500059,0.720412478323969,0.09141387700482174,0.3672937128366711,1
0.9549139843164852,0.9141246109126177,0.09875975126155517,0.10477699925878597,1
0.9731964765347376,1.1077027481771682,0.1008552912467309,-0.15518712008533803,0
0.995350531498281,0.9112922275146649,0.09775154884502414,0.16753275881254898,1
1.0135763760485743,1.1048889372795778,0.10110220402127512,-0.09278278610647633,0
1.035674154794166,0.9084741445002695,0.0992465482991456,0.2300083576506382,0
1.0538436376841713,0.7120843731462654,0.10384671545215837,0.5522740018150205,0
1.0680853251470965,0.5156690699098513,0.11489219548845878,0.8757858451242923,1
1.0783987065452936,0.7090575773101776,0.13240791239094463,0.6213195975317967,1
1.0925798580914972,0.9021062416719146,0.14483430434158057,0.373095550000195,1
1.1106219829249355,1.0949057193605578,0.15229621534158447,0.1293568676980683,1
1.1325200973121468,1.2875551817139532,0.15488335269554585,-0.11167034338906623,1
1.1582712009464258,1.4801577322228854,0.15264994582776453,-0.3517619894610997,0
1.1878743555908835,1.2832319277962434,0.14561470603854254,-0.015103188160202008,1
1.2135389941468084,1.4759980124613494,0.1453126422753385,-0.2585326272727241,0
1.2430589543960355,1.2791327537329509,0.140141989729884,0.07622474729128609,0
1.2686416094706945,1.0823089652791416,0.14166648467570972,0.4096330021186891,1
1.2902877887762774,1.2751680779822525,0.1498591447180835,0.16475317666431366,1
1.3157911503359223,1.4678625346282368,0.15315420825136977,-0.07715509893299849,0
1.345148401028487,1.2709145888848772,0.1516111062727098,0.25966036245888374,1
1.3705666928061846,1.4635837416207875,0.15680431352188748,0.01837488550409694,0
1.3998383676386004,1.2666012141393042,0.1571718112319694,0.3561354025656089,0
1.4251703919213865,1.0696345980986082,0.1642945192832816,0.6939620855603352,1
1.4465630838833587,1.2621425337966976,0.17817376099448828,0.457174232609288,1
1.4718059345592927,1.454357304268541,0.18731724564667404,0.22552287154431058,1
1.5008930806446634,1.6463772406751633,0.19182770307756025,-0.0027188501566980383,0
1.5338206254581668,1.4490958970978736,0.1917733260744263,0.3438272879860411,1
1.5628025434001243,1.64104622150841,0.19864987183414712,0.1172165170993823,0
1.5956234678302925,1.4437146744170384,0.20099420217613476,0.46541243362635265,1
-0.01468462851368537,-0.008455374686138419,0.019282964577159695,-0.037020395879927996,1
-0.01485373600740814,0.1863848245177666,0.018542556659561133,-0.32355752013768163,0
-0.011126039517052808,-0.00899618455542614,0.0120714062568075,-0.025085188679487724,0
-0.01130596320816133,-0.20428915099612607,0.011569702483217746,0.2713818250886103,1
-0.015391746228083852,-0.00933418954844642,0.01699733898498995,-0.017629628443636747,1
-0.015578430019052781,0.18553992786997867,0.016644746416117216,-0.3049016028041596,0
-0.011867631461653207,-0.009815219886627452,0.010546714360034022,-0.007016142744254605,1
-0.012063935859385757,0.18515390093994608,0.01040639150514893,-0.29635288231976276,0
-0.008360857840586836,-0.010114843524269834,0.004479333858753675,-0.0004062012738108023,0
-0.008563154711072232,-0.20530074753022598,0.0044712098332774595,0.2936866372699263,1
-0.012669169661676753,-0.010242828236103868,0.010344942578675985,0.0024172142919831052,1
-0.01287402622639883,0.18472924532284757,0.010393286864515646,-0.286983888197975,0
-0.009179441319941879,-0.01053937167610089,0.004653609100556146,0.00895878902232533,0
-0.009390228753463896,-0.20572775184081965,0.0048327848810026525,0.3031063451514871,1
-0.013504783790280288,-0.010675008911178202,0.010894911784032395,0.011951480685649385,1
-0.013718283968503853,0.18428901395784308,0.011133941397745383,-0.2772741565513386,0
-0.01003250368934699,-0.010989994764437239,0.005588458266718612,0.01889951208982077,0
-0.010252303584635736,-0.20619164297028914,0.005966448508515027,0.31334041035148064,1
-0.01437613644404152,-0.011155193833971289,0.012233256715544639,0.022545069340559276,1
-0.014599240320720946,0.18378920357982284,0.012684158102355824,-0.26625315883659745,0
-0.01092345624912449,-0.01151146127251948,0.007359094925623875,0.030403315114630736,1
-0.01115368547457488,0.18350418743755711,0.00796716122791649,-0.2599486826152812,0
-0.007483601725823737,-0.01173058770654814,0.0027681875756108655,0.03523650627894076,0
-0.0077182134799547,-0.20689212580465333,0.003472917701189681,0.32879153791262794,1
-0.011856055996047766,-0.01181978678392942,0.010048748459442241,0.037205829730069584,1
-0.012092451731726354,0.18315663339758173,0.010792865054043633,-0.2522897521882014,0
-0.00842931906377472,-0.012117756752932834,0.005747070010279605,0.04377781388569346,1
-0.008671674198833376,0.18292131427865463,0.006622626287993474,-0.2470863319612181,0
-0.0050132479132602836,-0.012294591379166137,0.0016808996487691118,0.04767814293799466,0
-0.005259139740843606,-0.20744060504213496,0.002634462507529005,0.3408909341689514,1
-0.009407951841686305,-0.012356236090864225,0.009452281190908032,0.04903992729434398,1
-0.00965507656350359,0.18262891116082458,0.010433079736794911,-0.2406457985900224,0
-0.006002498340287097,-0.012640510214613487,0.005620163764994464,0.05530966223137829,1
-0.006255308544579367,0.18240040733112514,0.006726357009622029,-0.2355947741939094,0
-0.002607300397956864,-0.01281699628182964,0.002014461525743841,0.05920224100497834,0
-0.002863640323593457,-0.20796777291495774,0.003198506345843408,0.3525200632934016,1
-0.007022995781892612,-0.012891450887557832,0.01024890761171144,0.06084743630119177,1
-0.007280824799643769,0.18208206482355865,0.011465856337735275,-0.22858435128333676,0
-0.0036391835031725954,-0.013201846226238184,0.00689416931206854,0.06769314852930752,1
-0.003903220427697359,0.18182058823690367,0.00824803228265469,-0.22280668147191135,0
-0.00026680866295928545,-0.013418275167349558,0.003791898653216463,0.07246654610729542,1
-0.0005351741663062766,0.18164910939819798,0.0052412295753623715,-0.21901761162944872,0
0.003097808021657683,-0.013547369716804591,0.0008608773427733968,0.0753139998856262,0
0.0028268606273215914,-0.20868165182551454,0.0023671573404859206,0.3682684124942645,1
-0.0013467724091886994,-0.013593415759800498,0.00973252559037121,0.07633282187649026,1
-0.0016186407243847093,0.18138766959024114,0.011259182027901016,-0.21326363714975843,0
0.0020091126674201135,-0.01389343023682163,0.006993909284905848,0.08294957564641364,1
0.001731244062683681,0.18112757031380355,0.00865290079783412,-0.20751857808693713,0
0.005353795468959753,-0.014117036817777096,0.004502529236095377,0.08788128990105804,1
0.005071454732604211,0.18094008700087072,0.006260155034116538,-0.20337769094807956,0
0.008690256472621626,-0.014270829273676788,0.0021926012151549466,0.0912734193715733,1
0.00840483988714809,0.1808196261306512,0.004018069602586412,-0.20071693607141422,0
0.012021232409761114,-0.014359560967992485,3.7308811581277662e-06,0.0932307905052987,0
0.011734041190401265,-0.20948156566196377,0.0018683466912641018,0.38591489442327914,1
0.007544409877161989,-0.014386187570106929,0.009586644579729684,0.09382163166041496,1
0.0072566861257598505,0.1805970567305632,0.011463077212937984,-0.19582136478913192,0
0.010868627260371114,-0.014686971024757023,0.007546649917155345,0.10045550239406043,1
0.010574887839875974,0.18032601595227357,0.009555759965036553,-0.18983695432157838,0
0.014181408158921445,-0.014931329986173747,0.005759020878604986,0.10584504327787797,1
0.01388278155919797,0.1801076199015366,0.007875921744162545,-0.18501538724465766,0
0.0174849339572287,-0.015126129763785717,0.004175613999269392,0.11014165157134659,1
0.017182411361952987,0.17993573830001028,0.006378447030696324,-0.18122097279190208,0
0.020781126127953194,-0.015276901214108685,0.002754027574858282,0.11346728060166056,1
0.02047558810367102,0.17980547974645783,0.005023373186891493,-0.17834549803011068,0
0.024071697698600177,-0.015387996498293671,0.0014564632262892793,0.11591788767558214,1
0.023763937768634304,0.1797130557470015,0.003774820979800922,-0.1763051802565549,0
0.027358198883574335,-0.015462713447504717,0.0002487173746698241,0.11756618243543365,0
0.027048944614624242,-0.21058822740091312,0.002600041023378497,0.41032756722004843,1
0.02283718006660598,-0.015503233817220352,0.010806592367779467,0.11846547715569045,1
0.022527115390261573,0.17946222915158386,0.013175901910893276,-0.1707885647395459,0
0.02611635997329325,-0.015845806166814858,0.009760130616102359,0.12602166193697067,1
0.025799443849956954,0.17913497158525213,0.012280563854841772,-0.1635661415346369,0
0.029382143281661995,-0.01616060766661212,0.009009241024149035,0.1329655329197842,1
0.029058931128329753,0.1788311422125762,0.011668551682544718,-0.15686154086192572,0
0.03263555397258128,-0.01645591235028901,0.008531320865306204,0.13947957555983587,1
0.0323064357255755,0.17854281663938865,0.011320912376502922,-0.1504996955726443,0
0.03587729205836327,-0.016739397761632552,0.008310918465050035,0.14573313239911184,1
0.03554250410313062,0.17826255489693044,0.011225581113032273,-0.144316312957941,0
0.039107755201069225,-0.017018345454435507,0.008339254853873452,0.15188683324893232,1
0.038767388291980516,0.1779832096330516,0.011376991518852098,-0.13815361616113242,0
0.042327052484641546,-0.017299828939148776,0.00861391919562945,0.15809674776950772,1
0.04198105590585857,0.17769774356931986,0.011775854151019604,-0.13185629857799996,0
0.04553501077724497,-0.0175908938497224,0.009138728179459604,0.16451836827582683,1
0.045183192900250524,0.17739905170510628,0.01242909554497614,-0.12526758781812586,0
0.048731173934352646,-0.017898734848413866,0.009923743788613623,0.1713105247552011,1
0.04837319923738437,0.17707978388302914,0.013349954283717644,-0.11822531945921239,0
0.05191479491504495,-0.018230873618284404,0.010985447894533396,0.178639330771441,1
0.051550177442679264,0.1767321633846361,0.014558234509962216,-0.11055792207547105,1
0.05508482071037198,0.37164250886619743,0.012347076068452796,-0.3986124887927798,0
0.06251767088769593,0.17634759283950216,0.0043748262925972,-0.10206249591224342,0
0.06604462274448597,-0.018836781192036245,0.0023335763743523317,0.19199745822609254,1
0.06566788712064525,0.17625170943903773,0.006173525538874182,-0.09994841011220013,0
0.069192921309426,-0.01895817237704417,0.004174557336630179,0.1946758376685861,1
0.06881375786188512,0.1761038158975723,0.008068074090001901,-0.0966872789562459,0
0.07233583417983656,-0.019132834822071815,0.006134328510876984,0.1985301536990824,1
0.07195317748339512,0.17590084223610566,0.010104931584858631,-0.09221137629818177,0
0.07547119432811723,-0.019364475937674847,0.008260704058894995,0.20364244656335367,1
0.07508390480936374,0.1756383706510701,0.012333552990162068,-0.08642322387130741,0
0.07859667222238514,-0.019658180326668523,0.01060508851273592,0.21012529465167212,1
0.07820350861585178,0.1753105422134836,0.014807594405769363,-0.07919350594105085,1
0.08170971946012145,0.3702171256919554,0.013223724286948346,-0.36716805595743973,0
0.08911406197396056,0.17490978705103769,0.005880363167799552,-0.07034500057793186,0
0.09261225771498131,-0.020295972955514607,0.004473463156240915,0.22418739378760033,1
0.09220633825587102,0.1747617568455014,0.008957211031992922,-0.06708107953463277,0
0.09570157339278104,-0.020487461493952364,0.007615589441300266,0.228414384010512,1
0.095291824162902,0.17452483532827356,0.012183877121510506,-0.06185661698472328,0
0.09878232086946746,-0.020769666569733752,0.01094674478181604,0.23464536423944826,1
0.09836692753807279,0.17419418344847462,0.015639652066605007,-0.054564610205731334,1
0.10185081120704229,0.36908843334048713,0.01454835986249038,-0.34227236234656583,0
0.10923257987385203,0.17376255429286497,0.007702912615559063,-0.045037482550534746,0
0.11270783095970933,-0.021469000757406986,0.006802162964548368,0.2500657959532162,1
0.1122784509445612,0.17355515522387022,0.011803478883612693,-0.040463849813973496,0
0.1157495540490386,-0.021734049834979507,0.010994201887333223,0.255919694145134,1
0.115314873052339,0.17322921938346275,0.016112595770235903,-0.03327530535152651,1
0.11877945744000826,0.3681164479864246,0.015447089663205373,-0.3208313040444993,0
0.12614178639973675,0.17277795953575714,0.009030463582315388,-0.02331726458326977,0
0.12959734559045188,-0.022472324885314865,0.008564118290649993,0.272201140448892,0
0.1291478990927456,-0.2177154252532434,0.014008141099627832,0.5675728711153882,1
0.12479359058768073,-0.02279274118090152,0.025359598521935596,0.2793357903005266,1
0.1243377357640627,0.171958440097594,0.030946314327946128,-0.005242129088038616,1
0.1277769045660146,0.3666232234770144,0.030841471746185355,-0.2880027319159973,0
0.13510936903555487,0.17107534198875693,0.02508141710786541,0.014245553329522764,1
0.13853087587533,0.36582878215038944,0.025366328174455863,-0.27041956195222017,0
0.14584745151833778,0.1703542075288949,0.01995793693541146,0.030154872095222662,1
0.14925453566891567,0.3651843487993389,0.020561034377315913,-0.25616489436116996,0
0.15655822264490243,0.1697749654012612,0.015437736490092514,0.04293174322503668,1
0.15995372195292765,0.3646721814112325,0.016296371354593248,-0.2448407307609043,0
0.1672471655811523,0.16932130654052763,0.011399556739375162,0.05293759377162632,0
0.17063359171196285,-0.025962228897081607,0.012458308614807689,0.34919526142278207,1
0.1701143471340212,0.16898033866761542,0.01944221384326333,0.060466750464038155,1
0.17349395390737352,0.3638182114484559,0.020651548852544093,-0.22601917318875758,0
0.18077031813634264,0.16840729736195206,0.01613116538876894,0.07310581887836698,1
0.1841384640835817,0.36329431795628914,0.01759328176633628,-0.21444432157050775,0
0.19140435044270748,0.16792531894223633,0.013304395334926125,0.08373598265104354,0
0.1947628568215522,-0.02738479379854708,0.014979114987946997,0.38058660054726695,1
0.19421516094558125,0.16752128414207698,0.022590846998892335,0.09266397702174073,1
0.1975655866284228,0.36231227627698753,0.02444412653932715,-0.19280681209149947,0
0.20481183215396256,0.1668493306470207,0.02058799029749716,0.1074858741788946,1
0.20814881876690297,0.36167029399526995,0.02273770778107505,-0.17863119808372702,0
0.21538222464680837,0.1662304630561833,0.019165083819400512,0.12113707938801588,1
0.21870683390793202,0.3610726647131895,0.02158782540716083,-0.165438360799477,0
0.22592828720219582,0.16564844800900844,0.01827905819117129,0.1339759888408722,1
0.22924125616237598,0.36050386594129424,0.020958577967988737,-0.152884566170907,0
0.23645133348120187,0.16508818391175795,0.017900886644570596,0.14633595104234792,0
0.23975309715943702,-0.0302854829861586,0.020827605665417553,0.44461207783896994,1
0.23914738749971384,0.16453568989123366,0.029719847222196952,0.15856657308657857,1
0.2424381012975385,0.35921981624375887,0.032891178683928525,-0.12459430818872042,0
0.24962249762241367,0.16364247155205708,0.030399292520154116,0.17828130020609867,1
0.25289534705345484,0.35831650400268,0.03396491852427609,-0.10465881714319503,0
0.2600616771335084,0.162724687307103,0.03187174218141219,0.1985434620429603,1
0.2633161708796505,0.3573766230228233,0.035842611422271395,-0.08391745146679952,1
0.27046370334010694,0.5519669410501462,0.03416426239293541,-0.3650799853823074,0
0.2815030421611099,0.3563765449134013,0.02686266268528926,-0.06182325457791221,0
0.2886305730593779,0.1608799490360228,0.025626197593731016,0.23921251549407863,1
0.29184817204009833,0.3556266186393809,0.030410447903612588,-0.04527829875430206,0
0.29896070441288597,0.16008209476577834,0.029504881928526547,0.2568421622084159,1
0.30216234630820155,0.35477064930436475,0.034641725172694864,-0.026390389202736175,0
0.30925775929428884,0.15916947452614827,0.03411391738864014,0.2770179726119235,1
0.31244114878481183,0.3537885492599212,0.03965427684087861,-0.00471324212817853,1
0.31951691977001023,0.5483200262570465,0.03956001199831504,-0.2846257654717435,0
0.33048332029515115,0.35265683822311017,0.03386749668888017,0.02026699777768204,0
0.3375364570596133,0.15706597158209112,0.03427283664443381,0.3234401963714009,1
0.34067777649125514,0.351683561741392,0.04074164057186183,0.0417594881624484,1
0.347711447726083,0.5461983221986112,0.0415768303351108,-0.23779580354527624,0
0.3586354141700552,0.3505078160622256,0.03682091426420528,0.06770635117108126,1
0.3656455704912997,0.5450830494880166,0.0381750412876269,-0.21313576762434733,0
0.37654723148106,0.34943668798947525,0.03391232593513995,0.09134069533592798,0
0.3835359652408495,0.1538454858002006,0.03573913984185851,0.39452712354857633,1
0.3866128749568535,0.3484425685196735,0.043629682312830036,0.11332296719205492,1
0.393581726327247,0.5429130769880236,0.045896141656671136,-0.16528214394042307,0
0.40443998786700747,0.3471652042900234,0.042590498777862675,0.14151919761832232,1
0.41138329195280793,0.5416521174750333,0.04542088273022912,-0.13742879852751372,0
0.4222163343023086,0.34591002451965347,0.04267230675967885,0.16923067112061801,1
0.42913453479270164,0.5403960296908717,0.046056920182091204,-0.10969091742305848,0
0.43994245538651905,0.34464539048282505,0.043863101833630035,0.19715961873674176,1
0.44683536319617556,0.5391133907641985,0.047806294208364866,-0.08137019631633963,0
0.4576176310114595,0.3433398939273261,0.046178890282038074,0.2260042385925759,1
0.4644844288900061,0.537772496884028,0.050698975053889594,-0.05176198299491924,0
0.47523987882768665,0.34196162192869295,0.04966373539399121,0.2564760421335934,1
0.4820791112662605,0.5363406273393077,0.05479325623666308,-0.020137828278389835,0
0.49280592381304666,0.3404774384910164,0.05439049967109528,0.289317192906911,1
0.499615472582867,0.5347833087862812,0.0601768435292335,0.014272320071740507,1
0.5103111387585926,0.7289929323559103,0.06046228993066831,-0.2588334968037864,0
0.5248909974057108,0.5330622701443664,0.05528561999459258,0.05229054872885408,1
0.5355522428085981,0.7273496992861527,0.05633143096916966,-0.22244963530116324,0
0.5500992367943212,0.5314697317517549,0.051882438263146397,0.08745694332040166,0
0.5607286314293563,0.3356439672154671,0.05363157712955443,0.3960469324059733,1
0.5674415107736656,0.5299655817870079,0.06155251577767389,0.12074373811334,1
0.5780408224094057,0.7241541172210381,0.06396739053994069,-0.15190243110693175,0
0.5925239047538264,0.5281773153658657,0.060929341917802055,0.16025513935231328,1
0.6030874510611437,0.7223764507394101,0.06413444470484832,-0.11260087942176539,0
0.6175349800759319,0.5263969333187967,0.06188242711641301,0.19960662595529488,1
0.6280629187423078,0.7205817261932457,0.0658745596355189,-0.07293120377630469,0
0.6424745532661728,0.5245802543762852,0.06441593555999281,0.23978644597612325,1
0.6529661583536984,0.7187256870625403,0.06921166447951528,-0.03190252914896924,0
0.6673406720949492,0.5226829793617955,0.06857361389653589,0.2817894803812014,1
0.6777943316821851,0.7167631995523962,0.07420940350415992,0.011498201213871906,0
0.692129595673233,0.5206597651481425,0.07443936752843736,0.32664130814398096,1
0.7025427909761958,0.7146473196287748,0.08097219369131697,0.058330767815763074,1
0.7168357373687713,0.9085205424518077,0.08213880904763224,-0.20774642073811173,0
0.023112613856499306,-0.006184873453770501,-0.022723704516794275,-0.04512153024283547,0
0.022988916387423897,-0.2009737323754,-0.023626135121650984,0.24030613033029566,0
0.018969441739915896,-0.3957503533817244,-0.01882001251504507,0.5254440857056449,0
0.011054434672281408,-0.590602481522567,-0.008311130800932171,0.8121377609632514,1
-0.0007576149581699325,-0.39536767674929585,0.007931624418332856,0.5168522237877446,1
-0.00866496849315585,-0.20035830238874555,0.01826866889408775,0.22667923645474403,1
-0.01267213454093076,-0.005502134483423182,0.022802253623182632,-0.06018555275985693,1
-0.012782177230599224,0.18928558363176448,0.021598542567985494,-0.3455878927315977,0
-0.008996465557963934,-0.006136840049381226,0.01468678471335354,-0.04617314971939113,0
-0.00911920235895156,-0.2014662777481034,0.013763321718965719,0.25110716721307563,1
-0.013148527913913627,-0.0065435427145699165,0.01878546506322723,-0.03720295392155121,1
-0.013279398768205025,0.18830405552389284,0.018041405984796206,-0.32390018052875363,0
-0.009513317657727168,-0.007070080609158008,0.011563402374221134,-0.025582784002997738,0
-0.009654719269910328,-0.20235593521756784,0.01105174669416118,0.2707259785772469,1
-0.013701837974261683,-0.00739342141391966,0.016466266265706117,-0.018450785222625166,1
-0.013849706402540076,0.187488561618467,0.016097250561253613,-0.3058932672260434,0
-0.010099935170170736,-0.007859034931234132,0.009979385216732747,-0.00817744836819867,0
-0.010257115868795418,-0.2031226721594615,0.009815836249368774,0.28763731369628903,1
-0.014319569311984647,-0.008142067637435274,0.015568582523294554,-0.0019336938049754337,1
-0.014482410664733353,0.1867531872363011,0.015529908647195046,-0.289664169324558,0
-0.01074734692000733,-0.008586731661071906,0.009736625260703884,0.00787598557054825,1
-0.010919081553228769,0.18639423903170185,0.00989414497211485,-0.28171908456004674,0
-0.007191196772594732,-0.008867434745000485,0.004259763280913914,0.014067921158591623,0
-0.0073685454674947415,-0.2040502164946607,0.004541121704085747,0.30809180412513676,1
-0.011449549797387956,-0.008993264501124393,0.010702957786588481,0.016844478139087682,1
-0.011629415087410444,0.1859735711859031,0.011039847349370234,-0.2724424154670543,0
-0.007909943663692381,-0.009304153907234103,0.0055909990400291485,0.023701971467180727,0
-0.008096026741837063,-0.2045058370265894,0.006065038469372763,0.3181436649155332,1
-0.012186143482368851,-0.009470791244983762,0.012427911767683427,0.02737958733273127,1
-0.012375559307268526,0.18547074996721588,0.012975503514338052,-0.26135643079460597,0
-0.008666144307924208,-0.009833997515041798,0.007748374898445933,0.03539072009214311,1
-0.008862824258225044,0.18517598792835469,0.008456189300288795,-0.2548374777843273,0
-0.00515930449965795,-0.01006567435213232,0.0033594397446022484,0.04050063484468225,0
-0.005360617986700597,-0.20523563794590818,0.004169452441495893,0.334241601671961,1
-0.00946533074561876,-0.010173275767405787,0.010854284474935114,0.04287641713854312,1
-0.009668796260966877,0.18479136016698489,0.011711812817705976,-0.24636221256671975,0
-0.005972969057627179,-0.010495886815288985,0.006784568566371581,0.0499917622284588,1
-0.006182886793932959,0.18452812644472194,0.007784403810940757,-0.24054287706063981,0
-0.00249232426503852,-0.010704154957624862,0.00297354626972796,0.05458526383480433,0
-0.0027064073641910173,-0.2058686160211209,0.004065251546424047,0.34820488251617493,1
-0.006823779684613436,-0.010804720818357899,0.011029349196747546,0.05680663813033271,1
-0.0070398741009805935,0.18415736566283586,0.0121654819593542,-0.23237614150197566,0
-0.003356726787723876,-0.01113628350767401,0.007517959129314688,0.0641192185529389,1
-0.003579452457877356,0.18387707691299596,0.008800343500373465,-0.22618229637979914,0
9.808908038256301e-05,-0.011369531977576092,0.004276697572777482,0.06926354381410144,1
-0.00012930155916895882,0.18369084485643203,0.005661968449059511,-0.22206700042592592,0
0.0035445153379596818,-0.011511575258418921,0.0012206284405409922,0.07239654625609665,0
0.0033142838327913033,-0.20665100454307495,0.0026685593656629253,0.36546433679689067,1
-0.0008187362580701959,-0.011567078109102319,0.009977846101600739,0.07362404459272592,1
-0.0010500778202522424,0.18341041815462727,0.011450326993455258,-0.21589420325328273,0
0.0026181305428403033,-0.011873339126748372,0.007132442928389603,0.0803785527154412,1
0.002380663760305336,0.1831456449376134,0.008740013982698427,-0.21004556225420284,0
0.006043576659057604,-0.012100177027078357,0.00453910273761437,0.08538151635556374,1
0.005801573118516036,0.18295641593422007,0.006246733064725645,-0.20586586733962814,0
0.009460701437200437,-0.01225430459889898,0.002129415717933082,0.08878102796871906,1
0.009215615345222458,0.18283705942161663,0.003905036277307463,-0.20322930684599516,0
0.01287235653365479,-0.012340520032638386,-0.0001595498596124404,0.09068290784353289,0
0.012625546133002022,-0.20746018399031585,0.0016541082972582174,0.3833154923962743,1
0.008476342453195704,-0.01236175700843789,0.009320418145183704,0.09115455989383564,1
0.008229107313026948,0.18262536969945697,0.011143509343060416,-0.1985732630715743,0
0.011881614707016087,-0.012654179572407553,0.00717204408162893,0.09760399792797686,1
0.011628531115567936,0.1823642502319043,0.009124124040188468,-0.19280756037750352,0
0.015275816120206023,-0.012887026779027672,0.005267972832638398,0.10273961952319965,1
0.01501807558462547,0.18215903359088662,0.007322765223102391,-0.18827663457069482,0
0.0186612562564432,-0.013066913819367587,0.0035572325316884945,0.10670730887998836,1
0.01839991798005585,0.1820038808121754,0.005691378709288262,-0.18485120760536478,0
0.022039995596299357,-0.01319903896283281,0.0019943545571809666,0.10962168614792528,1
0.0217760148170427,0.1818942769725343,0.004186788280139473,-0.18243136592375014,0
0.025413900356493387,-0.013287331930676133,0.0005381609616644696,0.11156939356049383,0
0.025148153717879863,-0.20841699049385606,0.0027695488328743465,0.4044220583356749,1
0.020979813908002742,-0.013334426013272227,0.010857989999587845,0.11261358020109818,1
0.0207131253877373,0.18163027051341485,0.01311026160360981,-0.176624039262968,0
0.024345730798005595,-0.01367682435709866,0.00957778081835045,0.12016573301513728,1
0.02407219431086362,0.18130660206074656,0.011981095478653194,-0.16948016726466242,0
0.027698326352078553,-0.013984772292781222,0.008591492133359946,0.1269582272492482,1
0.02741863090622293,0.18101305236326154,0.01113065667834491,-0.1630018470496128,0
0.03103889195348816,-0.014266456878369471,0.007870619737352655,0.1331716173871776,1
0.03075356281592077,0.18074187508213976,0.010534052085096206,-0.15701788220246654,0
0.034368400317563566,-0.014529299868161788,0.007393694441046875,0.13896958302630963,1
0.03407781432020033,0.18048597807688022,0.010173086101573067,-0.15137161193338833,0
0.037687533881737935,-0.014780153994660788,0.007145653862905301,0.14450326571494265,1
0.03739193080184472,0.18023873854658848,0.010035719177204154,-0.1459168004686156,0
0.04099670557277649,-0.015025482506884902,0.007117383167831842,0.14991523352319897,1
0.04069619592263879,0.17999383167652036,0.010115687838295822,-0.1405138354575804,0
0.0442960725561692,-0.015271526592174317,0.007305411129144214,0.15534317786830137,1
0.04399064202432571,0.17974506852154776,0.010412274686510242,-0.1350261371840869,0
0.047585543394756666,-0.015524464972324098,0.007711751942828504,0.16092343896674433,1
0.04727505409531019,0.17948623907606365,0.01093022072216339,-0.12931668642193733,0
0.05086477887683146,-0.015790569716276126,0.008343886993724644,0.16679445059778725,1
0.05054896748250594,0.17921095662328057,0.01167977600568039,-0.12324458258818533,0
0.05413318661497155,-0.016076362147992546,0.009214884353916684,0.17310019146212619,1
0.053811659372011704,0.17891249952369118,0.012676888183159207,-0.11666154549741437,0
0.05738990936248553,-0.016388772643861182,0.01034365727321092,0.17999372917439221,1
0.057062133909608306,0.17858364659383336,0.013943531856698764,-0.10940827355386418,0
0.06063380684148497,-0.016735308100722074,0.01175536638562148,0.18764094374280388,1
0.06029910067947053,0.17821650214676005,0.015508185260477559,-0.1013105686476416,1
0.06386343072240573,0.37311280475926856,0.013481973887524727,-0.38906064458378997,0
0.0713256868175911,0.1778021140717991,0.005700760995848928,-0.09215765318496782,0
0.07488172909902709,-0.01740108121726766,0.003857607932149571,0.20231839653218164,1
0.07453370747468173,0.17766548845896837,0.007903975862793204,-0.0891451469561455,0
0.07808701724386109,-0.017568858907732576,0.006121072923670294,0.2060209712175659,1
0.07773564006570644,0.17746502814554432,0.010241492348021613,-0.08472479459855786,0
0.08128494062861732,-0.017802220495707677,0.008546996456050455,0.21117166369420176,1
0.08092889621870317,0.1771964898130242,0.012770429729934491,-0.07880293180997427,0
0.08447282601496366,-0.018106180365396823,0.011194371093735006,0.21788159003656776,1
0.08411070240765572,0.17685397147768922,0.015552002894466361,-0.07124923813595929,1
0.0876477818372095,0.3717495483271162,0.014127018131747176,-0.35898514579816465,0
0.09508277280375182,0.17642965008201558,0.006947315215783882,-0.06188132814213193,0
0.09861136580539213,-0.018791217213564193,0.005709688652941244,0.2329854002937809,1
0.09823554146112085,0.17624868762386037,0.010369396658816862,-0.05789104882681617,0
0.10176051521359805,-0.019020395103642035,0.009211575682280537,0.2380453762490098,1
0.1013801073115252,0.17596875474668797,0.013972483207260734,-0.05171777458414051,0
0.10489948240645897,-0.019350729804576278,0.012938127715577924,0.245340629898269,1
0.10451246781036744,0.17558406268132457,0.017844940313543306,-0.043233382391972885,1
0.10802414906399394,0.3704456382940385,0.016980272665703847,-0.33023307396864776,0
0.1154330618298747,0.17508613959553854,0.010375611186330892,-0.03224411059191362,0
0.11893478462178547,-0.02018305377491636,0.00973072897449262,0.2636942885319208,1
0.11853112354628714,0.1747986626160156,0.015004614745131036,-0.025903650304399062,0
0.12202709679860746,-0.020535217017937896,0.014486541739043055,0.2714753780974187,1
0.1216163924582487,0.17437705383832172,0.019916049300991428,-0.016603456216676638,1
0.12510393353501514,0.3692078067995339,0.019583980176657894,-0.30293669658610634,0
0.1324880896710058,0.17381230048905727,0.013525246244935767,-0.00414231855134084,0
0.13596433568078695,-0.021500984507903192,0.013442399873908951,0.2927771136844304,1
0.13553431599062887,0.17342675322935716,0.019297942147597558,0.004363870528936775,1
0.139002851055216,0.3682667041406775,0.019385219558176292,-0.282168394337041,0
0.14636818513802957,0.17287368780944315,0.013741851671435473,0.0165649599123458,0
0.14982565889421842,-0.022442614581283438,0.014073150869682388,0.31355172874548765,1
0.14937680660259275,0.17247605899279786,0.02034418544459214,0.02534004094405573,1
0.1528263277824487,0.367300438750903,0.020850986263473256,-0.26085527654296575,0
0.16017233655746677,0.171887140231246,0.01563388073261394,0.03833070037289743,1
0.16361007936209168,0.3667814524069954,0.01640049474007189,-0.2493788681281579,0
0.1709457084102316,0.17142917570925129,0.011412917377508732,0.04843166826361123,0
0.1743742919244166,-0.023854551982213756,0.012381550742780956,0.34469350740959265,1
0.17389720088477234,0.17108909638205128,0.01927542089097281,0.05594053154292594,1
0.17731898281241337,0.3659294408981516,0.02039423152183133,-0.23059907057679763,0
0.18463757163037642,0.17052209171309318,0.015782250110295378,0.06844648769454559,0
0.1880480134646383,-0.024822530430788553,0.01715117986418629,0.36606671833831844,1
0.1875515628560225,0.17005154409724577,0.02447251423095266,0.07884079871171079,1
0.1909525937379674,0.36481427892201324,0.026049330205186877,-0.20602162373489713,0
0.19824887931640767,0.16932969360384953,0.021928897730488936,0.09476340971228403,1
0.20163547318848465,0.36413059207265863,0.023824165924734617,-0.190921105181809,0
0.20891808502993783,0.16867605976659072,0.020005743821098435,0.10918113575898764,1
0.21229160622526966,0.3635057036917212,0.022189366536278187,-0.17712355325580031,0
0.2195617202991041,0.16807334770864768,0.018646895471162182,0.12247595363654978,1
0.22292318725327703,0.36292325322892066,0.021096414543893178,-0.16426622357621717,0
0.23018165231785545,0.16750575652058697,0.017811090072368835,0.13499668052986918,0
0.2335317674482672,-0.02786672655158834,0.020511023682966218,0.4332451057560305,1
0.23297443291723544,0.16695890835684513,0.029175925798086828,0.14709794205167048,1
0.23631361108437235,0.3616511642770063,0.032117884639120235,-0.13623964875621897,0
0.24354663436991247,0.1660842500959061,0.029393091663995854,0.16640046621031807,1
0.2468683193718306,0.36077339407153897,0.03272110098820222,-0.11686678232699016,0
0.25408378725326136,0.1651982614129769,0.030383765341662414,0.18595717042621474,1
0.2573877524815209,0.35987261193127096,0.034102908750186706,-0.09698812446405503,0
0.26458520472014635,0.1642789053390176,0.032163146260905606,0.2062561559669891,1
0.2678707828269267,0.3589265143480999,0.03628826938024539,-0.07610991825642327,1
0.2750493131138887,0.5535099598020892,0.034766071015116924,-0.35712652144844964,0
0.2861195123099305,0.35791143069665116,0.02762354058614793,-0.05368685593755074,0
0.2932777409238635,0.16240450973725548,0.026549803467396917,0.24758193311279886,1
0.2965258311186086,0.3571374228954784,0.03150144212965289,-0.036609768178708535,0
0.30366857957651816,0.1615782298151928,0.030769246766078718,0.2658433797583123,1
0.306900144172822,0.35624782333333566,0.03608611436124497,-0.016978063136454447,0
0.31402510063948874,0.16062743504295138,0.035746553098515876,0.2868685014393415,1
0.31723764934034776,0.35522184775587573,0.04148392312730271,0.005670602966855509,1
0.3243420862954653,0.549725064507202,0.04159733518663982,-0.27364043983084135,0
0.33533658758560936,0.35403503453874674,0.03612452639002299,0.031866774228897665,0
0.3424172882763843,0.1584141621492389,0.03676186187460094,0.33572494339186565,1
0.3455855715193691,0.3529941783821978,0.043476360742438255,0.05485767161542232,1
0.35264545508701306,0.5474666480448338,0.044573514174746705,-0.22379735960877073,0
0.36359478804790973,0.35173690654163614,0.04009756698257129,0.08260591854102006,1
0.37062952617874245,0.5462618104159428,0.04174968535339169,-0.1971613727285414,0
0.3815547623870613,0.35056833010755994,0.03780645789882087,0.10839390128728904,1
0.3885661289892125,0.5451286927592118,0.039974335924566645,-0.1721256486060001,0
0.39946870284439673,0.3494580829384187,0.03653182295244664,0.13289511886863614,1
0.4064578645031651,0.5440382170455113,0.03918972532981936,-0.1480423756068771,0
0.41733862884407535,0.3483776175619847,0.03622887781768182,0.15674200594295834,1
0.42430618119531505,0.5429626367937257,0.03936371793654098,-0.12429503441120404,0
0.43516543393118956,0.3472995008725891,0.0368778172483169,0.1805422580628122,1
0.44211142394864134,0.5418748686044957,0.04048866240957315,-0.10028273208360156,0
0.4529489213207312,0.34619674123406585,0.03848300776790112,0.20489432047853923,1
0.45987285614541257,0.5407478388591487,0.0425808941774719,-0.07540505154679028,0
0.47068781292259554,0.34504213756616386,0.04107279314653609,0.23040241051393873,1
0.47758865567391884,0.5395538371819557,0.04568084135681487,-0.049047064998244294,0
0.48837973241755794,0.3438076413886681,0.044699900056849984,0.25769142547640067,1
0.4952558852453313,0.5382638683690255,0.049853728566378,-0.02056416436613906,0
0.5060211626127118,0.3424637247151665,0.04944244527905522,0.28742207183867113,1
0.5128704371070151,0.536846996206398,0.05519088671582864,0.010733634774545475,0
0.523607377031143,0.34097875036529046,0.05540555941131955,0.32030653550538435,1
0.5304269520384488,0.5352696763086878,0.06181169012142723,0.04559825608432494,1
0.5411323455646225,0.7294533216357153,0.06272365524311373,-0.22695988601744377,0
0.5557214119973368,0.5334936664472569,0.058184457522764854,0.08483023483042307,1
0.5663912853262819,0.7277353954882636,0.05988106221937332,-0.18894272371125742,0
0.5809459932360472,0.5318101417356486,0.05610220774514817,0.1220129243380228,1
0.5915821960707602,0.7260853118106946,0.058542466231908626,-0.15245594833486864,0
0.6061039023069741,0.5301760921703778,0.055493347265211254,0.15810611237855104,1
0.6167074241503816,0.7244614397213722,0.05865546951278228,-0.11656662444928079,0
0.6311966529448091,0.5285502508402733,0.05632413702379666,0.19402960616891418,1
0.6417676579616145,0.72282315805514,0.060204729147174944,-0.08036709988797025,0
0.6562241211227173,0.5268921480808191,0.058597387149415536,0.23068644549248057,1
0.6667619640843337,0.7211299448794147,0.06321111605926515,-0.04295240924819499,0
0.6811845629819221,0.5251611983225208,0.06235206787430125,0.268985334621455,1
0.024415663060166293,-0.03225470331969682,-0.035080939098994526,0.0007976382204802762,0
0.023770568993772355,-0.22685643869056957,-0.03506498633458492,0.28220896073333235,0
0.019233440219960964,-0.4214611418875145,-0.029420807119918273,0.5636295827662472,0
0.010804217382210674,-0.6161581885352676,-0.01814821546459333,0.8469002973796449,1
-0.0015189463884946776,-0.4207934285905798,-0.0012102095170004323,0.5485661323417705,1
-0.009934814960306274,-0.22565449742430585,0.009761113129834978,0.25550214843258134,1
-0.014447904908792391,-0.030673263592309735,0.014871156098486604,-0.03408604747631333,0
-0.015061370180638587,-0.22600528006342385,0.014189435148960337,0.26325153812753893,1
-0.019581475781907064,-0.03108871082146375,0.019454465911511117,-0.024922328895479906,1
-0.02020324999833634,0.16374892203506708,0.01895601933360152,-0.31140422166779363,0
-0.016928271557635,-0.031637891259967965,0.012727934900245645,-0.012803920576655081,1
-0.017561029382834357,0.16329923389791995,0.012471856488712544,-0.3014440118978032,0
-0.014295044704875958,-0.03199823515564856,0.00644297625075648,-0.004853960753348596,0
-0.01493500940798893,-0.2272119924324553,0.006345897035689508,0.2898548193183044,1
-0.019479249256638034,-0.03218110274466823,0.012142993422055597,-0.0008199435463685512,1
-0.0201228713115314,0.16276461410206902,0.012126594551128226,-0.2896470078555766,0
-0.01686757902949002,-0.032528139392237865,0.006333654394016693,0.006835715089686056,0
-0.017518141817334777,-0.22774034877627095,0.006470368695810414,0.3015102378981345,1
-0.022072948792860196,-0.03271121309493266,0.012500573453773105,0.010874933247159546,1
-0.02272717305475885,0.16222925289728984,0.012718072118716296,-0.277837846476866,0
-0.01948258799681305,-0.03307180530882975,0.007161315189178976,0.01882906118987404,0
-0.020144024102989648,-0.22829572171072227,0.0075378964129764565,0.313762835533309,1
-0.024709938537204094,-0.033281957648778254,0.013813153123642636,0.023466620454046183,1
-0.02537557769017966,0.16163920419721148,0.014282485532723559,-0.2648262911970097,0
-0.02214279360623543,-0.03368365850153143,0.008985959708783365,0.032327028502708244,1
-0.02281646677626606,0.1613082849543839,0.00963250027883753,-0.25750724133032826,0
-0.01959030107717838,-0.0339498531320743,0.004482355452230965,0.03819828941396669,0
-0.020269298139819866,-0.22913579370359463,0.005246321240510299,0.3322920671810584,1
-0.024852014013891758,-0.034088908680499574,0.011892162584131467,0.041268177342594914,1
-0.02553379218750175,0.16086051010872418,0.012717526130983365,-0.247639059867998,0
-0.022316581985327266,-0.03444073739087222,0.007764744933623405,0.049027973242715184,1
-0.02300539673314471,0.16056901842901475,0.008745304398477708,-0.24119503042154689,0
-0.019794016364564414,-0.03467675792394345,0.003921403790046771,0.05423352155035249,0
-0.020487551523043282,-0.22985471637486501,0.00500607422105382,0.3481510979908666,1
-0.02508464585054058,-0.03480432406996822,0.011969096180871152,0.05705095528560988,1
-0.025780732331939945,0.16014398376855124,0.01311011528658335,-0.23183173035072713,0
-0.02257785265656892,-0.035162820654214,0.008473480679568806,0.0649575638416407,1
-0.0232811090696532,0.15983662471597196,0.00977263195640162,-0.22503993006608802,0
-0.02008437657533376,-0.035423624128500614,0.005271833355079859,0.07070956522400973,1
-0.020792849057903774,0.15962235176453227,0.006686024659560054,-0.22030542122631858,0
-0.017600402022613128,-0.03559452885543907,0.0022799162350336825,0.07447903125831612,1
-0.01831229259972191,0.15949466327997877,0.0037694968602000048,-0.2174837015948864,0
-0.015122399334122332,-0.03568097066242468,-0.0005801771716977232,0.07638589882004615,0
-0.015836018747370825,-0.23079459979119188,0.0009475408047031999,0.36888572117704055,1
-0.020451910743194662,-0.03568612470965571,0.00832525522824401,0.07650171689082824,1
-0.021165633237387776,0.15931549429919448,0.009855289566060575,-0.21354297826456764,0
-0.017979323351403887,-0.035945960958623346,0.005584430000769222,0.08223238913620379,1
-0.018698242570576354,0.15909549481010343,0.007229077783493298,-0.20868341874068813,0
-0.015516332674374285,-0.03612907471518448,0.003055409408679535,0.08627111417392919,1
-0.016238914168677974,0.15894894666571452,0.004780831692158118,-0.20544626306294722,0
-0.013059935235363685,-0.03624104432780262,0.0006719064308991739,0.08874093659854881,0
-0.013784756121919737,-0.23137262005785017,0.00244672516287015,0.38163577459912346,1
-0.01841220852307674,-0.03628549610885942,0.010079440654852619,0.08972530106690663,1
-0.019137918445253928,0.15869054077530556,0.01187394667619075,-0.19976059254844591,0
-0.015964107629747815,-0.036599207366593806,0.007878734825221834,0.09664423768328428,1
-0.016696091777079692,0.15840894201895575,0.00981161957888752,-0.19354258359812265,0
-0.013527912936700578,-0.03685197922023198,0.005940767906925068,0.10221927023150734,1
-0.014264952521105217,0.15818433160295622,0.007985153311555214,-0.18858345800551518,0
-0.011101265889046093,-0.03705094561742034,0.00421348415144491,0.10660773145734076,1
-0.0118422848013945,0.1580103721179335,0.006345638780591726,-0.1847428872160718,0
-0.008682077359035829,-0.03720179595189094,0.0026507810362702898,0.10993507471391745,1
-0.009426113278073647,0.1578820703205927,0.0048494825305486385,-0.18191036789533588,0
-0.0062684718716617925,-0.037308936043047164,0.0012112751726419207,0.11229844113196552,1
-0.007014650592522736,0.15779563769215135,0.003457243995281231,-0.18000208996593275,0
-0.0038587378386797087,-0.03737561509421339,-0.00014279780403742394,0.113769467331577,0
-0.004606250140563976,-0.23249551989636602,0.002132591542594116,0.40640733899651305,1
-0.009256160538491296,-0.037403874347278626,0.010260738322524377,0.11439751756070815,1
-0.010004238025436868,0.15756956225223986,0.01254868867373854,-0.17503063783537925,0
-0.006852846780392071,-0.03772971143043344,0.009048075917030954,0.12158442536430009,1
-0.007607441009000741,0.1572614466858574,0.011479764424316957,-0.16823024126358432,0
-0.004462212075283592,-0.03802292672247712,0.00811515959904527,0.1280519940098757,1
-0.005222670609733134,0.15698183650963407,0.010676199479242785,-0.16205968850778074,0
-0.002083033879540453,-0.03829131331727395,0.007435005709087171,0.13397208630481078,1
-0.0028488601458859317,0.1567233543745789,0.010114447435183386,-0.15635595852359696,0
0.00028560694160564663,-0.03854194008370859,0.0069873282647114465,0.13950059810656984,1
-0.0004852318600685252,0.15647924186177187,0.009777340226842844,-0.15096977594300304,0
0.0026443529771669125,-0.03878133860705396,0.006757944707982784,0.14478158744566622,1
0.0018687262050258334,0.15624318324608957,0.009653576456896108,-0.14576169468774108,0
0.004993589869947625,-0.03901567427911257,0.006738342563141287,0.1499510517476385,1
0.004213276384365374,0.15600914206127864,0.009737363598094058,-0.1405984737018917,0
0.007333459225590947,-0.03925090595784039,0.006925394124056223,0.1551404527256764,1
0.006548441106434139,0.1557712063789073,0.010028203178569752,-0.13534965110639163,0
0.009663865234012284,-0.03949293829517295,0.00732121015644192,0.16048008081376058,0
0.008874006468108825,-0.23471893302661684,0.010530811772717131,0.45546364140126966,1
0.0041796278075764874,-0.0397474486639012,0.019640084600742524,0.16611863260463433,1
0.003384678834298463,0.15508793775352822,0.02296245725283521,-0.12030426935174154,1
0.006486437589369028,0.3498734999718288,0.02055637186580038,-0.40565521779747715,0
0.013483907588805605,0.15446616429786453,0.012443267509850836,-0.10656299354267479,1
0.016573230874762895,0.3494076086710731,0.01031200763899734,-0.3952942963467003,0
0.023561383048184358,0.15414086993213955,0.0024061217120633326,-0.09937808471810167,0
0.026644200446827148,-0.04101548260619298,0.0004185600177012993,0.19406299580876446,1
0.025823890794703288,0.15410047872834493,0.004299819933876589,-0.0984878639142936,0
0.028905900369270186,-0.04108283270611318,0.002330062655590717,0.1955485399288882,1
0.028084243715147922,0.15400571155224543,0.0062410334541684815,-0.09639844427826305,0
0.03116435794619283,-0.041205129964347054,0.00431306456860322,0.1982469672695043,1
0.03034025534690589,0.1538548662347791,0.008278003913993307,-0.0930722685252075,0
0.03341735267160147,-0.041384749374773544,0.0064165585434891575,0.20221082615475844,1
0.032589657684106,0.1536448499596167,0.010460775066584327,-0.08844109524899657,1
0.035662554683298334,0.348615308071072,0.008691953161604395,-0.3778053693890864,0
0.04263486084471978,0.15337099748240118,0.0011358457738226673,-0.08239456442202897,0
0.0457022807943678,-0.041767217469469764,-0.0005120455146179121,0.21064650777396143,1
0.044866936444978404,0.1533620513209812,0.0037008846408613165,-0.08219789841563879,0
0.047934177471398026,-0.04181275551985947,0.002056926672548541,0.2116503645328432,1
0.047097922361000834,0.1532797259417068,0.0062899339632054045,-0.0803830025749187,0
0.05016351687983497,-0.041931825000698586,0.00468227391170703,0.21427775984396125,1
0.049324880379820996,0.15312287338327157,0.008967829108586255,-0.07692449699888254,0
0.05238733784748643,-0.0421264820423084,0.007429339168608604,0.2185742658854396,1
0.05154480820664026,0.152888484190762,0.011800824486317396,-0.07175590497868994,1
0.0546025778904555,0.3478392829063513,0.010365706386743598,-0.36069237985726893,0
0.061559363548582526,0.1525715337366661,0.003151858789598219,-0.06475902868636163,0
0.06461079422331585,-0.042595464690171364,0.0018566782158709863,0.22891665978196912,1
0.06375888492951243,0.15249990481949913,0.006435011411510369,-0.06318002699336778,0
0.0668088830259024,-0.04271371479286509,0.005171410871643013,0.2315262199890657,1
0.0659546087300451,0.15233396092317558,0.009801935271424329,-0.059520993382486564,0
0.06900128794850861,-0.04292714885050933,0.008611515403774597,0.23623832400180944,1
0.06814274497149843,0.15207071753694576,0.013336281883810787,-0.05371587589195659,1
0.07118415932223734,0.3469989305530446,0.012261964365971656,-0.34216144322704667,0
0.07812413793329824,0.15170469141033538,0.0054187355014307225,-0.04563717976376386,0
0.08115823176150495,-0.043494540494873946,0.004505991906155445,0.24875046986412536,1
0.08028834095160747,0.15156277131024684,0.009481001303437951,-0.042507770383812704,0
0.08331959637781242,-0.043693842263844485,0.008630845895761697,0.25315135907671216,1
0.08244571953253553,0.1513038129303144,0.01369387307729594,-0.03679679234098865,1
0.08547179579114182,0.34622674221320837,0.012957937230476167,-0.3251278995586205,0
0.09239633063540599,0.15092271168938148,0.006455379239303757,-0.028386921345474214,0
0.09541478486919362,-0.04429121623721363,0.005887640812394273,0.26632573767603895,1
0.09452896054444936,0.15074621227741983,0.011214155565915051,-0.024494378083111168,0
0.09754388478999776,-0.04453474944499386,0.010724268004252828,0.2717055388248406,1
0.09665318980109788,0.15043254359492322,0.01615837878074964,-0.017575709158882846,1
0.09966184067299635,0.3453190823572829,0.015806864597571982,-0.305116998828576,0
0.10656822232014201,0.14997548195328653,0.009704524621000462,-0.007491178759449879,0
0.10956773195920774,-0.04528429157737007,0.009554701045811465,0.28823777524832367,1
0.10866204612766034,0.14970011158580993,0.01531945655077794,-0.0014164397988776223,1
0.11165604835937654,0.34459904721455803,0.015291127754800387,-0.28922679485053804,0
0.1185480293036677,0.14926242260728795,0.009506591857789626,0.008239304097316213,0
0.12153327775581346,-0.04599456704606422,0.00967137793973595,0.3039064497793959,1
0.12061338641489218,0.1489882281162842,0.01574950693532387,0.014289276084902547,1
0.12359315097721786,0.34388081188002195,0.01603529245702192,-0.27338317980707527,0
0.1304707672148183,0.14853377471974172,0.010567628860880415,0.02431387841419952,0
0.13344144270921313,-0.04673811881394174,0.011053906429164404,0.32031218871633255,1
0.13250668033293428,0.1482246795470857,0.017460150203491055,0.031135640010609644,1
0.135471173923876,0.3430919476782299,0.018082863003703247,-0.25598768500823343,0
0.1423330128774406,0.14771654833040712,0.012963109303538578,0.04234357297237906,0
0.14528734384404873,-0.047588868049279004,0.01380998076298616,0.3390881306193199,1
0.14433556648306314,0.14733388218627963,0.02059174337537256,0.050791891215650586,1
0.14728224412678873,0.3421546093442534,0.02160758119968557,-0.23532370108495526,0
0.15412533631367378,0.14673071265831084,0.016901107177986464,0.06409585042288762,1
0.15705995056684,0.34160631844742806,0.018183024186444217,-0.22320712101492635,0
0.16389207693578856,0.14622926330349525,0.01371888176614569,0.07515553055888513,1
0.16681666220185845,0.34115188179557465,0.015221992377323393,-0.21316765843255048,0
0.17363969983776995,0.14581564498498212,0.010958639208672384,0.08427784449245496,0
0.1765560127374696,-0.049461664766251495,0.012644196098521483,0.3803979963381709,1
0.17556677944214458,0.1454784741483478,0.0202521560252849,0.0917284568977697,1
0.17847634892511152,0.34030437934676316,0.022086725163240294,-0.19449674522492566,0
0.1852824365120468,0.1448735648947838,0.018196790258741782,0.10507094682642976,1
0.18817990780994245,0.3397300805325393,0.020298209195270377,-0.18181587573688507,0
0.19497450942059324,0.14432364805707615,0.016661891680532677,0.11720065564139753,1
0.19786098238173477,0.33920295253923827,0.019005904793360628,-0.1701793559254946,0
0.20464504143251955,0.14381419514859847,0.015602317674850735,0.1284382469722709,0
0.20752132533549153,-0.051527749561180836,0.018171082614296154,0.42600239564515513,1
0.2064907703442679,0.1433321688276215,0.026691130527199257,0.13910277637424728,1
0.20935741372082034,0.3380618672931174,0.029473186054684204,-0.14504147035732506,0
0.21611865106668268,0.14253050160900227,0.026572356647537702,0.15679206064306883,1
0.21896926109886272,0.3372621244831081,0.02970819786039908,-0.12739090265163822,0
0.22571450358852488,0.1417274588437021,0.027160379807366318,0.17451459998346902,1
0.2285490527653989,0.3364503809252623,0.0306506718070357,-0.10947788650408596,0
0.23527806038390417,0.1409029257870504,0.02846111407695398,0.19271541130358044,1
0.2380961188996452,0.33560641734495206,0.03231542230302559,-0.09085510861967266,0
0.24480824724654424,0.14003653699229815,0.030498320130632132,0.21184563265844286,1
0.2476089779863902,0.33470945872581315,0.03473523278380099,-0.07106283841090366,1
0.25430316716090645,0.5293166539423081,0.03331397601558291,-0.35258744343735077,0
0.2648895002397526,0.33373720116484684,0.026262227146835897,-0.049588545459176125,0
0.27156424426304954,0.13824871061947586,0.025270456237652374,0.2512632814571409,1
0.27432921847543906,0.33300085895882636,0.030295721866795192,-0.03334294664829213,0
0.2809892356546156,0.1374578497426479,0.02962886293382935,0.2687425507095216,1
0.28373839264946854,0.3321447137970229,0.03500371394801978,-0.014449961246319032,1
0.290381286925409,0.5267476379749412,0.0347147147230934,-0.2958865459035023,0
0.3009162396849078,0.3311484321347511,0.028796983805023352,0.0075395678152580525,0
0.30753920832760284,0.1356255805645621,0.02894777516132851,0.30916739134281257,1
0.3102517199388941,0.33032337471620765,0.035131122988184764,0.025752512623077317,1
0.31685818743321825,0.5249243647905375,0.03564617324064631,-0.25564243350623855,0
0.327356674729029,0.3293120797366898,0.03053332457052154,0.048067353476852814,0
0.33394291632376283,0.13376591209646874,0.0314946716400586,0.35022528981823037,1
0.3366182345656922,0.32842612689010037,0.038499177436423206,0.0676376731292625,1
0.34318675710349417,0.5229755717838899,0.03985193089900846,-0.21265428969013578,0
0.35364626853917197,0.3273071744563765,0.035598845105205744,0.09232863682550446,1
0.3601924120282995,0.5219012767319928,0.03744541784171583,-0.18891373250062526,0
0.37063043756293934,0.3262641711485338,0.03366714319170332,0.1153425944283532,1
0.37715572098591,0.5208879524617575,0.03597399508027039,-0.16653137173306537,0
0.38757348003514513,0.32527001514292664,0.03264336764560908,0.13727976219335275,0
0.39407888033800365,0.12969608631560736,0.035388962889476135,0.44007981391825507,1
0.39667280206431577,0.3242997913393828,0.04419055916784124,0.15875920898395662,1
0.4031587978911034,0.5187621280072781,0.04736574334752037,-0.11966173569447097,0
0.413534040451249,0.32299467276588356,0.04497250863363095,0.1875804256403052,1
0.41999393390656664,0.5174453076951404,0.048724117146437054,-0.09058315424530616,0
0.43034284006046947,0.32166005963692335,0.04691245406153093,0.21706540849256678,1
0.43677604125320796,0.5160810748270209,0.05125376223138227,-0.06045806187304975,0
0.4470976627497484,0.3202631453033925,0.05004460099392127,0.24794512375696026,1
0.45350292565581624,0.5146359919772284,0.05500350346906048,-0.02854215082071271,0
0.4637956454953608,0.3187701588133172,0.05443266045264623,0.2809751610579651,1
0.4701710486716271,0.51307511405486,0.06005216367380553,0.005944703982673938,1
0.037613022970749074,0.04916902176270439,-0.01703001087121747,-0.022190801666969663,0
0.03859640340600316,-0.1457046145526497,-0.017473826904556865,0.2650706845204026,0
0.03568231111495017,-0.34057286106193985,-0.012172413214148813,0.552191386721239,1
0.02887085389371137,-0.14528209495419936,-0.0011285854797240327,0.2556983380098395,1
0.025965211994627382,0.04985595164345227,0.0039853812804727575,-0.03734034953600357,0
0.026962331027496428,-0.14532292291564974,0.003238574289752686,0.25659733624225944,1
0.024055872569183432,0.049752641059044006,0.008370521014597876,-0.035062336026775665,0
0.025050925390364312,-0.14548833910584993,0.007669274294062362,0.26024977896051543,1
0.022141158608247315,0.04952329531233454,0.01287426987327267,-0.030004325557966005,1
0.023131624514494006,0.24445827836476985,0.01227418336211335,-0.3185976372964521,0
0.028020790081789405,0.04916368327659834,0.005902230616184309,-0.02206929175250949,0
0.02900406374732137,-0.14604241222249248,0.0054608447811341195,0.2724699970396979,1
0.026083215502871522,0.04900119398764516,0.010910244721928076,-0.018485569629139942,1
0.027063239382624425,0.2439649943639335,0.010540533329345276,-0.3077063166442524,0
0.03194253926990309,0.04869444870766279,0.0043864069964602275,-0.01171790992769195,0
0.03291642824405635,-0.14649013382466036,0.004152048797906389,0.28234574680039004,1
0.02998662556756314,0.04857234849115749,0.00979896373391419,-0.009024755751660674,1
0.03095807253738629,0.24355240815197424,0.009618468618880978,-0.29859995467732614,0
0.03582912070042578,0.04829468092972025,0.003646469525334454,-0.0028991257605713305,0
0.036795014319020186,-0.146879375615326,0.0035884870101230274,0.29093207233976964,1
0.033857426806713664,0.04819122441489393,0.00940712845691842,-0.0006169308128277651,1
0.03482125129501154,0.2431770090784882,0.009394789840661865,-0.2903170116147731,0
0.039684791476581306,0.0479223642144925,0.0035884496083664038,0.005314058173391645,0
0.040643238760871156,-0.14725086618831765,0.0036947307718342365,0.29912702077032,1
0.0376982214371048,0.04781822535147795,0.009677271187240637,0.0076116290051841395,1
0.03865458594413436,0.24280006349855496,0.00982950376734432,-0.2820023600253062,0
0.04351058721410546,0.04753929489630265,0.0041894565668381956,0.013764471117342636,0
0.044461373112031514,-0.1476424871212959,0.004464745989185048,0.30776627146854474,1
0.041508523369605595,0.04741556203662872,0.010620071418555943,0.016494744895671987,1
0.04245683461033817,0.24238361122289626,0.010949966316469384,-0.27281859449562973,0
0.04730450683479609,0.04710714227682769,0.005493594426556789,0.023297774368692237,0
0.04824664968033264,-0.14809315958285713,0.005959549913930634,0.3177089175095231,1
0.045284786488675496,0.0469434050235103,0.012313728264121096,0.026911363111304154,1
0.0462236545891457,0.24188662317854714,0.01285195552634718,-0.26186115065552024,0
0.05106138705271664,0.046583596426649665,0.007614732513236774,0.03484756665899158,1
0.05199305898124964,0.2415955271117372,0.008311683846416605,-0.25542313898485747,0
0.056824969523484384,0.04635589560329534,0.0032032210667194564,0.03986979928697032,0
0.05775208743555029,-0.14881184268503403,0.0040006170524588625,0.3335616501966188,1
0.05477585058184961,0.04625294027015425,0.010671850056391239,0.04214299553632972,1
0.055700909387252695,0.24122024699490424,0.011514709967117833,-0.24715384696294956,0
0.06052531432715078,0.045935753274340796,0.006571633027858842,0.0491387243888205,0
0.0614440293926376,-0.1492798097176348,0.007554407515635252,0.34388779211603787,1
0.058458433198284906,0.045733861622288596,0.01443216335795601,0.05359660668815669,1
0.05937311043073068,0.24064593332526055,0.015504095491719144,-0.23449814437423883,0
0.06418602909723589,0.04530593352486864,0.010814132604234368,0.06303466106500405,1
0.06509214776773327,0.2402711800184266,0.012074825825534449,-0.2262168155985898,0
0.0698975713681018,0.0449787611455624,0.007550489513562653,0.0702503700639,1
0.07079714659101305,0.2399916542926479,0.008955496914840653,-0.2200408086235039,0
0.075596979676866,0.04474284379391527,0.004554680742370575,0.07545354375106961,0
0.0764918365527443,-0.15044410573198608,0.006063751617391967,0.3695700026715221,1
0.07348295443810458,0.044591167821029426,0.01345515167082241,0.07880520282730114,1
0.07437477779452517,0.23951767526555212,0.015031255727368433,-0.20960239622438237,0
0.07916513129983621,0.04418405958161575,0.010839207802880786,0.08778395063963407,1
0.08004881249146853,0.23914897837072344,0.012594886815673468,-0.20145958342735998,0
0.084831792058883,0.04384918259506712,0.008565695147126268,0.09516967389182124,1
0.08570877571078434,0.23884732406314754,0.010469088624962692,-0.1947985243718221,0
0.09048572219204729,0.04357719527081905,0.00657311813752625,0.1011684733245597,1
0.09135726609746367,0.2386043301561363,0.008596487604017444,-0.18943342647003875,0
0.0961293527005864,0.04336045546915984,0.004807819074616668,0.1059489005211372,0
0.09699656180996959,-0.1518300630640544,0.006926797085039412,0.4001447878000702,1
0.09395996054868849,0.04319294828652809,0.014929692841040815,0.1096537507827714,1
0.09482381951441905,0.23809781425280915,0.017122767856696242,-0.1782817995387052,0
0.09958577579947524,0.042735067098110535,0.013557131865922138,0.11975321132349498,1
0.10044047714143745,0.23766018141744183,0.015952196092392037,-0.16862191607624388,0
0.10519368076978629,0.04231357069824282,0.012579757770867159,0.12905046477233656,1
0.10603995218375115,0.23725307606104443,0.01516076706631389,-0.1596373054111323,0
0.11078501370497204,0.04191739243568651,0.011968020958091245,0.13778964217891182,1
0.11162336155368577,0.2368658997263125,0.014723813801669481,-0.15109366247007133,0
0.11636067954821201,0.04153624414945123,0.011701940552268055,0.14619770708253021,1
0.11719140443120103,0.23648867847669766,0.014625894693918659,-0.1427706307129658,0
0.12192117800073499,0.04116034842901853,0.011770482079659344,0.1544903866435029,1
0.12274438496931536,0.2361118071659592,0.014860289812529402,-0.13445610281721349,0
0.12746662111263454,0.04078018707384237,0.012171167756185132,0.16287774127645938,1
0.1282822248541114,0.2357258052090086,0.01542872258171432,-0.12594079217817178,0
0.13299674095829156,0.0403862595272437,0.012909906738150885,0.171569516741295,1
0.13380446614883643,0.2353210779930269,0.016341297072976785,-0.11701293743438701,0
0.13851088770869696,0.03996884537626022,0.014001038324289046,0.18078041502944908,1
0.13931026461622217,0.23488767820449497,0.017616646624878027,-0.10745300657954676,0
0.1440080181803121,0.039517765246200154,0.015467586493287092,0.19073541601190358,1
0.14479837348523608,0.23441506141816632,0.019282294813525162,-0.09702826850681057,0
0.14948667471359942,0.039022134588137,0.01734172944338895,0.20167528048508304,1
0.15026711740536217,0.23389183030420715,0.02137523505309061,-0.08548709809057731,0
0.1549449540114463,0.03847010498671083,0.019665493091279067,0.21386236676186082,1
0.15571435611118054,0.23330546178309902,0.023942740426516285,-0.07255287619136702,1
0.16038046534684253,0.4280761250389147,0.022491682902688943,-0.3575866419939736,0
0.16894198784762082,0.23264175737709222,0.015339950062809471,-0.0578972392476379,0
0.17359482299516266,0.03730325659494943,0.014182005277856713,0.23958580662361623,1
0.17434088812706164,0.23221977020949916,0.018973721410329037,-0.04859019194371217,0
0.17898528353125162,0.036830963302289466,0.018001917571454792,0.25001820411579917,1
0.1797219027972974,0.23169127413145607,0.023002281653770777,-0.036932624350810295,0
0.18435572827992652,0.036247148773782684,0.022263629166754572,0.26291808372458075,1
0.18508067125540217,0.23104434997159737,0.027521990841246187,-0.022660338581947548,1
0.18970155825483412,0.42576101940498856,0.027068784069607235,-0.3065342882983535,0
0.19821677864293388,0.2302640116812734,0.020938098303640164,-0.005438952747318371,0
0.20282205887655935,0.03484813355170596,0.020829319248693797,0.2937759645964232,1
0.20351902154759346,0.22966701812936038,0.02670483854062226,0.007734405662650101,1
0.20811236191018068,0.4243960076473723,0.02685952665387526,-0.27640464242015095,0
0.21660028206312812,0.22890135577733142,0.02133143380547224,0.024627315731156063,0
0.22117830917867476,0.03348009153735637,0.021823980120095364,0.3239634886404712,1
0.2218479110094219,0.2282846008523029,0.028303249892904787,0.038242049756332275,1
0.22641360302646796,0.42298948955494203,0.029068090888031434,-0.24537826680898045,0
0.2348733928175668,0.22746468653022148,0.024160525551851823,0.05632985464097373,1
0.23942268654817123,0.4222320327780099,0.025287122644671298,-0.22863339660257914,0
0.24786732720373142,0.22675801517927446,0.020714454712619713,0.07191751134516816,0
0.2524024875073169,0.03134531229871271,0.022152804939523076,0.3710632950536767,1
0.2530293937532912,0.22614564554000324,0.02957407084059661,0.08544688245075366,1
0.2575523066640913,0.42083146351961465,0.031283008489611686,-0.19776063647979036,0
0.26596893593448356,0.22527635275843189,0.02732779576001588,0.10462421425358376,1
0.2704744629896522,0.41999623257041885,0.029420280045087555,-0.17931317644919764,0
0.2788743876410606,0.2244658976357236,0.025834016516103602,0.12250371833663254,1
0.28336370559377505,0.41920838635699104,0.028284090882836253,-0.16191818628925703,0
0.2917478733209149,0.2236931811346706,0.025045727157051112,0.1395517357790908,0
0.2962217369436083,0.02822163364247024,0.02783676187263293,0.4400297730161414,1
0.2967861696164577,0.22293879154464916,0.036637357332955756,0.15625014254180675,1
0.3012449454473507,0.4175175496171518,0.03976236018379189,-0.12465315628096602,0
0.30959529643969375,0.22184917566207463,0.03726929705817257,0.18030446849823006,1
0.31403227995293526,0.4164185414716352,0.04087538642813717,-0.10039227404173329,0
0.322360650782368,0.22073534157069644,0.038867540947302506,0.20490136719980512,1
0.3267753576137819,0.41528053442167034,0.042965568291298606,-0.07527184719751673,0
0.3350809683022153,0.21956980914097948,0.04146013134734827,0.23065130597110772,1
0.33947236448503487,0.4140755436301239,0.046073157466770424,-0.04867078674683101,0
0.34775387535763735,0.21832426002613017,0.04509974173183381,0.25818526413273774,1
0.35212036055816,0.4127743036028007,0.050263447014488566,-0.019938390260340222,1
0.360375846630216,0.6071407361747614,0.04986467920928176,-0.29634859719586487,0
0.3725186613537112,0.41134470122424804,0.043937707265364466,0.011634538811581108,0
0.38074555537819615,0.21562106514594492,0.04417039804159609,0.3178501819339604,1
0.3850579766811151,0.4100869805728141,0.050527401680275294,0.03941769303059223,1
0.39325971629257134,0.6044493269736347,0.05131575554088714,-0.23690501173859663,0
0.40534870283204405,0.4086332295171859,0.046577655306115205,0.07151269803788851,1
0.41352136742238776,0.6030575459656806,0.048007909266872976,-0.20611860458299713,0
0.42558251834170135,0.40728312779689546,0.043885537175213034,0.10131358223236431,1
0.43372818089763926,0.6017495562145834,0.04591180881986032,-0.1772070006118847,0
0.44576317202193094,0.4060016636381466,0.042367668807622626,0.12959876093267886,1
0.4538832052946939,0.6004918917551334,0.0449596440262762,-0.1494224166380671,0
0.46589304312979657,0.4047559318438332,0.04197119569351486,0.15709851484384174,1
0.47398816176667324,0.5992526164652272,0.045113165990391696,-0.12205367451601179,0
0.48597321409597777,0.40351433831379435,0.04267209250007146,0.1845137911654725,1
0.4940435008622537,0.5980005717739951,0.046362368323380906,-0.09440820510138465,0
0.5060035122977335,0.4022458376363904,0.04447420422135322,0.2125340297916865,1
0.5140484290504613,0.5967046385363464,0.048724884817186946,-0.06579464002208146,0
0.5259825218211882,0.40091919643445184,0.04740899201674532,0.2418544278827181,1
0.5340009057498772,0.595333006889672,0.05224608057439968,-0.035505601047865265,0
0.5459075658876706,0.3995022752607654,0.05153596855344238,0.27319303570748055,1
0.553897611392886,0.5938524478956896,0.056999829267591985,-0.002800301125175486,0
0.5657746603507997,0.39796132444549015,0.056943823245088475,0.307308055341457,1
0.5737338868397095,0.5922275833714641,0.06308998435191762,0.033113422834761985,1
0.5855784385071388,0.7863907243517527,0.06375225280861287,-0.2390157005211715,0
0.6013062529941738,0.590418700198482,0.05897193879818943,0.07307563232012709,0
0.6131146269981435,0.39450306751417263,0.060433451444591973,0.38376593164269546,1
0.6210046883484269,0.5887172638180209,0.06810877007744588,0.11073307906858215,1
0.6327790336247874,0.782800492819598,0.07032343165881752,-0.15970828901857248,0
0.6484350434811793,0.5867458979457797,0.06712926587844607,0.15430478090201621,1
0.6601699614400949,0.7808456602651904,0.0702153614964864,-0.1164679148342529,0
0.6757868746453987,0.584791562584362,0.06788600319980134,0.19751494834563366,1
0.6874827058970859,0.778880151651538,0.07183630216671402,-0.07300418986673957,0
0.7030603089301167,0.58280578588677,0.07037621836937923,0.24145052329836475,1
0.7147164246478521,0.776855560080299,0.07520522883534653,-0.028230083415117346,0
0.7302535358494581,0.5807401840619929,0.07464062716704419,0.28720097786168736,1
0.741868339530698,0.7747227214794283,0.08038464672427793,0.018961309432427575,1
0.7573627939602865,0.9686053554189897,0.08076387291292648,-0.24731589726651754,1
0.7767349010686663,1.1624865446822736,0.07581755496759614,-0.5134709364702166,0
0.7999846319623117,0.9663832287125195,0.0655481362381918,-0.19789199135233398,0
0.8193122965365621,0.7703879434503971,0.06159029641114513,0.1147269388665017,0
0.83472005540557,0.5744400389269089,0.06388483518847517,0.4261875966981996,0
0.8462088561841082,0.3784741312170111,0.07240858712243917,0.7383061879054209,1
0.8537783388084484,0.5725254218257196,0.08717471088054758,0.46926150455733456,1
0.8652288472449629,0.7663147039658329,0.09655994097169428,0.20527831404734503,1
0.8805551413242795,0.9599327174904212,0.10066550725264117,-0.05545128482929479,0
0.8997537956740879,0.7635222533810917,0.09955648155605527,0.26721862050008366,1
0.9150242407417097,0.9570928384372734,0.10490085396605695,0.007521763557963523,1
0.9341660975104552,1.150566164955346,0.10505128923721621,-0.25030860804036187,0
0.9571774208095621,0.9541131461690117,0.10004511707640898,0.07357471028315432,1
0.9762596837329424,1.1476691044302296,0.10151661128207207,-0.1859432361115974,0
0.999213065821547,0.951252260839716,0.09779774655984012,0.1369598309770998,1
1.0182381110383414,1.1448473091489186,0.10053694317938212,-0.12333840679342423,0
1.0411350572213198,0.9484394685755999,0.09807017504351363,0.19929378042119839,0
1.0601038465928319,0.7520615984944335,0.1020560506519376,0.5212316203315283,0
1.0751450785627206,0.5556623175449483,0.11248068305856816,0.8442501056209988,1
1.0862583249136195,0.7490844477753837,0.12936568517098815,0.5889499779639076,1
1.1012400138691272,0.942180252834687,0.1411446847302663,0.3396540707983642,1
1.120083618925821,1.1350413226814537,0.1479377661462336,0.09459818661231989,1
1.14278444537945,1.3277673536527226,0.14982972987848,-0.14799795475154345,0
1.1693397924525044,1.130852868812981,0.14686977078344915,0.1879498908662636,1
1.191956849828764,1.323601652553502,0.15062876860077443,-0.05503594349569976,0
1.218428882879834,1.126676899609091,0.14952804973086042,0.2811240784290725,1
1.2409624208720158,1.319384780970467,0.15515053129944187,0.039085364852011084,1
1.2673501164914251,1.5119808984163465,0.1559322385964821,-0.20090722120489757,0
1.297589734459752,1.315012443300552,0.15191409417238413,0.13661930975523706,1
1.3238899833257631,1.5076690147786764,0.15464648036748888,-0.10454621998574057,0
1.3540433636213367,1.3107079679036868,0.15255555596777406,0.23265462165298675,1
1.3802575229794105,1.503358331914621,0.1572086484008338,-0.008287185061001429,0
1.4103246896177029,1.3063720550881674,0.15704290469961377,0.3295776182855097,0
1.4364521307194662,1.1094038314643897,0.16363445706532395,0.6673752101343049,1
1.458640207348754,1.301917653848908,0.17698196126801005,0.4303560776226213,1
1.4846785604257322,1.4941499113585546,0.1855890828204625,0.19827331718965338,1
1.5145615586529033,1.686199537729883,0.18955454916425557,-0.03060372099338174,0
1.548285549407501,1.4889363624866931,0.18894247474438794,0.31538695714675713,1
1.5780642766572348,1.6809352711749486,0.19525021388732308,0.0877331499993746,0
1.6116829820807337,1.483628649893095,0.19700487688731058,0.43510912154470593,1
1.6413555550785957,1.6754960954486362,0.2057070593182047,0.2104203369303194,0
-0.04003605284196163,-0.04972851970942957,-0.019318501922213384,-0.027278771973642105,0
-0.04103062323615022,-0.24456817834066058,-0.019864077361686227,0.25924689509496696,0
-0.04592198680296343,-0.43940100251173764,-0.014679139459786886,0.5455988204763347,1
-0.054710006853198184,-0.24407590351412917,-0.0037671630502601923,0.24832722546777725,1
-0.05959152492348077,-0.0489003554856092,0.0011993814590953531,-0.045541562516715206,0
-0.06056953203319296,-0.24403948460725608,0.00028855020876104897,0.24751953869716065,1
-0.06545032172533807,-0.04892165556137332,0.005238940982704262,-0.04507235892715339,0
-0.06642875483656555,-0.244118337097044,0.004337493804161194,0.2492588868890544,1
-0.07131112157850643,-0.0490585967133805,0.009322671541942282,-0.04205275214208409,0
-0.07229229351277404,-0.24431298318431488,0.0084816164991006,0.25355692589565804,1
-0.07717855317646033,-0.04931315934191269,0.013552755017013762,-0.03643872368103107,1
-0.07816481636329858,0.1456118473012509,0.01282398054339314,-0.32481499360294364,0
-0.07525257941727356,-0.04969032845577004,0.006327680671334267,-0.028115671433646294,0
-0.07624638598638897,-0.24490244866412805,0.005765367242661341,0.26655697244831933,1
-0.08114443495967152,-0.04986325412527126,0.011096506691627728,-0.02430194854627543,1
-0.08214170004217695,0.14509781993898863,0.010610467720702219,-0.31346324928272645,0
-0.07923974364339718,-0.050173663836649784,0.004341202735047689,-0.017453092531552694,0
-0.08024321692013019,-0.2453576030312313,0.003992140884416635,0.27659636702643253,1
-0.08515036898075481,-0.05029283384580194,0.009524068224945286,-0.014824768864291737,1
-0.08615622565767085,0.14469124449770115,0.009227572847659451,-0.30448758780934654,0
-0.08326240076771683,-0.05056098501811673,0.0031378210914725204,-0.008908844546942352,0
-0.08427362046807917,-0.245727796041464,0.0029596442005336734,0.28476244867853057,1
-0.08918817638890844,-0.05064818109418742,0.008654893174104285,-0.0069855580196793166,1
-0.09020114001079219,0.1443485841488707,0.008515182013710699,-0.29692524413397237,0
-0.08731416832781477,-0.05089371309032828,0.0025766771310312513,-0.0015689824714524847,0
-0.08833204258962134,-0.24605252265297986,0.0025452974816022014,0.29192580232803533,1
-0.09325309304268094,-0.050966955423375176,0.008383813528162908,4.671603683836789e-05,1
-0.09427243215114844,0.14403376240056973,0.008384747848899676,-0.28997926875084,0
-0.09139175690313706,-0.051206740553946056,0.002585162473882876,0.005336278083615753,1
-0.09241589171421598,0.14387804049235464,0.002691888035555191,-0.2865298787424151,0
-0.08953833090436888,-0.05128219706619766,-0.003038709539293111,0.007000831086165005,0
-0.09056397484569284,-0.24636043735520682,-0.002898692917569811,0.2987234613124372,1
-0.09549118359279697,-0.051197287215908965,0.0030757763086789332,0.005127751460468344,1
-0.09651512933711515,0.143880418190189,0.0031783313378883,-0.2865831457059945,0
-0.09363752097331136,-0.05128671571773141,-0.00255333157623159,0.0071005043441709215,0
-0.09466325528766599,-0.2463719556479806,-0.0024113214893481715,0.2989767316783475,1
-0.0995906944006256,-0.05121571599618799,0.003568213144218778,0.0055342954171545555,1
-0.10061500872054936,0.14385488063507743,0.003678899052561869,-0.2860206843430902,0
-0.09773791110784781,-0.05131934400001936,-0.002041514634299935,0.007820265333846221,0
-0.09876429798784819,-0.24641195761995616,-0.0018851093276230106,0.29985837105078705,1
-0.10369253714024732,-0.051263187346446026,0.00411205809339273,0.006581513942241157,1
-0.10471780088717624,0.14379955044178286,0.004243688372237553,-0.2848011773310818,0
-0.10184180987834057,-0.05138266773749886,-0.0014523351743840826,0.009217154316987108,0
-0.10286946323309056,-0.24648376038353642,-0.0012679920880443404,0.30144149825318156,1
-0.10779913844076128,-0.05134375968681809,0.004760837877019291,0.008358942944228676,1
-0.10882601363449763,0.1437095920215568,0.004928016735903864,-0.2828180878285823,0
-0.1059518217940665,-0.05148230161962106,-0.0007283450206677818,0.01141502846905379,1
-0.10698146782645891,0.14365008746279975,-0.000500044451286706,-0.28149761093540565,0
-0.10410846607720292,-0.05146472747643108,-0.006129996669994819,0.011027561820356802,0
-0.10513776062673154,-0.24649823225951953,-0.005909445433587682,0.3017701147182492,1
-0.11006772527192193,-0.05129255672445257,0.00012595686077730185,0.007229347218144722,1
-0.11109357640641099,0.1438275878692826,0.0002705438051401963,-0.2854138360337825,0
-0.10821702464902534,-0.051298220797844296,-0.005437732915535454,0.007354406133127267,0
-0.10924298906498223,-0.2463417668055724,-0.0052906447928729086,0.29831671413373645,1
-0.11416982440109368,-0.05114480053938189,0.0006756894898018208,0.003969920219529299,1
-0.11519272041188132,0.1439674537993437,0.0007550878941924067,-0.2884997417838811,0
-0.11231337133589445,-0.05116525702607047,-0.005014906941485216,0.0044212368317239625,0
-0.11333667647641586,-0.24621492951677568,-0.0049264822048507365,0.2955176900938121,1
-0.11826097506675137,-0.05102309284667894,0.0009838715970255062,0.001285108184648831,1
-0.11928143692368495,0.14408473440562325,0.0010095737607184827,-0.29108723284218924,0
-0.11639974223557249,-0.051051597559688466,-0.004812170896125302,0.0019139305730754286,0
-0.11742077418676626,-0.24610420579169068,-0.0047738922846637935,0.2930746825211944,1
-0.12234285830260007,-0.05091451654001625,0.0010876013657600946,-0.001110034076562516,1
-0.12336114863340039,0.14419182001107841,0.0010654006842288444,-0.2934496110746674,0
-0.12047731223317883,-0.05094530488797536,-0.004803591537264503,-0.00043086210614756704,0
-0.12149621833093834,-0.24599803731570505,-0.004812208779387455,0.29073261050417165,1
-0.12641617907725244,-0.050807800612930665,0.0010024434306959784,-0.003464138410255946,1
-0.12743233508951105,0.1442997597761533,0.0009331606624908595,-0.295830613627988,0
-0.12454633989398797,-0.050835482217421984,-0.004983451610068901,-0.00285352888385082,0
-0.1255630495383364,-0.24588561023265798,-0.005040522187745917,0.28825290141582066,1
-0.13048076174298956,-0.050692143241076515,0.0007245358405704961,-0.006015486887111288,1
-0.1314946046078111,0.1444194096089457,0.0006042261028282703,-0.2984697258254804,0
-0.1286062164156322,-0.05071114936819007,-0.005365168413681338,-0.005596298326395188,0
-0.129620439402996,-0.24575574705841594,-0.005477094380209242,0.2853890354990465,1
-0.1345355543441643,-0.05055611153322084,0.00023068632977168817,-0.009016283715174822,1
-0.13554667657482872,0.14456253056537988,5.036065546819171e-05,-0.3016264172951227,0
-0.13265542596352112,-0.05056013839343207,-0.005982167690434262,-0.008927608195355319,0
-0.13366662873138976,-0.24559578838873675,-0.006160719854341368,0.2818618852944779,1
-0.13857854449916449,-0.05038650529084146,-0.0005234821484518095,-0.012757722751091827,1
-0.13958627460498133,0.14474294943166943,-0.000778636603473646,-0.3056057684754605,0
-0.13669141561634793,-0.050367897295564346,-0.006890751972982856,-0.013168506241010847,0
-0.1376987735622592,-0.24539035178078403,-0.0071541220978030735,0.27733236535668504,1
-0.1426065805978749,-0.05016707139902629,-0.0016074747906693722,-0.017598355343125593,1
-0.14360992202585543,0.1449778959396855,-0.001959441897531884,-0.3107880255488841,0
-0.14071036410706173,-0.050116083923955446,-0.008175202408509566,-0.018723693087191184,0
-0.14171268578554083,-0.2451198451938982,-0.00854967627025339,0.2713686914851933,1
-0.1466150826894188,-0.04987694356534392,-0.0031223024405495235,-0.023998531476030205,0
-0.1476126215607257,-0.24495397929118287,-0.0036022730700701277,0.2676976403666215,1
-0.15251170114654936,-0.04978080381483377,0.0017516797372623028,-0.026119289362390663,1
-0.15350731722284602,0.145315983168823,0.0012292939500144896,-0.31824902728501403,0
-0.15060099755946957,-0.049823454860870975,-0.005135686595685791,-0.02517867907588056,0
-0.151597466656687,-0.2448713808711118,-0.005639260177203402,0.26587946639384363,1
-0.15649489427410923,-0.049669399262226493,-0.0003216708493265297,-0.02857678398544633,1
-0.15748828225935377,0.14545716345407586,-0.0008932065290354563,-0.3213611841453495,0
-0.15457913899027226,-0.04965205648787818,-0.007320430211942446,-0.028960073663250485,0
-0.15557218012002982,-0.24466826709658757,-0.007899631685207456,0.2614042170260944,1
-0.16046554546196157,-0.04943444638935163,-0.0026715473446855672,-0.033759844087293434,0
-0.1614542343897486,-0.24451798498468172,-0.0033467442264314357,0.25807898556369707,1
-0.16634459408944224,-0.04934841433877912,0.0018148354848425054,-0.03565767184604535,1
-0.16733156237621782,0.14574746477489853,0.0011016820479215986,-0.32776744724712886,0
-0.16441661308071986,-0.04939015336631039,-0.005453666897020979,-0.03473730320811064,0
-0.16540441614804607,-0.24443347452815206,-0.006148412961183191,0.2562199576213307,1
-0.17029308563860912,-0.0492242820350452,-0.0010240138087565772,-0.038395918540201635,1
-0.17127757127931004,0.14591233858567698,-0.0017919321795606099,-0.3314017560126356,0
-0.1683593245075965,-0.049184059923254614,-0.008419967299813322,-0.03928445587192586,0
-0.1693430057060616,-0.24418426333434742,-0.00920565641725184,0.25073003964103724,1
-0.17422669097274854,-0.048932072267715065,-0.004191055624431095,-0.044842261952372064,0
-0.17520533241810285,-0.24399367584256132,-0.005087900863478536,0.24651540698215813,0
-0.18008520593495408,-0.439042592576669,-0.00015759272383537339,0.5375891588066224,1
-0.18886605778648746,-0.24391842603528022,0.010594190452297075,0.24485658036842317,1
-0.19374442630719307,-0.04894938108825575,0.015491322059665538,-0.04446594143948468,1
-0.1947234139289582,0.14594704529906086,0.014602003230875845,-0.3322212366096901,1
-0.19180447302297698,0.3408581438015312,0.007957578498682043,-0.6202638795343463,0
-0.18498731014694636,0.14562596544271825,-0.004447699092004882,-0.3250853805830779,0
-0.182074790838092,-0.049432376335163286,-0.01094940670366644,-0.033808381120366715,0
-0.18306343836479527,-0.244395611571632,-0.011625574326073774,0.25539988012680537,1
-0.18795135059622792,-0.04910961859656829,-0.006517576723537666,-0.04092715616107845,0
-0.18893354296815928,-0.24413750534763298,-0.007336119846759235,0.24969230658297448,1
-0.19381629307511195,-0.04891156220477777,-0.0023422737150997457,-0.04529552795729025,1
-0.1947945243192075,0.14624389749464292,-0.0032481842742455506,-0.33871654234619564,0
-0.19186964636931464,-0.048831683308959956,-0.010022515121169464,-0.047059679274908506,0
-0.19284628003549384,-0.24380849523118514,-0.010963708706667635,0.24244427943331492,1
-0.19772244994011753,-0.04853166714818219,-0.006114823118001336,-0.053676624020028096,0
-0.1986930832830812,-0.24356540863748005,-0.007188355598401898,0.23707077204858862,1
-0.2035643914558308,-0.04834150168879489,-0.0024469401574301252,-0.05787088097834825,1
-0.2045312214896067,0.14681544859814652,-0.0036043577769970902,-0.35132482971853735,1
-0.20159491251764378,0.3419884715754295,-0.010630854371367838,-0.6451421414011292,0
-0.19475514308613517,0.14701626646855875,-0.023533697199390424,-0.3558257719970851,0
-0.191814817756764,-0.047763316511650444,-0.030650212639332125,-0.07065556893041092,0
-0.19277008408699703,-0.24243274610266569,-0.03206332401794034,0.21220167497752102,1
-0.19761873900905033,-0.04686738943098229,-0.02781929051838992,-0.0904205858959522,1
-0.19855608679766998,0.14864203503350146,-0.029627702236308964,-0.3917490659557602,0
-0.19558324609699995,-0.04604719442604091,-0.03746268355542417,-0.10855265631271777,0
-0.19650418998552077,-0.2406128381445577,-0.03963373668167852,0.17207958259535439,0
-0.20131644674841193,-0.4351457756076412,-0.03619214502977144,0.45200056652600834,1
-0.21001936226056475,-0.23953118184883684,-0.02715213369925127,0.148132659532469,1
-0.2148099858975415,-0.04403114537592201,-0.02418948050860189,-0.15299105070412933,0
-0.21569060880505994,-0.23879853444362062,-0.027249301522684476,0.13196354999889826,0
-0.22046657949393236,-0.43351977032967204,-0.02461003052270651,0.4159266683270292,1
-0.2291369749005258,-0.2380578312674286,-0.01629149715616593,0.11558792327995987,1
-0.23389813152587438,-0.042706283302320264,-0.013979738690566733,-0.18219000120715978,0
-0.23475225719192078,-0.23762543627212243,-0.017623538714709928,0.10605024916974126,1
-0.23950476591736322,-0.042255422934634496,-0.015502533731315103,-0.1921403143404638,0
-0.2403498743760559,-0.2371522121044069,-0.01934534001812438,0.09561217831055119,1
-0.24509291861814403,-0.04175841205165662,-0.017433096451913356,-0.20311085524731604,0
-0.24592808685917716,-0.23662676646610942,-0.02149531355685968,0.08402218949941803,1
-0.2506606221884993,-0.04120338992120803,-0.01981486976687132,-0.2153642921511832,0
-0.25148468998692347,-0.23603654124233614,-0.02412215560989498,0.07100287333516137,0
-0.25620542081177017,-0.43080450734178044,-0.022702098143191754,0.3559786021552982,1
-0.2648215109586058,-0.23536726197764835,-0.01558252610008579,0.05622443141842004,1
-0.26952885619815875,-0.04002538911023423,-0.014458037471717389,-0.24133388190804606,0
-0.27032936398036345,-0.23493786028352875,-0.01928471510987831,0.04675375283138866,1
-0.27502812118603404,-0.03954476413726951,-0.018349640053250536,-0.25195074784429655,0
-0.27581901646877943,-0.23439994991973026,-0.02338865501013647,0.03488833361209981,0
-0.28050701546717405,-0.4291788287828896,-0.022690888337894472,0.32010110558081967,1
-0.28909059204283183,-0.23374119845199678,-0.01628886622627808,0.02034957779712049,1
-0.2937654160118718,-0.03838948121161989,-0.01588187467033567,-0.2774278397365645,0
-0.2945332056361042,-0.23328129726044172,-0.02143043146506696,0.010203941499093871,0
-0.299198831581313,-0.4280894555447921,-0.021226352635085082,0.296049015708504,1
-0.30776062069220883,-0.23267143517593683,-0.015305372320915002,-0.003252061016830732,1
-0.3124140493957276,-0.037333364898933935,-0.015370413541251618,-0.30072445177943746,0
-0.31316071669370626,-0.23223290380487155,-0.021384902576840368,-0.012928400097823922,1
-0.3178053747698037,-0.03681089698371612,-0.021643470578796845,-0.3122810681279629,0
-0.318541592709478,-0.2316179289279166,-0.027889091941356102,-0.02650164263531296,0
-0.32317395128803633,-0.42632905764347334,-0.02841912479406236,0.25725314269599414,1
-0.3317005324409058,-0.2308131397520181,-0.023274061940142476,-0.044256409336083324,1
-0.33631679523594615,-0.035365314645363105,-0.02415919012686414,-0.3441907041369428,0
-0.3370241015288534,-0.2301353980339205,-0.031043004209602997,-0.05922294645504422,1
-0.34162680948953184,-0.03458242133602446,-0.03222746313870388,-0.36153626419171375,0
-0.3423184579162523,-0.22923182505933454,-0.039458188422538155,-0.07918700313892763,0
-0.346903094417439,-0.42376656613545327,-0.04104192848531671,0.2007902801510334,1
-0.35537842574014805,-0.2280823930865856,-0.03702612288229604,-0.10455174021050229,0
-0.35994007360187974,-0.4226547064136371,-0.03911715768650609,0.17622350027746414,1
-0.36839316773015246,-0.22699541015107583,-0.0355926876809568,-0.12853844307493456,1
-0.372933075933174,-0.03138213713104443,-0.038163456542455496,-0.43223455516908177,0
-0.3735607186757949,-0.2259435299322446,-0.04680814764583713,-0.1518222996418535,0
-0.37807958927443974,-0.42036506978348076,-0.049844593638674196,0.12573401419987873,1
-0.3864868906701094,-0.22456579120172163,-0.04732991335467662,-0.1822483773622549,0
-0.39097820649414383,-0.4189796657319492,-0.05097488090192172,0.09513606259810647,1
-0.39935779980878283,-0.22316557361246497,-0.04907215964995959,-0.21318367558054724,0
-0.40382111128103215,-0.417552838752998,-0.053335833161570534,0.06362479264341475,1
-0.41217216805609214,-0.22170836029961158,-0.05206333730870224,-0.24539748483922003,0
-0.41660633526208435,-0.41604954298166374,-0.05697128700548664,0.030419586702243928,0
-0.42492732612171763,-0.6103101752779988,-0.05636289527144176,0.30459727612530196,1
-0.4371335296272776,-0.4144321906217058,-0.05027094974893572,-0.005315048080904217,1
-0.4454221734397117,-0.21862667268318353,-0.05037725071055381,-0.3134257129017723,0
-0.44979470689337536,-0.4129961248406116,-0.05664576496858925,-0.03704606716523545,1
-0.4580546293901876,-0.217109545229762,-0.05738668631189396,-0.34704960040580873,0
-0.46239682029478285,-0.41137027338032417,-0.06432767832001013,-0.07300061262326635,0
-0.4706242257623893,-0.6055138461522369,-0.06578769057247545,0.1987131256366429,1
-0.48273450268543405,-0.4095156357681151,-0.061813428059742596,-0.1139758384584239,1
-0.49092481540079635,-0.21356494262097214,-0.06409294482891108,-0.4255021030635317,0
-0.4951961142532158,-0.40772325588060154,-0.07260298689018171,-0.15369304376926418,0
-0.5033505793708278,-0.6017346026624953,-0.075676847765567,0.11523077914909069,0
-0.5153852714240778,-0.7956952318127827,-0.07337223218258519,0.3831112504320453,1
-0.5312991760603334,-0.5996123861533573,-0.06571000717394429,0.0682262469863733,0
-0.5432914237834006,-0.7937337263441913,-0.06434548223421682,0.3394750071737674,1
-0.5591660983102844,-0.5977580306215045,-0.057555982090741475,0.02721528803930201,1
-0.5711212589227145,-0.40185993742193027,-0.057011676329955435,-0.283057391395038,0
-0.579158457671153,-0.5961243306757317,-0.06267282415785619,-0.008886595258353613,0
0.03911264318788554,-0.012184409101666592,0.024827648509253758,-0.001552025863547822,1
0.03886895500585221,0.18257284127203247,0.024796607991982803,-0.2862992892146114,0
0.04252041183129286,-0.01289380874118301,0.019070622207690575,0.014100005912978608,1
0.0422625356564692,0.1819495274360189,0.01935262232595015,-0.2725054301512561,0
0.04590152620518958,-0.013443143533837243,0.013902513722925027,0.02621800940171015,0
0.04563266333451283,-0.20876168003128737,0.01442687391095923,0.323254708614373,1
0.04145742973388708,-0.013848100096537447,0.02089196808324669,0.03515611819023723,1
0.041180467731956334,0.18096812112504776,0.021595090447051435,-0.25086264994733243,0
0.04479983015445729,-0.014455445836732417,0.016577837448104787,0.04855281475192147,1
0.04451072123772264,0.18042491810178488,0.017548893743143217,-0.23885390265457618,0
0.04811921959975834,-0.014943279590187097,0.012771815690051692,0.05931238025872326,1
0.0478203540079546,0.17999324230411282,0.013958063295226157,-0.22931374274809135,0
0.05142021885403685,-0.015325361696296669,0.009371788440264331,0.06773916099362004,0
0.05111371162011092,-0.21058041346072806,0.010726571660136732,0.3633641422030512,1
0.04690210335089636,-0.015612544846092008,0.017993854504197757,0.07408271536843769,1
0.04658985245397452,0.17924688426498328,0.01947550881156651,-0.21286920330735293,0
0.050174790139274186,-0.01614802053687328,0.015218124745419451,0.08589300899036345,1
0.04985182972853672,0.17875252125673355,0.01693598492522672,-0.20194999541570208,0
0.05342688015367139,-0.016607496790490617,0.012896985016912678,0.09602694822170371,1
0.053094730217861576,0.1783272569699248,0.014817523981346751,-0.19255925632603704,0
0.05666127535726007,-0.017003494307962552,0.010966338854826011,0.10476089884803963,1
0.056321205471100824,0.17795959806929898,0.013061556831786805,-0.1844421161103958,0
0.059880397432486805,-0.01734678227768438,0.009372714509578889,0.11233245320895374,1
0.05953346178693312,0.1776396204420167,0.011619363573757964,-0.17737876640232736,0
0.06308625419577345,-0.017646668700961293,0.008071788245711416,0.1189469094139749,0
0.06273332082175422,-0.2128833339911357,0.010450726433990915,0.41416544707296776,1
0.0584756541419315,-0.017911059751540365,0.01873403537545027,0.12479546402634484,1
0.05811743294690069,0.17693756228766605,0.02122994465597717,-0.16191869764941164,0
0.061656184192654014,-0.018481779215462513,0.017991570702988936,0.137385393797137,1
0.06128654860834477,0.17637791873758432,0.020739278578931677,-0.1495676114152516,0
0.06481410698309645,-0.019034777056443797,0.017747926350626643,0.14958530750972526,1
0.06443341144196757,0.17582859305698206,0.02073963250082115,-0.13744609759950244,1
0.06794998330310721,0.37064744442365266,0.0179907105488311,-0.42351451363747017,0
0.07536293219158026,0.17527531024818677,0.009520420276081696,-0.12521475395386106,0
0.07886843839654399,-0.019981728934152537,0.007016125197004475,0.17045649285885278,1
0.07846880381786094,0.1750391005326706,0.01042525505418153,-0.12000482741299162,0
0.08196958582851435,-0.02023065394459353,0.008025158505921698,0.17594885660440024,1
0.08156497274962247,0.17477553314727456,0.011544135638009703,-0.11419163354624412,0
0.08506048341256797,-0.02050991211242212,0.00926030296708482,0.182110916214963,1
0.08465028517031953,0.17447831657748056,0.01290252129138408,-0.10763639609790854,0
0.08813985150186913,-0.020826130418600847,0.010749793369425909,0.18908912575658082,1
0.08772332889349711,0.1741403914134474,0.014531575884557526,-0.10018338130788146,0
0.09120613672176606,-0.021186774414709675,0.012527908258399896,0.19704856598527465,1
0.09078240123347187,0.17375376303711462,0.01646887957810539,-0.09165618509286871,0
0.09425747649421416,-0.021600321760102154,0.014635755876248014,0.20617683619261595,1
0.09382547005901212,0.1733093135183677,0.018759292600100334,-0.08185354565758479,1
0.09729165632937947,0.36815739808755815,0.017122221686948637,-0.3685593385710787,0
0.10465480429113064,0.1727963964953282,0.009751034915527063,-0.07052710347879543,0
0.1081107322210372,-0.022463984215709415,0.008340492845951154,0.22521630212239574,1
0.10766145253672302,0.17253777786165034,0.01284481888839907,-0.06482409078470242,0
0.11111220809395603,-0.02276595628463876,0.011548337072705021,0.2318836163970075,1
0.11065688896826326,0.17218909304691637,0.01618600940064517,-0.05713432218176795,0
0.11410067082920158,-0.023161152654410294,0.015043322957009811,0.240611141785134,1
0.11363744777611338,0.17174271038496866,0.01985554579271249,-0.04728900297156524,1
0.11707230198381276,0.3665744025970705,0.018909765733281188,-0.33364178804990274,0
0.12440379003575416,0.1711884873536545,0.012236929972283133,-0.03505617327744154,0
0.12782755978282725,-0.02410678746160272,0.011535806506734303,0.2614623738492022,1
0.1273454240335952,0.17084860922148717,0.016765053983718345,-0.027559811756418473,0
0.13076239621802493,-0.024509702594660315,0.016213857748589976,0.27036517032761065,1
0.13027220216613172,0.17037716668491287,0.02162116115514219,-0.017160043875257158,1
0.13367974549982997,0.36518247928379977,0.021277960277637047,-0.3029435893998085,0
0.14098339508550597,0.1697638409663839,0.015219088489640879,-0.0036267382106306423,0
0.14437867190483367,-0.02557303007226916,0.015146553725428266,0.2938188752521262,1
0.14386721130338828,0.16932973475452814,0.02102293123047079,0.005951179563242037,1
0.14725380599847884,0.3641439767967294,0.021141954821735632,-0.28002532375544126,0
0.15453668553441344,0.1687269169850439,0.015541448346626806,0.019250029107972022,0
0.15791122387411433,-0.02661442777048617,0.01592644892878625,0.3167956622664029,1
0.15737893531870462,0.16827709594770324,0.022262362174114307,0.029177629879933664,1
0.16074447723765867,0.36307283331051143,0.02284591477171298,-0.2563989778630131,0
0.1680059339038689,0.1676322800349917,0.017717935214452717,0.043401464485625596,1
0.17135857950456873,0.3624957402976498,0.018585964504165227,-0.24363904727730118,0
0.17860849431052173,0.16711331472916663,0.013713183558619203,0.05484793211056893,0
0.18195076060510507,-0.02820255135974581,0.014810142200830581,0.3518257342156282,1
0.18138670957791014,0.16670569233518695,0.021846656885143145,0.06384945414759585,1
0.18472082342461388,0.3615077151667597,0.02312364596809506,-0.22186144584589335,0
0.19195097772794908,0.16606301090523432,0.018686417051177195,0.07802498146703163,1
0.19527223794605378,0.3609121671186964,0.020246916680517826,-0.20870423905242041,0
0.2024904812884277,0.1655066456423718,0.01607283189946942,0.09029615397010254,0
0.20580061420127513,-0.029841953680438515,0.01787875497887147,0.38800641372202765,1
0.20520377512766635,0.165021713320734,0.025638883253312025,0.10101370202276472,1
0.20850420939408104,0.35976701676335077,0.02765915729376732,-0.1834712403222396,0
0.21569954972934804,0.16426044448461058,0.02398973248732253,0.11780720454292237,1
0.21898475861904027,0.35903060435602263,0.026345876578180976,-0.16721166570074614,0
0.22616537070616072,0.16354163433452584,0.023001643264166052,0.13366481947435066,1
0.22943620339285123,0.3583266862105888,0.025674939653653066,-0.15167358291021504,0
0.236602737117063,0.1628466835363493,0.022641467995448767,0.14899738368766563,1
0.23985967078779,0.35763721894018946,0.02562141566920208,-0.1364575072556683,0
0.24701241516659378,0.16215783280571083,0.022892265524088715,0.1641972064463471,1
0.250255571822708,0.356944724306625,0.026176209653015658,-0.12117683651012207,0
0.2573944663088405,0.16145771306977535,0.023752672922813217,0.17964815300776343,1
0.260623620570236,0.35623185294085113,0.027345635982968484,-0.10544801432604362,0
0.267748257629053,0.16072891182460294,0.02523667569644761,0.19573537376440253,1
0.2709628358655451,0.35548095518197725,0.029151383171735663,-0.08888087441262943,0
0.27807245496918465,0.15995354651313745,0.027373765683483074,0.21285492039122744,1
0.28127152589944737,0.3546736502376143,0.03163086409130762,-0.07106892876169923,0
0.28836499890419964,0.15911283636633758,0.030209485516073636,0.2314234820533813,1
0.2915472556315264,0.3537903851777195,0.03483795515714126,-0.051579364454055254,0
0.29862306333508076,0.15818666503888834,0.033806367868060155,0.25188847017387617,1
0.30178679663585856,0.3528099759011162,0.03884413727153768,-0.029942510992522153,1
0.3088429961538809,0.5473539717105069,0.03824528705168724,-0.310121071972531,0
0.319790075588091,0.3517085785870313,0.03204286561223662,-0.005626210843079293,0
0.32682424715983166,0.15614208869504126,0.03193034139537503,0.29699192963809856,1
0.3299470889337325,0.35079465417436007,0.03787017998813701,0.01454783709165497,0
0.3369629820172197,0.15515063674252697,0.038161136729970103,0.318934623001218,1
0.3400659947520702,0.34970889733339705,0.04453982918999446,0.03852635501026652,1
0.3470601726987382,0.5441647834051127,0.04531035629019979,-0.23977782058918579,0
0.35794346836684043,0.34842582913741954,0.04051479987841607,0.06684595621896838,1
0.3649119849495888,0.542944200984873,0.04185171900279544,-0.21278407252944997,0
0.3757708689692863,0.3472496499036811,0.03759603755220644,0.0928015263208109,1
0.3827158619673599,0.5418131296040419,0.03945206807862266,-0.1877868301171956,0
0.3935521245594407,0.34614959397652684,0.03569633147627874,0.1170759946309442,1
0.40047511643897127,0.5407423841961742,0.038037851368897625,-0.16413475092857271,0
0.41128996412289476,0.3450971428869799,0.03475515635032617,0.14030126224265227,0
0.41819190698063435,0.14949510168659938,0.03756118159517922,0.44374309703439435,1
0.42118180901436636,0.3440660145492115,0.046436043535867104,0.1631329761206433,1
0.42806312930535056,0.538493512643421,0.04969870305827997,-0.11454660266954764,0
0.438832999558219,0.34269597542668007,0.047407771004889014,0.1933924730853508,1
0.44568691906675256,0.5371088298330338,0.051275620466596034,-0.0839664988318104,0
0.4564290956634132,0.34129079040050403,0.049596290489959824,0.2244429403302729,1
0.4632549114714233,0.53567010388387,0.054085149296565285,-0.0521921715730323,0
0.4739683135491007,0.33981602750242473,0.05304130586510464,0.25705264571198133,1
0.48076463409914916,0.5341421664762761,0.058182358779344266,-0.018439790988103,0
0.4914474774286747,0.33823616673383655,0.057813562959582204,0.29201792927193987,1
0.4982122007633514,0.5324881856287973,0.063653921545021,0.018114437950361162,1
0.5088619644759274,0.7266422466628459,0.06401621030402822,-0.2538252268673205,0
0.5233948094091843,0.5306674211692812,0.05893970576668181,0.058342791015496,1
0.5340081578325698,0.7248969291501974,0.06010656158699173,-0.2151773261458223,0
0.5485060964155738,0.5289694813671577,0.055803015064075284,0.09584381104884798,1
0.559085486042917,0.7232490748512235,0.05771989128505224,-0.17872438728390194,0
0.5735504675399414,0.5273506730465114,0.0541454035393742,0.13159408901583797,1
0.5840974810008717,0.7216568899150512,0.05677728531969096,-0.1435271298515,0
0.5985306187991727,0.5257697143954471,0.05390674272266096,0.16651371021132122,1
0.6090460130870816,0.7200802422391144,0.05723701692688738,-0.10868778585045841,0
0.6234476179318639,0.5241867862865826,0.055063261209878214,0.20148970441799197,1
0.6339313536575956,0.7184797643007635,0.05909305529823805,-0.07332763792351449,1
0.6483009489436108,0.9127069464705521,0.05762650253976776,-0.34679663101185026,0
0.6665550878730219,0.7168146796357902,0.050690569919530755,-0.03651317073864391,0
0.6808913814657377,0.5210038458432922,0.04996030650475788,0.2717224498879247,0
0.6913114583826035,0.32520590976463415,0.05539475550251637,0.5797351122225962,0
0.6978155765778963,0.1293532251660774,0.0669894577469683,0.8893412425228124,1
0.7004026410812179,0.3235053175807684,0.08477628259742455,0.6184464888881887,1
0.7068727474328332,0.5173471725817336,0.09714521237518832,0.3536223221059214,1
0.7172196908844679,0.7109632240974253,0.10421765881730674,0.09308335288590541,1
0.7314389553664165,0.9044490067345659,0.10607932587502485,-0.1649860571397141,1
0.7495279355011077,1.0979051333929764,0.10277960473223056,-0.42241021806717477,0
0.7714860381689673,0.9014886773856352,0.09433140037088707,-0.0991762890127697,0
0.7895158117166801,0.705150248800875,0.09234787459063168,0.2217143193107982,1
0.8036188166926975,0.8988392153006346,0.09678216097684764,-0.040469455705645085,1
0.8215956009987102,1.092449692346857,0.09597277186273473,-0.30111654581499214,0
0.8434445948456474,0.8961001897333588,0.08995044094643488,0.020225050579052883,1
0.8613665986403145,1.089824721218598,0.09035494195801594,-0.2427771762612176,0
0.8831630930646864,0.8935361153552874,0.08549939843279158,0.07698289495818184,1
0.9010338153717922,1.087334932351881,0.08703905633195522,-0.1875472455608707,0
0.9227805140188298,0.8910825051336271,0.0832881114207378,0.13127420727056238,1
0.9406021641215023,1.0849187380712286,0.08591359556614905,-0.1340138524344051,0
0.9623005388829269,0.8886779436954666,0.08323331851746095,0.1844891813930128,0
0.9800740977568362,0.6924698016101805,0.0869231021453212,0.5022248679489864,0
0.9939234937890398,0.49623709302475527,0.09696759950430092,0.8209858581558187,1
1.0038482356495348,0.6899079226822828,0.1133873166674173,0.5603081366777392,1
1.0176463941031806,0.8832711657536279,0.12459347940097208,0.3053902683825983,1
1.0353118174182532,1.0764177500450614,0.13070128476862405,0.05445200680198048,1
1.0568401724191545,1.2694469963976345,0.13179032490466366,-0.19430540110820937,0
1.0822291123471073,1.072710213344561,0.12790421688249948,0.13687497623118094,1
1.1036833166139985,1.2657902367596705,0.1306417164071231,-0.11287787527972407,0
1.128999121349192,1.0690618414893434,0.12838415890152863,0.21799958917148202,1
1.1503803581789787,1.2621370982748021,0.13274415068495826,-0.03158846178393884,0
1.1756231001444748,1.0653860087238713,0.13211238144927948,0.2998540399108517,1
1.1969308203189521,1.2584017301882413,0.1381094622474965,0.05158156329566718,1
1.222098854922717,1.4513009206764618,0.13914109351340986,-0.19453683154950058,0
1.2511248733362461,1.2544912657717893,0.13525035688241985,0.13860015888076493,0
1.2762146986516818,1.0577174990075995,0.13802236006003515,0.4707077706576393,1
1.2973690486318339,1.2506475669184882,0.14743651547318795,0.22451466716734642,1
1.3223819999702036,1.4433884468765974,0.1519268088165349,-0.01827059254257546,0
1.3512497689077354,1.246451123566148,0.15156139696568338,0.31822755052825863,1
1.3761787913790584,1.439126138289598,0.15792594797624857,0.07691676505772799,0
1.4049613141448503,1.242134192928721,0.1594642832774031,0.41496498105567914,1
1.4298039980034247,1.434679209845688,0.1677635828985167,0.17649588761990476,0
1.4584975822003385,1.2376033055075242,0.17129350065091478,0.5170509801789771,1
1.483249648310489,1.4299519512313426,0.18163452025449434,0.2828648910939674,1
1.511848687335116,1.6220812950397736,0.18729181807637368,0.05251914776403599,0
1.5442903132359116,1.4248365571303867,0.18834220103165442,0.3979545948470308,1
1.5727870443785192,1.616857221565268,0.19630129292859502,0.17006296251190067,0
1.6051241888098247,1.4195465158381257,0.19970255217883304,0.5176875440551375,1
0.02965362986828053,-0.04312256141294765,0.03903676217860545,0.005840179258903566,1
0.028791178640021578,0.15141843457845625,0.039153565763783524,-0.27427510830158536,1
0.0318195473315907,0.34596050208860696,0.03366806359775182,-0.5543563556896531,0
0.03873875737336284,0.15038237415447686,0.022580936483958758,-0.25125887882161463,0
0.041746404856452375,-0.04505462954699216,0.017555758907526465,0.048460121257014765,1
0.04084531226551253,0.14981124426924491,0.01852496133266676,-0.23863251869953406,0
0.043841537150897426,-0.04557038657191878,0.01375231095867608,0.05983566868028656,0
0.04293012941945905,-0.24088679044035388,0.014949024332281811,0.3568256223315786,1
0.03811239361065197,-0.04598052809565581,0.022085536778913385,0.06889374493038963,0
0.03719278304873885,-0.2414120390596324,0.023463411677521178,0.36846213988869475,1
0.032364542267546204,-0.046631201375732706,0.030832654475295075,0.08326891454105284,1
0.031431918240031546,0.14803551646912644,0.03249803276611613,-0.19952901366992026,1
0.03439262856941407,0.34267795231609566,0.028507452492717727,-0.4817857664209969,0
0.04124618761573599,0.14716546159658073,0.01887173716429779,-0.18025613245257993,0
0.0441894968476676,-0.048221384480271245,0.01526661451524619,0.11831991044888696,1
0.04322506915806217,0.14667854013016973,0.01763301272422393,-0.16950769788617387,0
0.04615863996066557,-0.04869130332148672,0.014242858766500454,0.1286853468202072,1
0.045184813894235835,0.1462237491881251,0.016816565702904598,-0.15947031833381364,0
0.04810928887799834,-0.049134871450439405,0.013627159336228324,0.13847001578590729,1
0.04712659144898955,0.14578927704155778,0.01639655965194647,-0.1498827985399263,0
0.050042376989820704,-0.0495635807610135,0.013398903681147944,0.14792747153973013,1
0.04905110537460043,0.14536395912163397,0.016357453111942546,-0.14049843226720954,0
0.05195838455703311,-0.04998840079511527,0.013547484466598356,0.15729978296430502,1
0.050958616541130805,0.14493699290640477,0.016693480125884456,-0.13107863777211576,0
0.0538573563992589,-0.05042005987193052,0.01407190737044214,0.16682376710896485,1
0.052848955201820286,0.14449766429411298,0.017408382712621438,-0.12138686739019205,0
0.05573890848770255,-0.05086931620073096,0.014980645364817597,0.17673700575380263,1
0.05472152216368793,0.14403507901117474,0.018515385479893648,-0.11118263737950779,1
0.057602223743911427,0.33888688930174465,0.016291732732303492,-0.3979670426844445,0
0.06437996152994632,0.14353764288354623,0.008332391878614603,-0.10019250193391255,0
0.06725071438761725,-0.051702728066312736,0.006328541839936351,0.19510758294340996,1
0.06621665982629099,0.1433281285220483,0.01023069349880455,-0.09557226477332048,0
0.06908322239673195,-0.0519389489952779,0.008319248203338141,0.20032079452775792,1
0.06804444341682639,0.14306303573326823,0.0123256640938933,-0.0897262298149672,0
0.07090570413149175,-0.052233397982678426,0.010531139497593956,0.20681982216261507,1
0.06986103617183818,0.14273638980019912,0.014667535940846257,-0.0825225445502819,0
0.07271576396784217,-0.05259271314277031,0.013017085049840619,0.21475169454593568,1
0.07166390970498676,0.14234074406024966,0.017312118940759333,-0.0737968038787179,1
0.07451072458619175,0.33721028268722,0.015836182863184976,-0.3609678009990068,0
0.08125493023993614,0.14186685267906302,0.008616826843204839,-0.06333375391265289,0
0.0840922672935174,-0.05337757589207617,0.007350151764951781,0.2320553321224072,1
0.08302471577567588,0.1416385824467518,0.011991258407399924,-0.05830007848825269,0
0.08585748742461093,-0.053653230106119776,0.01082525683763487,0.23814192528066347,1
0.08478442282248853,0.14131241046220372,0.015588095343248138,-0.05110683692868001,1
0.0876106710317326,0.3362074166286134,0.014565958604674538,-0.33883111449761677,0
0.09433481936430488,0.14088126132713719,0.007789336314722202,-0.04159072194024599,0
0.09715244459084763,-0.05435151598361343,0.006957521875917283,0.25353960165955125,1
0.09606541427117536,0.140670402990951,0.012028313909108308,-0.0369407015664715,0
0.09887882233099438,-0.05462195186438318,0.011289499877778879,0.25951287876659,1
0.09778638329370672,0.14033702884143756,0.01647975745311068,-0.029587913978525615,1
0.10059312387053547,0.3352188207681811,0.015887999173540165,-0.31702607852839454,0
0.10729750028589909,0.13987421633750183,0.009547477602972275,-0.01937527877524764,0
0.11009498461264912,-0.05538334557041996,0.009159972027467322,0.27630463103013564,1
0.10898731770124072,0.13960673075085547,0.014686064648070036,-0.01347521892661685,0
0.11177945231625783,-0.05572272487274918,0.014416560269537698,0.28380491631226706,1
0.11066499781880285,0.13919066928604318,0.02009265859578304,-0.00429647085792878,1
0.11344881120452371,0.3340187858179329,0.020006729178624463,-0.29057281221430725,0
0.12012918692088237,0.1386173554435359,0.014195272934338317,0.00835226141198514,0
0.12290153402975308,-0.0567052687431516,0.01436231816257802,0.3054799492933864,1
0.12176742865489006,0.13820909995439865,0.020471917148445748,0.017360926746397276,1
0.12453161065397803,0.3330315684124717,0.020819135683373693,-0.268793217354059,0
0.13119224202222746,0.13761879056719037,0.015443271336292513,0.030382811184239356,1
0.13394461783357126,0.33251591095072786,0.0160509275599773,-0.25738786734522423,0
0.1405949360525858,0.1371685250509947,0.010903170213072817,0.04031423654971644,0
0.1433383065536057,-0.05810806536458635,0.011709454944067145,0.33641718014476346,1
0.14217614524631397,0.13684530758046623,0.018437798546962415,0.047449669320698495,1
0.1449130513979233,0.331698087878607,0.019386791933376384,-0.2393594163816582,0
0.15154701315549543,0.1363046277722448,0.014599603605743219,0.05937505666335868,1
0.15427310571094033,0.33121423963597907,0.01578710473901039,-0.2286660721985629,0
0.16089739050365992,0.13587028326193457,0.011213783295039133,0.06895456454535237,0
0.16361479616889862,-0.0594106277896464,0.012592874585946181,0.36515429723389226,1
0.1624265836131057,0.135530118513859,0.019895960530624028,0.07646857009840896,1
0.16513718598338287,0.3303612788751772,0.021425331932592207,-0.20987130303637302,0
0.1717444115608864,0.13493963462326033,0.017227905871864745,0.08949245111591353,1
0.1744432042533516,0.32981046433446537,0.019017754894183017,-0.19770566238828324,0
0.1810394135400409,0.13442173176842215,0.015063641646417353,0.10091532055401148,0
0.18372784817540935,-0.06091282880309612,0.017081948057497583,0.3983124621896905,1
0.18250959159934743,0.13396267348237786,0.025048197301291392,0.11106370369491853,1
0.185188845068995,0.32871690959105104,0.027269471375189765,-0.17361261190438287,0
0.191763183260816,0.13321550477962624,0.02379721913710211,0.12754669839442395,1
0.19442749335640855,0.3279886062271222,0.02634815310499059,-0.1575345094652123,0
0.200987265480951,0.13249952461176787,0.02319746291568634,0.14334279452314852,1
0.20363725597318635,0.32728170644373994,0.02606431880614931,-0.14193242683217477,0
0.21018289010206115,0.13179635128931783,0.023225670269505814,0.15885805162161265,1
0.2128188171278475,0.3265782171769007,0.026402831301938066,-0.12640821393741153,0
0.21935038147138552,0.1310881674657241,0.023874667023189834,0.17448618864518095,1
0.22197214482070002,0.32586043831468314,0.027364390796093454,-0.11057047117289542,0
0.22848935358699368,0.1303572730535793,0.025152981372635545,0.19061861442918349,1
0.23109649904806526,0.3251105235689119,0.028965353661219214,-0.09402465816869426,0
0.2375987095194435,0.1295856487347408,0.02708486049784533,0.20765425311552682,1
0.24019042249413833,0.32431004291863763,0.031237945560155866,-0.07636323342429058,0
0.2466766233525111,0.12875452117195382,0.029710680891670053,0.22600940460523095,1
0.24925171377595015,0.32343953792133273,0.03423086898377467,-0.05715558491774647,1
0.2557205045343768,0.5180543814955423,0.03308775728541974,-0.3388449264712243,0
0.2660815921642876,0.32247761675491937,0.026310858755995252,-0.03591432700452435,0
0.272531144499386,0.1269884364222758,0.025592572215904764,0.264952452175319,1
0.2750709132278315,0.3217359342284391,0.030891621259411143,-0.019549738114347293,0
0.2815056319124003,0.12618489552520423,0.030500626497124195,0.2827175636548214,1
0.2840293298229044,0.32085882510342056,0.03615497777022062,-0.0001917201844253147,1
0.2904465063249728,0.5154441092912503,0.036151143366532114,-0.2812516505800285,0
0.3007553885107978,0.3198256369634922,0.030526110354931545,0.022610458940190536,0
0.30715190125006764,0.12427951269904788,0.030978319533735355,0.32476627485013143,1
0.3096374915040486,0.3189469959042769,0.03747364503073798,0.04201131855697615,1
0.31601643142213415,0.5135121051625674,0.0383138714018775,-0.23861677897570016,0
0.3262866735253855,0.3178643467983183,0.0335415358223635,0.06590100616154587,1
0.33264396046135186,0.5124897506249841,0.034859555945594416,-0.21601353213357904,0
0.34289375547385154,0.3168872390855324,0.030539285302922835,0.08745861665319898,0
0.3492315002555622,0.12134115036659071,0.03228845763598682,0.38961813292489017,1
0.35165832326289403,0.31599029730498124,0.04008082029448462,0.10728775427810655,1
0.35797812920899363,0.5105156427325311,0.04222657538004675,-0.17248531420205238,0
0.36818844206364426,0.31481556326158355,0.03877686909600571,0.1332140557865732,1
0.37448475332887593,0.5093612321720797,0.04144115021173717,-0.1469875365657018,0
0.3846719779723175,0.3136710842670909,0.03850139948042314,0.1584758783713856,1
0.39094539965765934,0.5082212662151742,0.04167091704785085,-0.12181651145409889,0
0.40110982498196285,0.31252783787798377,0.039234586818768874,0.1837165110643565,1
0.40736038173952255,0.5070670757811009,0.042908917040056005,-0.09633576685454215,0
0.41750172325514456,0.3113572412290637,0.04098220170296516,0.2095701251987505,1
0.4237288680797258,0.5058699701882962,0.04517360420694017,-0.06990858862386795,0
0.43384626748349175,0.3101304668987086,0.043775432434462816,0.23667766282084918,1
0.44004887682146593,0.5046005572000198,0.0485089856908798,-0.04188215456704564,0
0.4501408879654663,0.3088177733434194,0.04767134259953889,0.2657026126524023,1
0.4563172434323347,0.503228062273725,0.05298539485258694,-0.011571460285741797,0
0.4663818046778092,0.3073878438196922,0.0527539656468721,0.29734702300568533,1
0.47252956155420306,0.501719641628497,0.058700906106985806,0.02175732154310206,1
0.482563954386773,0.6959527795670014,0.059136052537847844,-0.25184240679926895,0
0.49648300997811307,0.5000384365500703,0.054099204401862465,0.05889128029511409,1
0.5064837787091144,0.6943446517050892,0.055277030007764745,-0.21624422707408614,0
0.5203706717432162,0.49847782807241475,0.05095214546628302,0.09335043389651904,1
0.5303402283046644,0.692833860057543,0.052819154144213405,-0.18283181710473317,0
0.5441969055058153,0.4969974748757394,0.04916251780211874,0.12603470017848933,1
0.5541368550033301,0.6913819114988138,0.05168321180568853,-0.15074170357687572,0
0.5679644932333063,0.49555945135586293,0.04866837773415102,0.15778787047443515,0
0.5778756822604236,0.29977571277293347,0.05182413514363972,0.46541860053413014,1
0.5838711965158823,0.4941285476717067,0.06113250715432232,0.18951022312912996,1
0.5937537674693164,0.6883250552241105,0.06492271161690492,-0.08327863222763798,0
0.6075202685737986,0.492335430999865,0.06325713897235216,0.22916032696236704,1
0.6173669771937959,0.6864990657392791,0.06784034551159951,-0.04291741669636645,0
0.6310969585085814,0.49047320030399,0.06698199717767218,0.2703747779062113,1
0.6409064225146612,0.6845785489019708,0.07238949273579641,-0.0004523511558661708,1
0.6545979934927006,0.8785916909038223,0.07238044571267908,-0.2694459625403449,0
0.6721698273107771,0.6825154740731707,0.06699152646187219,0.04515955227489765,0
0.6858201367922405,0.4865000428153785,0.06789471750737014,0.3582039581206216,1
0.6955501376485481,0.6805944001321784,0.07505879666978257,0.08767891567998809,1
0.7091620256511917,0.8745646887543268,0.07681237498338234,-0.18041073474392988,0
0.7266533194262782,0.6784324077113977,0.07320416028850374,0.13548084519718795,1
0.7402219675805062,0.8724336263173484,0.0759137771924475,-0.1332388073468599,0
0.7576706401068531,0.6763109933356111,0.07324900104551031,0.18239509253843839,1
0.7711968599735654,0.8703125482849196,0.07689690289627908,-0.08631096065334481,0
0.7886031109392637,0.6741773778664185,0.07517068368321218,0.22960780905390105,1
0.8020866584965921,0.8681491419222477,0.0797628398642902,-0.03844880324843114,0
0.8194496413350371,0.671979362924013,0.07899386379932158,0.2782957383217738,1
0.8328892285935173,0.8658907425014445,0.08455977856575705,0.011535757050999462,0
0.8502070434435463,0.6696642844810815,0.08479049370677705,0.3296547126675338,1
0.8636003291331679,0.863483299263259,0.09138358796012773,0.06486919610047759,1
0.880869995118433,1.0571843038438884,0.09268097188213728,-0.1976405662079722,0
0.9020136811953108,0.8608673333848006,0.08872816055797783,0.1227802706314251,1
0.9192310278630068,1.0546134493694495,0.09118376597060633,-0.1406438120882318,0
0.9403232968503958,0.8583118779687497,0.08837088972884169,0.1793561774398162,1
0.9574895344097708,1.0520653922688261,0.09195801327763801,-0.08419276760489441,0
0.9785308422551473,0.8557538120364546,0.09027415792554012,0.23602799967615884,0
0.9956459184958764,0.6594658482141884,0.0949947179190633,0.5557656033028073,0
1.0088352354601602,0.4631475358123667,0.10611002998511945,0.8768018506090138,1
1.0180981861764076,0.6566797027657362,0.12364606699729973,0.619274190526059,1
1.0312317802317224,0.8498775273054694,0.13603155080782092,0.3679492774108465,1
1.0482293307778316,1.0428308272953064,0.14339053635603785,0.12106313763503523,1
1.0690859473237377,1.235638376808163,0.14581179910873857,-0.12316755989888153,1
1.093798714859901,1.428403075578096,0.14334844791076093,-0.3665293361967482,0
1.122366776371463,1.231566005936474,0.13601786118682596,-0.032301855696713566,0
1.1469980964901925,1.0347822200373669,0.1353718240728917,0.3000135878215174,1
1.1676937408909398,1.2277410635918997,0.14137209582932203,0.05290120019608663,1
1.1922485621627779,1.4205826863438382,0.14243011983324377,-0.1920503491937281,0
1.2206602158896547,1.2237409149413119,0.1385891128493692,0.1419554871352871,1
1.2451350341884808,1.4166340058248017,0.14142822259207494,-0.10399503637985935,0
1.2734677143049768,1.2197983571977462,0.13934832186447774,0.22975195657077202,1
1.2978636814489317,1.4126824874501618,0.14394336099589317,-0.015933771706932748,0
1.3261173311979348,1.2158210117599655,0.1436246855617545,0.3184778973748338,1
1.3504337514331342,1.4086365137046994,0.14999424350925117,0.07431321104960362,0
1.378606481707228,1.2117180966090453,0.15148050773024324,0.41030745598802953,1
1.402840843639409,1.4044044082511675,0.15968665685000383,0.1689528815038979,0
1.4309289318044325,1.207399944181069,0.16306571448008178,0.5074484962863713,1
1.4550769306880538,1.3998940987100905,0.1732146844058092,0.2702667809286634,1
1.4830748126622555,1.5921756478391131,0.17862002002438246,0.03683130958570674,0
1.5149183256190377,1.395001831306565,0.1793566462160966,0.38012191131493767,1
1.542818362245169,1.587183972722643,0.18695908444239534,0.14892157893759533,0
1.5745620416996218,1.3899454257834445,0.18993751602114725,0.49427009963866186,1
1.6023609502152907,1.5819526561170494,0.1998229180139205,0.2669453067453368,0
1.6340000033376316,1.3846233238307735,0.20516182414882722,0.615407298603092,1
-0.040519352674844314,0.04626568654087668,-0.023578661642345667,0.031172940601739044,0
-0.03959403894402678,-0.14851033790969165,-0.022955202830310887,0.3163242820445862,1
-0.04256424570222061,0.04693093392743636,-0.016628717189419162,0.016491373519530395,0
-0.04162562702367188,-0.1479486429383353,-0.016298889719028556,0.30388170696554223,1
-0.04458459988243859,0.04740175158400903,-0.01022125557971771,0.006103374585289256,1
-0.04363656485075841,0.24266878732957212,-0.010099188088011924,-0.2897868757261915,0
-0.03878318910416697,0.047692291053579944,-0.015894925602535755,-0.0003061567770773488,0
-0.03782934328309537,-0.1471981395306424,-0.0159010487380773,0.2873196494182894,1
-0.040773306073708215,0.04814692323538125,-0.010154655749711514,-0.010335613064300475,0
-0.03981036760900059,-0.1468279353660127,-0.010361368010997523,0.2791261785637114,1
-0.04274692631632085,0.048440280966556476,-0.004778844439723295,-0.01680661106882253,0
-0.04177812069698972,-0.1466128110543269,-0.0051149766610997455,0.27436471117883826,1
-0.04471037691807626,0.04858174582380381,0.00037231756247701944,-0.0199270905733705,1
-0.04373874200160018,0.2436983556302872,-2.622424899039052e-05,-0.3124925236369044,0
-0.03886477488899444,0.0485767780163211,-0.006276074721728479,-0.019817867245797927,0
-0.03789323932866802,-0.14645460777701846,-0.006672432066644437,0.2708782960230498,1
-0.040822331484208385,0.04876191945778938,-0.0012548661461834407,-0.023901656847298836,0
-0.0398470930950526,-0.14634201338300823,-0.0017328992831294175,0.2683850814427558,1
-0.04277393336271276,0.04880462544221814,0.003634802345725699,-0.02484390941922321,1
-0.0417978408538684,0.24387426234860837,0.003137924157341235,-0.3163778023303519,0
-0.03692035560689624,0.048707756042233014,-0.0031896318892658034,-0.022706935971547826,0
-0.03594620048605158,-0.14636830788476998,-0.00364377060869676,0.26896792124328783,1
-0.03887356664374698,0.04880545309199777,0.0017355878161689972,-0.024862042911499238,1
-0.037897457581907025,0.2439024715377436,0.0012383469579390124,-0.31699686725549925,0
-0.03301940815115215,0.04876290392760643,-0.005101590387170973,-0.02392366636304394,0
-0.032044150072600024,-0.14628551569931594,-0.005580063714431852,0.26714529473727694,1
-0.034969860386586345,0.048915626896286674,-0.00023715781968631274,-0.027292390886663742,0
-0.03399154784866061,-0.14620292250251143,-0.0007830056374195876,0.26531570058253817,1
-0.03691560629871084,0.04893019563196041,0.004523308374231176,-0.027614090526284496,1
-0.03593700238607163,0.24398698822296824,0.003971026563705486,-0.31886643809764115,0
-0.031057262621612264,0.0488087063804957,-0.002406302198247337,-0.024933844921866344,0
-0.03008108849400235,-0.14627865388238195,-0.002904979096684664,0.26698889609996745,1
-0.033006661571649984,0.04888463622002892,0.002434798825314685,-0.02660886648457972,1
-0.03202896884724941,0.24397158605764757,0.0019026214956230905,-0.31852259370159064,0
-0.027149537126096454,0.048822588542928175,-0.004467830378408723,-0.02524025687204856,0
-0.02617308535523789,-0.1462350061813797,-0.004972635515849694,0.26602967722521587,1
-0.029097785478865483,0.04895756223637013,0.0003479580286546236,-0.028217504315349806,0
-0.02811863423413808,-0.14616937721112566,-0.0002163920576523725,0.2645751867955394,1
-0.031042021778360594,0.04895566194051876,0.005075111678258415,-0.02817598434375662,1
-0.03006290853955022,0.2440044662183432,0.0045115919913832825,-0.3192533464716498,0
-0.025182819215183356,0.0488185523603368,-0.0018734749380497143,-0.025151051812078606,0
-0.02420644816797662,-0.14627648160122395,-0.0023764959742912863,0.266940184246571,1
-0.027131977800001098,0.04887930606062699,0.002962307710640134,-0.026491359764513778,1
-0.02615439167878856,0.2439586504705799,0.002432480515349858,-0.3182381752822143,0
-0.021275218669376962,0.0488021388928688,-0.0039322829902944285,-0.0247891253991272,0
-0.020299175891519586,-0.14626319987154593,-0.004428065498276973,0.26665053233118746,1
-0.023224439888950506,0.04892166825809763,0.0009049451483467766,-0.027425746515935545,0
-0.022246006523788553,-0.14621324883524112,0.0003564302180280657,0.2655425631106296,1
-0.025170271500493377,0.04890361335991958,0.005667281480240659,-0.02702792110912966,1
-0.024192199233294985,0.24394383488894683,0.005126723058058065,-0.31791738334114045,0
-0.01931332253551605,0.04874924116018306,-0.001231624608764744,-0.023622090530084128,0
-0.01833833771231239,-0.14635502579328896,-0.0017040664193664267,0.268671990391593,1
-0.02126543822817817,0.04879120271403975,0.0036693733884654335,-0.024547922648914255,1
-0.020289614173897373,0.24386034019910155,0.0031784149354871483,-0.31607086567118203,0
-0.015412407369915341,0.04869326021207801,-0.003143002377936492,-0.022387272002168446,0
-0.01443854216567378,-0.14638347658366896,-0.003590747817979861,0.26930234672099784,1
-0.01736621169734716,0.04878953257903701,0.0017952991164400956,-0.02451095727202579,0
-0.016390421045766417,-0.14635811872657253,0.0013050799709995798,0.26873786560807605,1
-0.01931758342029787,0.04874518339648748,0.0066798372831611014,-0.023533144944101636,1
-0.01834267975236812,0.24377070570446197,0.006209174384279069,-0.3141010443116063,0
-0.01346726563827888,0.04856085645759642,-7.284650195305692e-05,-0.019466429452089984,0
-0.012496048509126952,-0.14656004998764488,-0.0004621750909948566,0.27319351256764335,1
-0.015427249508879848,0.048568492795311335,0.00500169516035801,-0.019635149818262976,1
-0.014455879652973621,0.2436183584267797,0.004608992163992751,-0.31073579636196696,0
-0.009583512484438027,0.04843104601180162,-0.0016057237632465882,-0.016602898580328485,0
-0.008614891564201994,-0.14666784044326167,-0.0019377817348531579,0.27557297124408336,1
-0.011548248373067227,0.048481704147325416,0.003573677690028509,-0.017720503525854414,0
-0.01057861429012072,-0.14669131492512266,0.003219267619511421,0.2760878146481332,1
-0.013512440588623172,0.04838455907702913,0.008741023912474085,-0.01557801703254047,1
-0.012544749407082589,0.2433800695535134,0.008429463571823276,-0.3054902804663071,0
-0.007677148016012321,0.04813901576979282,0.0023196579624971342,-0.01016087155323897,0
-0.006714367700616465,-0.14701612555057886,0.002116440531432355,0.28325303168704513,1
-0.009654690211628042,0.04807557462800169,0.0077815011651732584,-0.00876163012066733,1
-0.008693178719068008,0.24308506882607755,0.007606268562759912,-0.29897927708171024,0
-0.0038314773425464563,0.04785552656818215,0.0016266830211257065,-0.0039072135605461855,0
-0.0028743668111828134,-0.14728971581759925,0.0015485387499147827,0.28928850733548295,1
-0.005820161127534799,0.04781011932611562,0.007334308896624442,-0.002905624286644426,1
-0.0048639587410124864,0.2428261220848904,0.007276196410891553,-0.293265493237938,0
-7.436299314678499e-06,0.047601190026796525,0.0014108865461327927,0.001703335902091041,0
0.000944587501221252,-0.14754096691649116,0.0014449532641746135,0.2948310804864098,1
-0.0020062318371085715,0.047560354320967196,0.0073415748739028095,0.002604220254571965,1
-0.0010550247506892277,0.24257625135323413,0.007393659278994249,-0.2877533383749701,0
0.003796500276375455,0.04734964626177596,0.0016385925114948477,0.007252281099661861,0
0.004743493201610974,-0.14779576630745464,0.0017836381334880849,0.3004517529644545,1
0.0017875778754618812,0.04730071665428301,0.007792673192777174,0.008331883359764924,1
0.002733592208547541,0.24231004811164372,0.007959310859972472,-0.2818822095733214,0
0.0075797931707804155,0.04707547551702593,0.002321666668506045,0.013300385878560195,0
0.008521302681120934,-0.1480796943106403,0.0025876743860772486,0.30671492107306664,1
0.005559708794908127,0.047005287949585806,0.00872197280753858,0.014849202828027708,1
0.006499814553899843,0.24200107615694139,0.009018956864099136,-0.2750691266516278,0
0.011339836077038671,0.04675161471883929,0.0035175743310665794,0.020444691532069847,1
0.012274868371415457,0.24182294401520424,0.003926468161707977,-0.27112632743236303,0
0.017111327251719544,0.04664518384292063,-0.0014960583869392842,0.022792434688363727,0
0.018044230928577955,-0.1484552805486332,-0.0010402096931720096,0.31500296277003675,1
0.015075125317605291,0.04668147264049638,0.005259849562228726,0.021992169750461255,1
0.016008754770415218,0.24172759895657023,0.005699692957237951,-0.2690265839799645,0
0.02084330674954662,0.04652477402679009,0.0003191612776386613,0.025448597991632738,0
0.021773802230082424,-0.1486017527761733,0.000828133237471316,0.31823220670284585,1
0.018801767174558958,0.04650839383641284,0.0071927773715282336,0.02581055828353418,1
0.019731935051287217,0.24152646009434864,0.007708988537198917,-0.26459431572510334,0
0.02456246425317419,0.04629533054809129,0.0024171022226968505,0.03051009709831931,0
0.025488370864136016,-0.1488611996967968,0.003027304164663237,0.323954664693162,1
0.02251114687020008,0.0462175149568623,0.009506397458526477,0.03222795963608355,1
0.02343549716933733,0.24120185906558378,0.010150956651248148,-0.25744050208554703,0
0.028259534350649006,0.04593646679643831,0.005002146609537208,0.038426826059916985,1
0.029178263686577773,0.24098633121411986,0.005770683130735548,-0.25267368527806694,0
0.03399799031086017,0.045782456863244364,0.0007172094251742091,0.04182382235447052,0
0.034913639448125054,-0.14934977161707227,0.0015536858722636194,0.33473294934741604,1
0.03192664401578361,0.045750032887287406,0.00824834485921194,0.04254037927286208,1
0.032841644673529354,0.24075273996125784,0.009099152444669183,-0.24752874521841844,0
0.03765669947275451,0.04550202751017504,0.004148577540300813,0.04801031317123272,1
0.03856674002295801,0.24056424642430788,0.005108783803725468,-0.24336081903796586,0
0.04337802495144417,0.045369696993850156,0.00024156742296615064,0.05092916013551296,0
0.04428541889132117,-0.14975571721143643,0.00126015062567641,0.34368829372522297,1
0.04129030454709244,0.04534828417379358,0.00813391650018087,0.05140300819912297,1
0.04219727023056831,0.24035266524093182,0.00916197666416333,-0.2387025421680924,0
0.047004323535386944,0.04510103373923252,0.004387925820801483,0.05685619629283839,1
0.04790634421017159,0.24015979552618946,0.0055250497466582515,-0.23443908361014748,0
0.05270954012069538,0.04495934087814332,0.0008362680744553016,0.059981485692161884,0
0.05360872693825825,-0.1501745907231477,0.0020358977882985393,0.35292814352998614,1
0.0506052351237953,0.04491835105760772,0.009094460658898261,0.06088789087251012,1
0.05150360214494745,0.23990873445877442,0.010312218476348464,-0.22891185411021836,0
0.05630177683412294,0.04464094794404988,0.005733981394144097,0.06700599044458033,1
0.05719459579300394,0.23968022318802973,0.007074101203035704,-0.22386233168705189,0
0.061988200256764533,0.04445788308299728,0.002596854569294666,0.07104361978818813,0
0.06287735791842448,-0.15070120157803268,0.004017726965058428,0.36454473410160276,1
0.05986333388686383,0.044363420684772226,0.011308621647090483,0.07313137082293275,1
0.06075060230055927,0.23932143832285027,0.012771249063549138,-0.21596229278928558,0
0.06553703106701628,0.04401926042777224,0.008452003207763428,0.08072172849163733,1
0.06641741627557173,0.2390190378050557,0.010066437777596174,-0.20928263072306758,0
0.07119779703167284,0.04375460679326765,0.005880785163134823,0.08655865857089012,0
0.07207288916753819,-0.15145114459635653,0.0076119583345526255,0.3810911633491147,1
0.06904386627561106,0.043561895961352626,0.01523378160153492,0.0908179711815218,1
0.06991510419483811,0.23846221956890493,0.017050141025165354,-0.19702003371031723,0
0.07468434858621621,0.043100592609356836,0.01310974035095901,0.10099231156274008,1
0.07554636043840335,0.23803223173134314,0.015129586582213812,-0.18752586773101082,0
0.08030700507303021,0.04269712369744011,0.011379069227593595,0.10989118892059546,1
0.08116094754697901,0.23765418354082632,0.013576893006005505,-0.1791800941415293,0
0.08591403121779555,0.04234060315324234,0.00999329112317492,0.11775475885871822,1
0.0867608432808604,0.23731795597959335,0.012348386300349283,-0.171758688126472,0
0.09150720240045226,0.04202146309213578,0.008913212537819843,0.1247940503044736,1
0.09234763166229498,0.23701459451359774,0.011409093543909316,-0.16506357864162374,0
0.09708792355256694,0.04173119754392865,0.008107821971076842,0.13119665310123863,1
0.09792254750344552,0.23673607402363375,0.010731755033101614,-0.15891737388345012,0
0.10265726898391819,0.0414621354936367,0.007553407555432611,0.1371317421328455,1
0.10348651169379093,0.23647508839095893,0.010296042398089521,-0.15315866185135213,0
0.10821601346161011,0.041207237500922256,0.007232869161062479,0.1427545725668694,1
0.10904015821162856,0.23622485971946308,0.010087960612399867,-0.14763776412979385,0
0.11376465540601782,0.04095991068104307,0.00713520532980399,0.1482105660314717,1
0.11458385361963869,0.235978962524038,0.010099416650433424,-0.14221283271352447,0
0.11930343287011945,0.04071383727878469,0.007255159996162934,0.15363909577988877,1
0.12011770961569514,0.23573115851862897,0.010327941911760709,-0.13674618889170953,0
0.12483233278606772,0.04046281243179384,0.007593018133926518,0.15917706989286878,1
0.1256415890347036,0.23547523787800317,0.010776559531783894,-0.13110081001239715,0
0.13035109379226367,0.040200586996872456,0.008154543331535952,0.16496240509756127,1
0.1311551055322011,0.23520486301503615,0.011453791433487178,-0.12513687447659405,0
0.13585920279250183,0.0399207115035832,0.008951053943955296,0.17113747965547388,1
0.13665761702257348,0.2349134110066625,0.012373803537064774,-0.1187082776478916,0
0.14135588524270673,0.039616377408769304,0.009999637984106942,0.17785265184685617,1
0.1421482127908821,0.23459381081674016,0.013556691021044065,-0.11165903156529833,0
0.1468400890072169,0.039280251860785736,0.011323510389738098,0.18526993074718873,1
0.14762569404443263,0.23423837140625445,0.015028909004681873,-0.10381945943691567,0
0.15231046147255772,0.03890430215408261,0.012952519815943558,0.19356688817823503,1
0.15308854751563938,0.23383859669757245,0.01682385757950826,-0.09500209186202596,0
0.15776531944959082,0.03847960597895589,0.014923815742267739,0.2029409048680057,1
0.15853491156916993,0.23338498318253564,0.018982633839627852,-0.08499716554496156,0
0.16320261123282065,0.0379961434717713,0.01728269052872862,0.21361384992376775,1
0.16396253410225609,0.23286679575605249,0.021554967527203976,-0.07356761687759822,0
0.16861987001737713,0.037442566985526476,0.020083615189652012,0.22583730064492757,1
0.16936872135708766,0.23227181715514547,0.024600361202550564,-0.060443452136743514,0
0.17401415770019057,0.036805944489559234,0.023391492159815695,0.2398984193584996,1
0.17475027658998177,0.2315860662515339,0.028189460546985685,-0.045315363167717726,1
0.17938199791501244,0.4262926917784462,0.02728315328363133,-0.3289726632438498,0
0.18790785175058136,0.2307931801087071,0.020703700018754333,-0.027812280041693727,0
0.1925237153527555,0.035380536070617946,0.020147454417920457,0.27133031949875985,1
0.19323132607416788,0.23020928256415274,0.025574060807895656,-0.014930537723473858,1
0.19783551172545094,0.4249553120433929,0.025275450053426178,-0.2994361051446183,0
0.2063346179663188,0.22948237441936253,0.01928672795053381,0.0011098392301083226,0
0.21092426545470605,0.03408920943826005,0.019308924735135978,0.29981502342719285,1
0.21160604964347124,0.22893068973945935,0.025305225203679834,0.013283755138956466,1
0.21618466343826043,0.42368076315627934,0.025570900306458963,-0.2713088859502074,0
0.22465827870138602,0.22820343419357025,0.020144722587454814,0.029328275441755147,0
0.22922234738525743,0.03279847468316524,0.020731288096289918,0.3282983916532801,1
0.22987831687892074,0.22761924803196823,0.02729725592935552,0.04222458997487727,1
0.2344307018395601,0.42233934459350775,0.028141747728853063,-0.2417223446918934,0
0.24287748873143025,0.22682694316793064,0.023307300835015195,0.05970271871615962,0
0.24741402759478887,0.03137870060892098,0.02450135520933839,0.3596471821698977,1
0.24804160160696728,0.2261439452326534,0.03169429885273634,0.07478967915992257,1
0.25256448051162034,0.4207975284379841,0.03319009243593479,-0.2077274927208993,0
0.26098043108038,0.2252170878938085,0.029035542581516804,0.09523769272956722,1
0.26548477283825617,0.4199111110263452,0.03094029643610815,-0.1881449960521796,0
0.27388299505878305,0.2243604754334133,0.027177396515064556,0.11413556366530941,1
0.2783702045674513,0.41908267915746145,0.029460107788370743,-0.16985070959685383,0
0.28675185815060056,0.2235517138981011,0.026063093596433665,0.1319784906982035,1
0.2912228924285626,0.41829081723800554,0.028702663410397736,-0.1523692753981709,0
0.2995887087733227,0.22276988689508478,0.02565527790243432,0.14922874392679014,0
0.30404410651122443,0.027290132534217915,0.028639852780970122,0.4498937074747639,1
0.3045899091619088,0.221995543024241,0.0376377269304654,0.166374328274617,1
0.30902982002239365,0.41655908228091265,0.04096521349595774,-0.11420141185726657,0
0.3173610016680119,0.22087482299662942,0.03868118525881241,0.1911191255535868,1
-0.009297972487096205,-0.023134722637046704,0.03659864577164844,-0.009647043022443139,1
-0.00976066693983714,0.17144376034834952,0.03640570491119958,-0.29056171670266046,1
-0.00633179173287015,0.366028197446099,0.03059447057714637,-0.5715440575585947,0
0.0009887722160518298,0.17049088733680215,0.019163589425974476,-0.26938198085330606,0
0.004398589962787873,-0.024899224107503642,0.013775949808908356,0.029283121649104238,1
0.0039006054806378005,0.17002248981855195,0.014361612241890441,-0.2590217048237882,0
0.007301055277008839,-0.025301511991500353,0.009181178145414677,0.038156252218290276,0
0.006795025037178833,-0.22055391004668884,0.009944303189780483,0.3337217338817494,1
0.0023839468362450555,-0.02557489559783141,0.01661873786741547,0.04419125002560381,1
0.0018724489242884271,0.16930485628285732,0.01750256286792755,-0.24320232791347668,0
0.005258546049945573,-0.026062667376424237,0.012638516309658015,0.054949562861281,1
0.004737292702417089,0.1688758072904656,0.013737507566883635,-0.23371917112599366,0
0.0081148088482264,-0.02643970613737917,0.009063124144363763,0.0632651548144042,1
0.007586014725478816,0.16855113721248066,0.010328427240651847,-0.22654457582895193,0
0.010957037469728429,-0.026716886964101932,0.005797535724072808,0.069378341326919,0
0.01042269973044639,-0.22192147416684557,0.007185102550611188,0.36388476727180985,1
0.005984270247109478,-0.026902372774323252,0.014462797896047385,0.07347606812262802,1
0.0054462227916230125,0.1680092828801992,0.015932319258499944,-0.21460892392286102,0
0.008806408449226998,-0.02733677861433184,0.011640140780042723,0.0830568829954011,1
0.008259672876940361,0.16761639666887332,0.013301278439950746,-0.20593094496888503,0
0.011612000810317828,-0.027693213286491825,0.009182659540573044,0.09091801467690114,1
0.01105813654458799,0.16729592359307774,0.011001019834111067,-0.19885369547057474,0
0.014404055016449546,-0.0279816320569245,0.007023945924699572,0.09727914805335303,1
0.013844422375311055,0.16703894965914629,0.008969528885766633,-0.19317948530388707,0
0.017185201368493982,-0.028210154917541613,0.005105939179688891,0.10231939657189226,1
0.01662099827014315,0.16683825101384256,0.007152327111126736,-0.18874825896335695,0
0.01995776329042,-0.028385292223954223,0.003377361931859597,0.10618233205779753,0
0.019390057445940915,-0.22355547934408698,0.005501008573015548,0.39992888559253864,1
0.014918947859059176,-0.028511992527902236,0.01349958628486632,0.10898537039287637,1
0.014348708008501132,0.16641393572791566,0.015679293692723847,-0.1794081222690893,0
0.017676986723059444,-0.02892883671347518,0.012091131247342062,0.11817954326626373,1
0.01709840998878994,0.1660178063494514,0.014454722112667337,-0.17066434038207579,0
0.020418766115778968,-0.029308021158042347,0.011041435305025821,0.12654333334113527,1
0.019832605692618122,0.16565402599833187,0.013572301971848527,-0.1626357952042698,0
0.02314568621258476,-0.02965956537455558,0.01031958606776313,0.13429774289050644,1
0.02255249490509365,0.16531306074770605,0.01300554092557326,-0.15511171943636132,0
0.02585875612004777,-0.029992665616416725,0.009903306536846034,0.14164561559365035,1
0.025258902807719436,0.16498606165499044,0.01273621884871904,-0.14789660892666273,0
0.028558624040819245,-0.030315936109844066,0.009778286670185786,0.14877697501325743,1
0.027952305318622365,0.1646646361821501,0.012753826170450934,-0.14080513078292123,0
0.031245598042265368,-0.03063763269712494,0.00993772355479251,0.15587397018920618,1
0.03063284538832287,0.16434063305811664,0.013055202958576633,-0.1336573441286103,0
0.0339196580494852,-0.030965864528574333,0.010382056076004427,0.1631155574624012,1
0.033300340758913714,0.16400593534237062,0.013644367225252451,-0.12627411125051163,0
0.03658045946576113,-0.03130879910397372,0.011118885000242218,0.17068203921388314,1
0.035954283483681654,0.16365225662947322,0.01453252578451988,-0.11847258252004739,1
0.039227328616271116,0.35856300670730823,0.012163074134118932,-0.406535422957659,0
0.04639858875041728,0.16327071145136157,0.004032365674965753,-0.11004279289275759,0
0.04966400297944451,-0.03190878931322244,0.0018315098171106012,0.18390959034299437,1
0.04902582719318006,0.16318690798434238,0.005509701623970489,-0.10819500119241621,0
0.05228956535286691,-0.03201356231551111,0.0033458016001221644,0.18622110410249249,1
0.05164929410655669,0.16306035898267543,0.007070223682172014,-0.10540447621121063,0
0.0549105012862102,-0.032162195531189985,0.004962134157947801,0.18950066493676254,1
0.0542672573755864,0.16288841502359216,0.00875214745668305,-0.10161278743172014,0
0.057525025676058245,-0.03235786592177167,0.006719891708048648,0.19381851564866837,1
0.05687786835762281,0.16266731700992587,0.010596262021022016,-0.09673702042454119,0
0.06013121469782133,-0.03260488776753692,0.008661521612531193,0.1992700856469954,1
0.05947911694247059,0.16239211592102307,0.0126469233254711,-0.09066799264807784,0
0.06272695926089106,-0.032908804382114576,0.010833563472509543,0.20597805645390493,1
0.062068783173248765,0.1620565640044907,0.014953124601587642,-0.08326782919240155,1
0.06530991445333859,0.3569610101140794,0.013287768017739612,-0.37119575927908627,0
0.07244913465562017,0.1616528245616867,0.005863852832157886,-0.07435285514310969,0
0.0756821911468539,-0.03355269821096271,0.004376795729295693,0.22017435781046824,1
0.07501113718263465,0.16150641774216704,0.008780282885505059,-0.07112473982342515,0
0.07824126553747798,-0.03374030442402609,0.0073577880890365556,0.224315424328194,1
0.07756645944899745,0.16127571785413122,0.011844096575600436,-0.0660375207511884,0
0.08079197380608008,-0.034014024293312406,0.010523346160576668,0.23035862887138758,1
0.08011169332021384,0.16095598289528415,0.01513051873800442,-0.058986382039215135,1
0.08333081297811952,0.3558577602265375,0.013950791097220118,-0.3468573813656053,0
0.09044796818265027,0.16054017893814876,0.007013643469908012,-0.0498081196304514,0
0.09365877176141325,-0.03468163525750059,0.006017481077298984,0.24507939357156888,1
0.09296513905626325,0.16035385443261954,0.010919068948730362,-0.045699415531832266,0
0.09617221614491564,-0.034922954021499586,0.010005080638093716,0.2504084782397544,1
0.09547375706448565,0.1600547032581679,0.015013250202888804,-0.03910192498149917,1
0.09867485112964901,0.35495818303881016,0.01423121170325882,-0.3270104674290796,0
0.10577401479042521,0.159636541922809,0.007691002354677228,-0.02987383872659799,0
0.1089667456288814,-0.03559485350368263,0.0070935255801452685,0.2652257256814491,1
0.10825484855880774,0.15942513839302883,0.012398040093774251,-0.02521142338623289,0
0.11144335132666831,-0.03587239652382615,0.011893811626049593,0.27135729509258444,1
0.11072590339619179,0.15907783271305426,0.017320957527901283,-0.017550667184574265,1
0.11390746005045288,0.3539471535265088,0.016969944184209797,-0.3047186947425431,0
0.12098640312098305,0.15858752855897174,0.010875570289358935,-0.006732526750341472,0
0.12415815369216249,-0.03668869152519927,0.010740919754352107,0.28936183551655564,1
0.1234243798616585,0.1582784626673162,0.016528156464683218,8.574338928984959e-05,1
0.12658994911500482,0.3531595240232578,0.016529871332469016,-0.2873368645929901,0
0.13365313959546998,0.1578057901760287,0.010783134040609214,0.010513264603094763,0
0.13680925539899055,-0.03746913248124928,0.010993399332671109,0.30657879938794913,1
0.13605987274936557,0.15749445405938475,0.017124975320430093,0.017383085419725053,1
0.13920976183055325,0.35236667989682247,0.017472637028824595,-0.26984789585126123,0
0.1462570954284897,0.15699980147743337,0.01207567911179937,0.028294383715015137,0
0.14939709145803837,-0.03829322272880198,0.012641566786099673,0.3247627251409689,1
0.14863122700346232,0.15664647062195047,0.01913682128891905,0.036093071316796344,1
0.15176415641590132,0.3514888426966339,0.019858682715254976,-0.25049109028980343,0
0.15879393326983401,0.1560890170988156,0.014848860909458906,0.04838892450980542,0
0.1619157136118103,-0.039242672179174126,0.015816639399655014,0.34571956238483864,1
0.16113086016822684,0.1556507601707169,0.022731030647351786,0.05806587799583818,1
0.16424387537164117,0.3504395390249581,0.02389234820726855,-0.22735946053570588,0
0.17125266615214033,0.15498443419594507,0.01934515899655443,0.07276320195395236,1
0.17435235483605924,0.34982378202420533,0.020800423035633477,-0.2137540126812722,0
0.18134883047654335,0.1544107209451099,0.016525342782008033,0.08541705442271741,1
0.18443704489544555,0.3492919415779886,0.01823368387046238,-0.20200663314472056,0
0.1914228837270053,0.15391402887869451,0.014193551207567968,0.09637192570908432,0
0.1945011643045792,-0.041408443688870394,0.016120989721749655,0.3934988872079967,1
0.1936729954308018,0.15348107849700332,0.02399096746590959,0.10594195563479197,1
0.19674261700074186,0.3482511577206225,0.02610980657860543,-0.17907642203775448,0
0.2037076401551543,0.15276548962748077,0.02252827813785034,0.12172754660160012,1
0.20676294994770392,0.34755755477566275,0.024962829069882342,-0.16376365458137254,0
0.21371410104321717,0.15208731260717995,0.02168755597825489,0.136688668559782,1
0.21675584729536077,0.34689202202719044,0.02442132934945053,-0.14907403682218107,0
0.22369368773590456,0.15142903000935332,0.021439848613006907,0.15121218192818725,1
0.22672226833609163,0.34623752365262406,0.024464092251570653,-0.13463056821769404,0
0.23364701880914412,0.150773852136792,0.02177148088721677,0.16566893158399343,1
0.23666249585187996,0.3455774947842961,0.025084859518896642,-0.12006697307928982,0
0.2435740457475659,0.15010529181516888,0.022683520057310846,0.18042326079787402,1
0.24657615158386925,0.34489542759909886,0.026291985273268325,-0.10501839230772825,0
0.2534740601358512,0.14940675310573232,0.02419161742711376,0.19584222703493476,1
0.25646219519796587,0.344174462884993,0.028108461967812456,-0.08911221142368358,0
0.26334568445566575,0.14866112509341162,0.026326217739338784,0.21230474834678753,1
0.26631890695753396,0.3433969785379652,0.030572312706274536,-0.07195879952362966,0
0.2731868465282933,0.1478503724964381,0.029133136715801942,0.23021090192797117,1
0.27614385397822205,0.3425441667409076,0.03373735475436136,-0.05314193429638092,0
0.2829947373130402,0.14695511565663877,0.032674516068433745,0.2499915930338667,1
0.28593383962617297,0.34159559213841684,0.03767434792911108,-0.03220868492658857,1
0.2927657514689413,0.5361575905617375,0.037030174230579305,-0.3127709541472995,0
0.303488903280176,0.3405282104818643,0.030774755147633316,-0.008643667932772825,0
0.3102994674898133,0.14497873218926907,0.03060188178897786,0.2935880088149239,1
0.31319904213359867,0.33965131924419667,0.03647364196527634,0.010711396169939325,0
0.3199920685184826,0.14402578443365102,0.036687869888675124,0.3146754089647877,1
0.32287258420715564,0.33860643815327607,0.04298137806797088,0.03378464969254669,1
0.3296447129702212,0.5330865074953184,0.04365707106182181,-0.24503339938001312,0
0.34030644312012753,0.33736907894133383,0.03875640307422155,0.06109412074893156,1
0.3470538246989542,0.5319145329845192,0.039978285489200176,-0.21911339350450476,0
0.3576921153586446,0.33624458807689617,0.03559601761911008,0.08590749131256803,1
0.3644170071201825,0.5308386939031805,0.037314167445361444,-0.19533574346347032,0
0.3750337809982461,0.3352034101140695,0.03340745257609204,0.10888073140605525,0
0.38173784920052745,0.1396190558676098,0.035585067204213144,0.41191352961672073,1
0.38453023031787964,0.3342189619619686,0.04382333779654756,0.13065826882836212,1
0.391214609557119,0.5286866466520592,0.046436503173114804,-0.14788326107048722,0
0.4017883424901602,0.33293153976011003,0.04347883795170506,0.15908029486160497,1
0.4084469732853624,0.5274049163628473,0.04666044384893716,-0.11957533646775864,0
0.41899507161261934,0.3316465706849076,0.044268937119581984,0.18745577984893663,1
0.4256280030263175,0.5261081201594597,0.04801805271656072,-0.09093995374826158,0
0.4361501654295067,0.33033196959156313,0.04619925364159549,0.2164976644447123,1
0.44275680482133795,0.524764066583596,0.050529206930489734,-0.06126154434583703,0
0.4532520861530099,0.32895542013023527,0.04930397604357299,0.24692581711276373,1
0.4598311945556146,0.5233398101662465,0.05424249238582827,-0.029806948667164324,0
0.4702979907589395,0.3274836380454368,0.053646353412484984,0.2794846961652698,1
0.47684766351984825,0.521800903411272,0.05923604733579038,0.004192585188809661,1
0.48728368158807367,0.71602550117061,0.059319899039566575,-0.269228108658844,0
0.5016041916114858,0.5201093872471516,0.053935336866389696,0.04155898816410397,1
0.5120063793564289,0.7144180973571158,0.054766516629671774,-0.23363094163013837,0
0.5262947413035712,0.5185581403922979,0.050093897797069006,0.07581181947963012,0
0.5366659041114172,0.3227551736137313,0.05161013418666161,0.3838692830880644,1
0.5431210075836919,0.5171078445551743,0.0592875198484229,0.1078950940648642,1
0.5534631644747954,0.7113322947858804,0.06144542172972018,-0.16550938436498597,0
0.567689810370513,0.5153870473309382,0.058135234042420464,0.14590740069088565,1
0.5779975513171318,0.7096303568527123,0.06105338205623818,-0.12788320545268023,0
0.5921901584541861,0.5136893341166324,0.05849571794718457,0.1834192640002671,1
0.6024639451365188,0.7079276260238245,0.06216410322718991,-0.09025190494045393,0
0.6166224976569953,0.5119722761331269,0.06035906512838083,0.2213778465166264,1
0.6268619431796578,0.7061818662158137,0.06478662205871336,-0.05167124702076237,0
0.6409855805039741,0.5101936541204458,0.0637531971182981,0.26072826510512975,1
0.651189453586383,0.7043503279199113,0.0689677624204007,-0.011184342522392421,0
0.6652764601447813,0.5083105416092235,0.06874407556995285,0.3024367105787163,1
0.6754426709769658,0.7023888309921551,0.07479280978152718,0.03220172294597573,1
0.6894904475968089,0.8963629667046862,0.0754368442404467,-0.23597745583408786,0
0.7074177069309026,0.7002488408410594,0.07071729512376494,0.07951451025538636,1
0.7214226837477238,0.8942895307889086,0.07230758532887267,-0.19004547902000646,0
0.739308474363502,0.6982116212702785,0.06850667574847254,0.12454275219868771,1
0.7532727067889076,0.8922886511724215,0.07099753079244629,-0.1457647209692703,0
0.771118479812356,0.6962255722498493,0.06808223637306089,0.1684447374472609,1
0.785042991257353,0.8903102979436809,0.07145113112200611,-0.10200717891237027,0
0.8028491972162266,0.6942409600403046,0.06941098754375871,0.21233517100621568,0
0.8167340164170327,0.49819879809833423,0.07365769096388303,0.5260807648006363,1
0.8266979923789993,0.6922111965643052,0.08417930625989575,0.2574870492091064,1
0.8405422163102855,0.886036765719449,0.08932904724407788,-0.007502306546158022,0
0.8582629516246745,0.689754814876598,0.08917900111315472,0.31197452626573513,1
0.8720580479222064,0.8835005897835635,0.09541849163846942,0.04869461578444084,1
0.8897280597178777,1.0771340047096791,0.09639238395415824,-0.21242379366623976,0
0.9112707398120713,0.880775514134173,0.09214390808083345,0.10904214934985268,1
0.9288862500947548,1.0744645312485772,0.0943247510678305,-0.15320687112464537,0
0.9503755407197263,0.8781274305113675,0.0912606136453376,0.16767999252323884,1
0.9679380893299536,1.0718326086612813,0.09461421349580237,-0.09487526632090199,0
0.9893747415031793,0.8754908873515334,0.09271670816938433,0.22609517828594933,0
1.00688455925021,0.6791745978006063,0.09723861173510331,0.5465244853933278,1
1.020468051206222,0.8728055273224714,0.10816910144296987,0.2859932666309048,1
1.0379241617526715,1.066231907717021,0.11388896677558796,0.029289174384641348,1
1.059248799907012,1.2595520231979407,0.11447475026328079,-0.22540138884346128,0
1.0844398403709707,1.0629959520671246,0.10996672248641157,0.10108512275096743,1
1.1056997594123132,1.2563841698988616,0.11198842494143091,-0.15497993841324814,0
1.1308274428102905,1.0598517522184623,0.10888882617316595,0.17082784441663645,0
1.1520244778546598,0.8633533877126427,0.11230538306149868,0.49577982906340395,0
1.1692915456089126,0.6668417887036491,0.12222097964276675,0.8216387239942404,1
1.1826283813829856,0.8600984293474803,0.13865375412265157,0.5697597891348093,1
1.1998303499699352,1.0530313794794404,0.15004894990534776,0.3237714571555552,1
1.220890977559524,1.245733766444769,0.15652437904845887,0.08191479216729128,1
1.2458056528884194,1.4383060257190237,0.1581626748918047,-0.15758182624982128,0
1.2745717734028,1.2413148208873608,0.15501103836680827,0.18052301390833733,1
1.2993980698205472,1.4339181092388653,0.15862149864497502,-0.05952694282192286,0
1.3280764320053244,1.2369194557105223,0.15743095978853655,0.2787007511703925,1
0.02951526122722907,-0.046654819931623764,0.044178356922287096,-0.03716715603959151,1
0.028582164828596594,0.14780667973321235,0.04343501380149527,-0.31559058761262854,1
0.03153829842326084,0.34228388212165983,0.037123202049242694,-0.5942653797202953,0
0.03838397606569404,0.14666252347118314,0.02523789445483679,-0.2901237978825997,0
0.041317226535117706,-0.048810041827276884,0.019435418497184796,0.010410828445277631,0
0.04034102569857217,-0.24420525326509182,0.019643635066090348,0.3091619448787415,1
0.03545692063327033,-0.049368616825046174,0.02582687396366518,0.022738232265412384,1
0.0344695482967694,0.14537361429122808,0.026281638608973427,-0.2616854391793864,0
0.03737702058259396,-0.05011344709628396,0.021047929825385697,0.03916980021629002,1
0.036374751640668286,0.14470045254735217,0.021831325829711496,-0.2467986880023143,0
0.03926876069161533,-0.050726380991549136,0.01689535206966521,0.05268960872714179,1
0.03825423307178435,0.1441492880796008,0.017949144244208046,-0.23461517780690982,0
0.041137218833376364,-0.05122445584503424,0.01325684068806985,0.06367499647713154,0
0.04011272971647568,-0.24653394345139312,0.014530340617612481,0.3605108819390837,1
0.03518205084744781,-0.05162151780615548,0.021740558256394156,0.07244487676109168,1
0.0341496204913247,0.14318211545480783,0.02318945579161599,-0.21330029949439855,0
0.03701326280042086,-0.05226356911179611,0.01892344980172802,0.08660649405594961,1
0.035967991418184936,0.14258209061930052,0.020655579682847012,-0.20004650467198354,0
0.038819633230570944,-0.05282910162139595,0.016654649589407343,0.09908006494828853,1
0.03776305119814302,0.14205024633042912,0.018636250888373115,-0.18830217595736864,0
0.040604056124751604,-0.05333330478444631,0.014870207369225742,0.1102009988260374,1
0.03953739002906268,0.1415724402220119,0.01707422734574649,-0.17775361581297033,0
0.04236883883350292,-0.0537896395732646,0.013519155029487084,0.12026636853777456,1
0.04129304604203762,0.14113603493978227,0.015924482400242575,-0.16812091356488612,0
0.04411576674083327,-0.05421019454831272,0.012562064128944853,0.1295428781433428,1
0.04303156284986702,0.14072957210168488,0.015152921691811708,-0.15915055049717552,0
0.04584615429190072,-0.054606004950541076,0.011969910681868198,0.1382739658163985,1
0.0447540341928899,0.14034247619786464,0.014735389998196168,-0.15060873746919606,0
0.04756088371684719,-0.05498734229597216,0.011723215248812247,0.14668622950742755,1
0.04646113687092775,0.1399647819794258,0.014656939838960797,-0.14227531604433752,0
0.04926043251051626,-0.05536398151375668,0.011811433518074047,0.15499534453140595,1
0.04815315288024113,0.13958687906894388,0.014911340408702166,-0.1339380676774044,0
0.050944890461620006,-0.05574545223023747,0.012232579055154078,0.16341162767144346,1
0.04982998141701526,0.13919926774203373,0.015500811608582948,-0.1253872859484817,0
0.05261396677185593,-0.05614128041400793,0.012993065889613313,0.17214539149581665,1
0.051491141163575775,0.13879232001877806,0.016435973719529647,-0.11641047412605349,0
0.05426698756395133,-0.05656122628473981,0.014107764237008578,0.18141222514925975,1
0.05313576303825654,0.13835604033671856,0.017736008739993772,-0.10678703452009836,1
0.05590288384499091,0.3332193971787687,0.015600268049591805,-0.39382198475164704,0
0.06256727178856629,0.13787959022982108,0.0077238283545588635,-0.0962616354770765,0
0.06532486359316271,-0.057352205555065094,0.005798595645017333,0.19884810591732505,1
0.0641778194820614,0.13768633102518255,0.009775557763363835,-0.09200000296111421,0
0.06693154610256505,-0.05757436106676486,0.00793555770414155,0.2037510089389009,1
0.06578005888122974,0.13743321028775846,0.012010577882919569,-0.08641810849274972,0
0.06852872308698492,-0.05785882488278965,0.010282215713064573,0.21002984077898373,1
0.06737154658932913,0.13711460897180533,0.014482812528644248,-0.07939193196330813,0
0.07011383876876524,-0.05821193127098459,0.012894973889378086,0.21782494939224933,1
0.06894960014334556,0.13672333293196942,0.017251472877223072,-0.07076261956134589,1
0.07168406680198494,0.3315937629517326,0.015836220485996155,-0.3579530871930272,0
0.07831594206101959,0.13625029894276297,0.00867715874213561,-0.06031897822670179,0
0.08104094803987485,-0.05899498275654738,0.007470779177601574,0.23508897158405573,1
0.07986104838474391,0.13601943696159036,0.01217255860928269,-0.05522810619624352,0
0.08258143712397571,-0.05927491585985817,0.01106799648535782,0.24127036441170835,1
0.08139593880677855,0.13568719814946115,0.015893403773591986,-0.04790097002987681,1
0.08410968276976777,0.33057768681164257,0.014935384372994449,-0.3355273177631512,0
0.09072123650600061,0.13524640044570274,0.008224838017731426,-0.038172226629863304,0
0.09342616451491467,-0.05999252359386523,0.00746139348513416,0.25709432896309875,1
0.09222631404303737,0.1350221110467949,0.012603280064396136,-0.03322585100677272,0
0.09492675626397326,-0.06027828715409983,0.011938763044260682,0.2634067463199729,1
0.09372119052089127,0.13467123603230252,0.01720689797066014,-0.0254867855431804,1
0.09641461524153733,0.3295422534571556,0.016697162259796533,-0.3126914617060697,0
0.10300546031068043,0.13418646250810928,0.010443333025675138,-0.014789884921934338,0
0.10568918956084263,-0.06108369002678232,0.01014753532723645,0.28116965553377776,1
0.10446751576030698,0.13389205431550444,0.015770928437912005,-0.008295579072357284,1
0.10714535684661707,0.3287843193162477,0.01560501685646486,-0.2959611610479566,0
0.11372104323294202,0.13344341950372415,0.009685793635505728,0.0016022015923053967,0
0.1163899116230165,-0.061816091145359464,0.009717837667351835,0.29732530783318795,1
0.11515358980010931,0.13316599166857596,0.015664343824015596,0.007722992859800493,1
0.11781690963348083,0.3280598320897318,0.015818803681211607,-0.2799767736845065,0
0.12437810627527547,0.13271584003464273,0.010219268207521476,0.017653088123222582,0
0.12703242307596832,-0.06255116506019909,0.010572329969985927,0.31354271415324725,1
0.12578139977476435,0.132418594240731,0.016843184253050873,0.02421262659310819,1
0.12842977165957897,0.32729500000046363,0.017327436784913035,-0.2631088572062168,0
0.13497567165958824,0.1319300594169243,0.012065259640788698,0.03498857398428962,0
0.1376142728479267,-0.06336281401976376,0.012765031120474491,0.33145366301255785,1
0.13634701656753143,0.13157513190800663,0.019394104380725648,0.04282338429887689,1
0.13897851920569157,0.32641368608896126,0.020250572066703186,-0.24367797578564,0
0.1455067929274708,0.13100842705396293,0.015377012550990386,0.05532307642533052,1
0.14812696146855006,0.3259065583403634,0.016483474079496997,-0.23246889453896058,0
0.15464509263535733,0.13055300527103078,0.011834096188717787,0.06536754900453345,0
0.15725615274077795,-0.06473659794012165,0.013141447168808456,0.3617605850109118,1
0.15596142078197553,0.13019612212032877,0.02037665886902669,0.07325022713473561,1
0.1585653432243821,0.3250201116295353,0.0218416634117214,-0.21293476668701383,0
0.1650657454569728,0.129592805341151,0.017582968077981126,0.08655721135484884,1
0.16765760156379583,0.3244583638509798,0.019314112305078103,-0.20052681772808684,0
0.17414676884081542,0.12906557915656006,0.015303575950516367,0.0981856907491494,1
0.17672808042394664,0.3239648932563345,0.017267289765499357,-0.1896299713752781,0
0.18320737828907332,0.12860022055858428,0.013474690337993794,0.108449682334958,0
0.18577938270024502,-0.0667122047897323,0.015643683984692954,0.4053531630794112,1
0.1844451386044504,0.12818444767573167,0.02375074724628118,0.11764301119430648,1
0.18700882755796502,0.32295818929886266,0.02610360747016731,-0.16745313828692232,0
0.19346799134394227,0.12747250260382417,0.022754544704428864,0.1333490837791541,1
0.19601744139601876,0.3222612492959024,0.025421526380011945,-0.15206913893778679,0
0.2024626663819368,0.1267846881991214,0.02238014360125621,0.14852408594944405,1
0.20499836014591924,0.32157912633662933,0.02535062532024509,-0.13701518620842457,0
0.21142994267265183,0.12610342002872535,0.022610321596076597,0.16355644641293832,1
0.21395201107322634,0.3208945214164096,0.025881450524335364,-0.12190865387698507,0
0.22036990150155453,0.12541151241706583,0.02344327744679566,0.17882595394530854,1
0.22287813174989585,0.3201902758957865,0.02701979652570183,-0.1063702167403896,0
0.22928193726781157,0.12469174898815027,0.02489239219089404,0.19471338813748668,1
0.23177577224757456,0.31944894671918933,0.028786659953643774,-0.09001429736044497,0
0.23816475118195835,0.12392646036912341,0.026986374006434874,0.2116100317740558,1
0.24064328038934082,0.3186523802050013,0.03121857464191599,-0.07243946448521471,0
0.24701632799344087,0.12309710051624087,0.029769785352211697,0.22992729577542137,1
0.24947827000376568,0.31778127594173033,0.034368331267720126,-0.05321855004901538,1
0.2558338955226003,0.5123940046192921,0.03330396026673982,-0.3348629548750174,0
0.26608177561498614,0.31681428860126093,0.02660670116923947,-0.03186650739769992,0
0.27241806138701136,0.12132108868358746,0.02596937102128547,0.26909095119407345,1
0.2748444831606831,0.3160629951588618,0.03135119004516694,-0.015289275470779073,0
0.28116574306386033,0.12050578343729959,0.03104540453575136,0.287118134467022,1
0.2835758587326063,0.31517155657028295,0.0367877672250918,0.00438606294436511,1
0.28987928986401196,0.5097471348096712,0.0368754884839791,-0.27646666733065073,0
0.3000742325602054,0.3141190192995811,0.031346155137366084,0.027614953722826185,0
0.306356612946197,0.11856189129249872,0.03189845421182261,0.33002080490685853,1
0.30872785077204695,0.3132155836724313,0.03849887030995978,0.04756535572646281,1
0.3149921624454956,0.5077649464699605,0.03945017742448904,-0.23272657771776234,0
0.3251474613748948,0.3121021627369045,0.03479564587013379,0.07213458653207994,1
0.3313895046296329,0.5067084394563672,0.03623833760077539,-0.20937027789478735,0
0.3415236734187602,0.31108757057447967,0.03205093204287964,0.09452011656377907,1
0.34774542483024984,0.5057358327346678,0.033941334374155224,-0.1878809626133262,0
0.3578601414849432,0.310145136261337,0.0301837151218887,0.1153129423501274,0
0.36406304421016994,0.11460399211130201,0.03248997396889125,0.4173637217753717,1
0.36635512405239595,0.3092508088778976,0.04083724840439869,0.1350979566363394,1
0.3725401402299539,0.5037647496149935,0.04353920753712547,-0.14442688365897544,0
0.3826154352222538,0.3080471872744146,0.040650669863945964,0.1616677261127376,1
0.3887763789677421,0.5025643200163418,0.04388402438620072,-0.11791892421441019,0
0.3988276653680689,0.30684197257665247,0.04152564590191252,0.18827971209333644,1
0.40496450481960194,0.5013459781245775,0.04529124014377925,-0.09101975186217587,0
0.4149914243820935,0.3056050977065534,0.04347084510653573,0.2156015509984494,1
0.4211035263362246,0.5000794959106412,0.04778287612650472,-0.06305806029509614,0
0.4311051162544374,0.3043061779450721,0.046521714920602794,0.24430955811553895,1
0.43719123981333885,0.49873384237855056,0.051407906082913575,-0.0333439488564749,0
0.4471659166609099,0.30291381363670944,0.05074102710578408,0.2751053169984297,1
0.4532241929336441,0.4972764732337048,0.05624313344575267,-0.0011519793721497806,1
0.46316972239831816,0.6915485967545203,0.05622009385830968,-0.2755726169725921,0
0.4770006943334086,0.495671480943662,0.05070864151885784,0.034298849511052276,0
0.48691412395228184,0.2998604078334256,0.051394618509078886,0.3425398658816981,1
0.49291133210895033,0.49421493236090897,0.058245415826712846,0.066496388140043,1
0.5027956307561685,0.6884555355845152,0.059575343589513705,-0.20725595978771288,0
0.5165647414678588,0.49253452247046825,0.05543022439375945,0.1036089807976377,1
0.5264154319172681,0.6868200965697394,0.0575024040097122,-0.17108364465919917,0
0.5401518338486629,0.49092427750988876,0.05408073111652822,0.13917080853364877,1
0.5499703193988608,0.6852316226230365,0.05686414728720119,-0.13597210558736422,1
0.5636749518513215,0.8794949275977215,0.0541447051754539,-0.41018702160225967,0
0.581264850403276,0.6836488324037939,0.04594096474340871,-0.10093762111111915,0
0.5949378270513519,0.48789961236945,0.04392221232118633,0.20587829929336665,0
0.6046958192987409,0.2921779877887604,0.048039778307053665,0.5120865767377283,0
0.6105393790545162,0.09641345330499632,0.05828150984180823,0.8195128645564049,1
0.612467648120616,0.2906913880069061,0.07467176713293633,0.5457158204967427,1
0.6182814758807542,0.4846890860711119,0.08558608354287119,0.2774632799419513,1
0.6279752576021764,0.6784923929756834,0.09113534914171022,0.01295397442716717,1
0.6415451054616901,0.8721971751030562,0.09139442863025356,-0.24964068226385344,0
0.6589890489637512,0.6758969731075903,0.08640161498497649,0.07041328384574791,1
0.6725069884259031,0.8696807851041916,0.08780988066189145,-0.19380764591463706,0
0.6899006041279869,0.6734196327705476,0.08393372774359871,0.12523278842895635,1
0.7033689967833979,0.867245101284017,0.08643838351217784,-0.13983435655848675,0
0.7207138988090782,0.6709983311916098,0.0836416963810081,0.17881802673895653,1
0.7341338654329104,0.8648299403643016,0.08721805691578723,-0.08635095870519,0
0.7514304642401964,0.6685730836120867,0.08549103774168343,0.23252495437575454,1
0.7648019259124381,0.8623760470724205,0.09014153682919852,-0.03201403972674188,1
0.7820494468538866,1.0560974531048515,0.08950125603466369,-0.2949506493550517,0
0.8031713959159836,0.8598210898955854,0.08360224304756265,0.024563735172476342,0
0.8203678177138953,0.6636059019998908,0.08409351775101218,0.34240899326928514,1
0.8336399357538932,0.8574370541426427,0.09094169761639788,0.07738406396753233,1
0.850788676836746,1.051145578015591,0.09248937889574853,-0.18527799530394734,0
0.8718115883970577,0.8548303666830838,0.08878381898966958,0.13508934318033322,1
0.8889081957307194,1.0485758334234325,0.09148560585327625,-0.12831603656039392,0
0.9098797123991881,0.8522705053517056,0.08891928512206837,0.19176982913829943,1
0.9269251225062222,1.046015328273266,0.09275468170483436,-0.07159142536328378,0
0.9478454290716875,0.8496944527084141,0.09132285319756869,0.24885481193611325,1
0.9648393181258558,1.0434016017389023,0.09629994943629096,-0.013683520035324803,0
0.9857073501606338,0.8470399407142183,0.09602627903558446,0.30776272591690323,1
1.0026481489749182,1.040671800372971,0.10218153355392252,0.046841382353611294,0
1.0234615849823776,0.8442443591121511,0.10311836120099475,0.3699348190844263,1
1.0403464721646207,1.0377616129652134,0.11051705758268328,0.1114639788225818,1
1.061101704423925,1.2311406770994744,0.11274633715913492,-0.14440905557938866,0
1.0857245179659145,1.034599770154145,0.10985815604754715,0.18160774760637305,1
1.1064165133689974,1.227992272491121,0.1134903109996746,-0.07449888202986421,0
1.1309763588188197,1.0314417009632482,0.11200033335907732,0.25172489758503935,1
1.1516051928380846,1.2248009761063774,0.1170348313107781,-0.003637481972855794,0
1.1761012123602121,1.0282119899441187,0.116962081671321,0.3235585145252926,0
1.1966654521590945,0.8316356808045668,0.12343325196182685,0.6507168874433054,1
1.2132981657751858,1.0248419086912348,0.13644758971069296,0.3993097747287197,1
1.2337950039490104,1.2177911345328776,0.14443378520526734,0.15256722586839927,1
1.258150826639668,1.4105814112937052,0.14748512972263533,-0.09129101647225785,0
1.2863624548655421,1.2136871527477944,0.1456593093931902,0.24404768007547933,1
1.310636197920498,1.406460833882441,0.15054026299469978,0.0006218131380632264,0
1.3387654145981467,1.2095364707861673,0.15055269925746104,0.3367594526495912,1
1.36295614401387,1.4022311729756738,0.15728788831045287,0.09508242012717927,0
1.3910007674733835,1.205245538724971,0.15918953671299646,0.432965613988695,1
1.415105678247883,1.397797811810016,0.16784884899277036,0.19439343208247314,0
1.4430616344840834,1.2007222415878362,0.17173671763441983,0.534968536748994,1
1.4670760793158402,1.3930660700772535,0.1824360883693997,0.30093978675376976,1
1.4949374007173852,1.585182619262039,0.18845488410447508,0.0708865037148155,0
1.526641053102626,1.3879289651512017,0.18987261417877138,0.4166067427698611,1
1.55439963240565,1.5799243878610605,0.1982047490341686,0.1892770764134631,1
1.5859981201628712,1.7717403426753753,0.20199029056243786,-0.034922292166922886,0
1.6214329270163788,1.5743811683427655,0.20129184471909942,0.3140799212137456,0
1.652920550383234,1.3770461813217991,0.20757344314337434,0.6628868142758668,1
-0.006407946326958014,-0.0017727585311296257,0.01193888674453153,-0.015327015623140108,1
-0.006443401497580607,0.19317595745846985,0.011632346432068728,-0.30421929998023944,0
-0.0025798823484112095,-0.00210981989219744,0.005547960432463939,-0.007890619310913782,0
-0.0026220787462551583,-0.19731089538913285,0.0053901480462456635,0.28653757974863886,1
-0.006568296654037816,-0.002266228165405587,0.011120899641218441,-0.004440475168872027,1
-0.006613621217345927,0.19269448224786465,0.011032090137841,-0.293593980135426,0
-0.002759731572388634,-0.002583005774490027,0.005160210535132481,0.002547795808560238,0
-0.0028113916878784347,-0.19777858030767448,0.005211166451303686,0.2968543545639313,1
-0.006766963294031925,-0.002731303033474075,0.011148253542582313,0.0058194872113742635,0
-0.0068215893547014066,-0.19801134712084303,0.011264643286809798,0.30199886960733074,1
-0.010781816297118267,-0.0030517414943433407,0.01730462067895641,0.012889750196036442,1
-0.010842851127005134,0.1918178191318158,0.01756241568287714,-0.2742835220110081,0
-0.007006494744368819,-0.003550253343965609,0.01207674524265698,0.02388647838156238,1
-0.00707749981124813,0.19139644290893612,0.012554474810288227,-0.26496176505543495,0
-0.003249570953069408,-0.003902426846408097,0.007255239509179528,0.03165437201624216,1
-0.00332761948999757,0.191114733250392,0.00788832694950437,-0.2587306474021882,0
0.0004946751750102701,-0.004118939356393347,0.002713714001460606,0.03642989421223031,0
0.0004122963878824032,-0.19927970033972728,0.003442311885705212,0.3299677887165336,1
-0.003573297618912142,-0.004206920002392395,0.010041667660035884,0.03837238954233152,1
-0.00365743601895999,0.19076960459042058,0.010809115450882515,-0.2511254514370959,0
0.00015795607284842207,-0.004505018714600684,0.0057866064221405965,0.044947190275167526,1
6.785569855640839e-05,0.1905334794982486,0.006685550227643947,-0.24590440614319758,0
0.0038785252885213803,-0.0046833165895956985,0.0017674621047799955,0.04887978099503493,0
0.0037848589567294664,-0.19983056702290108,0.0027450577246806943,0.34211983301473375,1
-0.0002117523837285554,-0.004747777851348944,0.00958745438497537,0.05030379772584537,1
-0.00030670794075553427,0.1902353959583603,0.010593530339492277,-0.23933885264968302,0
0.003497999978411672,-0.005036275204661683,0.005806753286498616,0.0566666584529692,1
0.0033972744743184383,0.1900019375456075,0.006940086455558,-0.2341785525339946,0
0.007197313225230589,-0.0052184821729465425,0.0022565154048781073,0.06068539404663381,0
0.007092943581771658,-0.20037271419879912,0.0034702232858107836,0.3540794117779795,1
0.0030854892977956756,-0.00530027809103753,0.010551811521370375,0.062492763075382096,1
0.002979483735974925,0.1896688078133803,0.011801666782878016,-0.2268424099124388,0
0.006772859892242531,-0.00561979827765155,0.00726481858462924,0.06953970920196134,1
0.0066604639266895,0.18939724965291294,0.008655612768668467,-0.22084230545425398,0
0.010448408919747758,-0.005847347386797458,0.004238766659583388,0.07455833781254273,1
0.01033146197201181,0.18921358099316934,0.0057299334158342425,-0.21678423257952456,0
0.014115733591875197,-0.005989812404831318,0.0013942487642437515,0.07770064202831722,0
0.01399593734377857,-0.20113172319703684,0.002948261604810096,0.37082313271394873,1
0.009973302879837833,-0.006051782666338046,0.010364724259089072,0.07907128133526647,1
0.009852267226511072,0.18892006457528257,0.011946149885794401,-0.21032360628979835,0
0.013630668518016724,-0.006370640893708118,0.007739677759998434,0.08610363416684036,1
0.01350325570014256,0.1886395176981953,0.009461750443335241,-0.20412740000758622,0
0.017276046054106466,-0.006616457136483428,0.005379202443183517,0.09152516528922783,1
0.017143716911376797,0.18842798094287322,0.007209705748968074,-0.19945578112072976,0
0.02091227653023426,-0.00679634209785393,0.0032205901265534784,0.09549272780106444,1
0.02077634968827718,0.18827930206683977,0.005130444682574767,-0.19617236906409696,0
0.024541935729613978,-0.006915657390187291,0.001206997301292828,0.09812456088695704,0
0.024403622581810232,-0.20205488656100434,0.0031694885190319687,0.39118804854828704,1
0.020362524850590147,-0.006978060340880776,0.01099324948999771,0.09950610703755997,1
0.020222963643772532,0.1879846265418172,0.012983371630748908,-0.1896883020581135,0
0.023982656174608874,-0.007320639739985646,0.009189605589586638,0.10706191007670968,1
0.02383624337980916,0.1876684244304459,0.011330843791120832,-0.18270763029707565,0
0.027589611868418077,-0.007613810297921436,0.007676691185179319,0.11352811486447623,1
0.02743733566245965,0.1873973059044741,0.009947253482468844,-0.1767230152045169,0
0.03118528178054913,-0.007865577322288458,0.006412793178378506,0.11908126341835668,1
0.03102797023410336,0.18716390944818842,0.00879441844674564,-0.17157160320351783,0
0.03477124842306713,-0.00808280263333297,0.005362986382675284,0.12387266513809664,1
0.03460959237040047,0.1869619068030239,0.007840439685437217,-0.16711348123637487,0
0.03834883050646095,-0.008271391431772024,0.0044981700607097195,0.12803253070453902,1
0.03818340267782551,0.18678583347261624,0.0070588206748005,-0.16322788909613245,0
0.041919119347277836,-0.008436452976527953,0.0037942628928778507,0.1316735211538257,1
0.041750390287747276,0.18663094218023404,0.006427733315954365,-0.15980995476419796,0
0.045483009131351955,-0.008582439305855033,0.0032315342206704054,0.13489380902664688,1
0.045311360345234857,0.18649307561600142,0.005929410401203343,-0.15676786609725474,0
0.049041221857554884,-0.008713265697348094,0.002794053079258248,0.13777973504610574,1
0.048866956543607926,0.1863685552319951,0.005549647780180363,-0.15402040359844882,0
0.05259432764824783,-0.008832416093586898,0.002469239708211386,0.14040813253765388,0
0.05241767932637609,-0.20398964512194992,0.005277402358964464,0.43386903939075216,1
0.04833788642393709,-0.008942806451580992,0.013954783146779507,0.14285440465079619,1
0.048159030294905474,0.18597653934225328,0.016811871239795433,-0.1453935730566051,0
0.05187856108175054,-0.009382086766440645,0.01390399977866333,0.15254541241957792,1
0.051690919346421726,0.185538045037018,0.016954908027054887,-0.1357188798668923,1
0.055401680247162084,0.38041309066269613,0.014240530429717041,-0.4230049297877975,0
0.063009942060416,0.1850923209467147,0.00578043183396109,-0.1258669074906394,0
0.0667117884793503,-0.010111961689344057,0.0032630936841483026,0.16863406214428295,1
0.06650954924556342,0.18496313087068145,0.006635774927033961,-0.12301767101892852,0
0.07020881186297705,-0.010253257336096805,0.004175421506655392,0.17175136777892624,1
0.07000374671625512,0.1848086842559138,0.007610448862233917,-0.11961142370319078,0
0.0736999204013734,-0.010421474134303138,0.005218220388170101,0.17546278364827766,1
0.07349149091868733,0.18462540964918664,0.008727476061135653,-0.11556940888509348,0
0.07718399911167106,-0.010620498128955408,0.006416087883433784,0.17985414450119264,1
0.07697158914909195,0.1844090545551153,0.010013170773457637,-0.11079784618318217,0
0.08065977024019426,-0.010854938185816121,0.007797213849793993,0.18502728266314944,1
0.08044267147647793,0.1841545870461525,0.011497759503056981,-0.10518575565722277,0
0.08412576321740098,-0.011130231313868366,0.009394044389912527,0.19110237664500046,1
0.08390315859112361,0.1838560791629096,0.013216091922812536,-0.09860237536138505,0
0.08758028017438181,-0.011452766756409938,0.011244044415584836,0.19822072657795442,1
0.08735122483925362,0.1835065695458733,0.015208458947143923,-0.0908941123510203,0
0.09102135623017109,-0.011830031363065985,0.013390576700123518,0.20654801862184696,1
0.09078475560290977,0.18309790235166526,0.017521537072560458,-0.08188095640475279,1
0.09444671364994307,0.3779643581385147,0.015883917944465403,-0.3689847042854365,0
0.10200600081271337,0.18262036228158293,0.008504223858756672,-0.07133599801097618,0
0.10565840805834503,-0.012622470683422149,0.007077503898537148,0.22401787293966213,1
0.10540595864467658,0.1823976138985268,0.01155786135733039,-0.066424158616817,0
0.10905391092264712,-0.012888120729418473,0.01022937818499405,0.22988281381855785,1
0.10879614850805874,0.18208617107189173,0.014827034461365208,-0.05955593767151124,0
0.11243787192949657,-0.013245197195675878,0.013635915707934983,0.2377678973580697,1
0.11217296798558306,0.18167931951026242,0.018391273655096376,-0.0505828602042655,1
0.11580655437578831,0.3765327964067266,0.017379616451011066,-0.3374069170179862,0
0.12333721030392285,0.18116789382497514,0.010631478110651342,-0.039294469651040165,0
0.12696056818042234,-0.01410488592883935,0.009845588717630539,0.2567237423025359,1
0.12667847046184555,0.18087512440279194,0.014980063563681256,-0.03283754161049973,0
0.1302959729499014,-0.014458407879062718,0.014323312731471262,0.2645338564290642,1
0.13000680479232013,0.18045620624549286,0.019613989860052545,-0.023597164198883913,1
0.13361592891722998,0.37529146314577166,0.019142046576074868,-0.31002769196447705,0
0.1411217581801454,0.17990208687419199,0.012941492736785326,-0.011369903533966108,0
0.14471979991762926,-0.015403048644047873,0.012714094666106004,0.28536796013991456,1
0.1444117389447483,0.179535288001376,0.018421453868904297,-0.0032780684453611597,1
0.1480024447047758,0.3743882708251403,0.018355892499997074,-0.29009235044110404,0
0.15549021012127862,0.17900945166680995,0.012554045491174993,0.008322835999878542,0
0.15907039915461482,-0.016290271093070657,0.012720502211172564,0.3049401278465477,1
0.1587445937327534,0.17864811525184093,0.01881930476810352,0.01629593221065828,1
0.16231755603779022,0.3734951899085202,0.019145223412316687,-0.2703903760965331,0
0.1697874598359606,0.17810534046895526,0.013737415890386025,0.028269037951431653,0
0.1733495666453397,-0.017210893041588016,0.014302796649414657,0.3252544173325727,1
0.17300534878450796,0.17770452186103147,0.02080788499606611,0.037116078698652244,1
0.1765594392217286,0.37252200060960794,0.021550206570039154,-0.24892980264467274,0
0.18400987923392076,0.1770990259830097,0.0165716105171457,0.0504718647791178,0
0.18755185975358096,-0.018256576570867683,0.017581047812728054,0.34833686386938123,1
0.18718672822216362,0.1766109629858342,0.024547785090115678,0.061249289336540946,1
0.1907189474818803,0.3713725085457579,0.0257727708768465,-0.22358868784179797,0
0.19814639765279546,0.1758918573627613,0.02130099712001054,0.0771112662250465,1
0.2016642348000507,0.3707020703609281,0.02284322244451147,-0.2087757424069751,0
0.20907827620726926,0.17526106008016334,0.018667707596371968,0.09102461196232675,1
0.21258349740887253,0.3701105342908432,0.020488199835618504,-0.1957106872157015,0
0.2199857080946894,0.17470160115120198,0.016573986091304473,0.10336430442526295,0
0.22347974011771343,-0.02065390276046894,0.018641272179809733,0.4012298423592596,1
0.22306666206250406,0.1741987410054428,0.026665869026994925,0.11448187489068606,1
0.2265506368826129,0.36892865754236326,0.028955506524808647,-0.16967031990047143,0
0.23392921003346018,0.17340447883110685,0.025562100126799218,0.1320047374201373,1
0.23739729961008232,0.3681511172556339,0.028202194875201963,-0.15250534773511581,0
0.244760321955195,0.17263693494976148,0.025152087920499645,0.14893965099483292,1
0.24821306065419024,0.36738985164161236,0.028130880940396303,-0.13570339018226651,0
0.25556085768702247,0.17187649846986863,0.02541681313675097,0.1657199963643608,1
0.25899838765641986,0.3666255696086427,0.028731213064038186,-0.11883751887014321,0
0.2663308990485927,0.17110399975261922,0.026354462686635324,0.18276960904979445,1
0.2697529790436451,0.36583912878768465,0.030009854867631212,-0.1014843341550884,0
0.2770697616193988,0.17030023372211575,0.027980168184529444,0.20051351595776662,1
0.2804757662938411,0.3650110641419587,0.03199043850368478,-0.08321331316240649,0
0.28777598757668027,0.1694454916029685,0.030326172240436648,0.2193885386379828,1
0.29116489740873963,0.36412111518908624,0.0347139430131963,-0.06357609997428809,0
0.29844731971252136,0.16851909222292558,0.03344242101371054,0.23985401799996386,1
0.3018177015569799,0.3631477430997833,0.038239501373709815,-0.042095480481407044,0
0.3090806564189756,0.16749890518573135,0.037397591764081674,0.2624029092272304,1
0.3124306345226902,0.3620676298433497,0.04264564994862628,-0.018253782332813273,1
0.3196719871195572,0.5565528702837403,0.04228057430197002,-0.2971823864354832,0
0.330803044525232,0.36085450085858795,0.036336926573260354,0.008529612711426993,0
0.33802013454240376,0.16523077751283027,0.03650751882748889,0.31245220257784423,1
0.3413247500926604,0.3598141312640374,0.04275656287904578,0.03150248220558044,1
0.34852103271794116,0.5542976799679583,0.04338661252315739,-0.24738962670045173,0
0.3596069863173003,0.358583811569145,0.03843881998914836,0.05865657325668733,1
0.3667786625486832,0.5531341426661345,0.039611951454282104,-0.22165512726320635,0
0.37784134540200587,0.3574690434720682,0.03517884890901798,0.08325515542512785,0
0.38499072627144726,0.16186093556694378,0.03684395201752053,0.38682622815360057,1
0.3882279449827861,0.3564410276771914,0.04458047658059255,0.10598384238358771,1
0.3953567655363299,0.5508967055773828,0.0467001534282643,-0.1723075546596909,0
0.4063746996478776,0.35513854744030093,0.043254002335070485,0.13473439844625634,1
0.4134774705966836,0.5496151057913969,0.045948690303995614,-0.14399488393955534,0
0.4244697727125115,0.3538662581966956,0.04306879262520451,0.16282264312806832,1
0.4315470978764454,0.5483460374204612,0.04632524548776588,-0.11596819824808652,0
0.4425140186248546,0.35259198866907976,0.044005881522804144,0.19096261226104227,1
0.4495658583982362,0.5470576733995266,0.04782513376802499,-0.08751996686179747,0
0.4605070118662267,0.35128398197649824,0.04607473443078904,0.21986002765624624,1
0.4675326915057567,0.5457180803205908,0.05047193498391397,-0.05794042457570492,0
0.4784470531121685,0.34991014848009877,0.04931312649239987,0.25022989897774406,1
0.48544525608177047,0.5442944746599132,0.05431772447195475,-0.026499952667433158,0
0.4963311455749687,0.3484373371770521,0.05378772541860609,0.2828140246198787,1
0.5032998923185098,0.5427524806136501,0.05944400591100366,0.0075688077809134,1
0.5141549419307828,0.7369737701552195,0.05959538206662193,-0.26578230723062957,0
0.5288944173338872,0.5410541150525587,0.05427973592200934,0.04508613012406287,0
0.5397154996349384,0.34519753044449814,0.0551814585244906,0.3543887328502321,1
0.5466194502438283,0.5394932161624755,0.06226923318149524,0.07960393022396223,1
0.5574093145670778,0.7336698069243672,0.06386131178597448,-0.19280112878228278,0
0.5720827107055652,0.5376951947851943,0.06000528921032883,0.11932403203757064,1
0.582836614601269,0.7319083733741724,0.06239176985108024,-0.1538404550234697,0
0.5974747820687525,0.5359511357690435,0.059314960750610844,0.15785476185436664,1
0.6081938047841333,0.7301759171570384,0.06247205598769818,-0.11554168518551078,0
0.6227973231272741,0.5342170543798728,0.060161222283987965,0.19617805046043735,1
0.6334816642148715,0.7284291719181977,0.06408478329319671,-0.0769363585811138,0
0.6480502476532355,0.5324498467948583,0.06254605612157443,0.23525722377181268,1
0.6586992445891326,0.7266249994922702,0.06725120059701069,-0.03705942625958575,0
0.673231744578978,0.530606334027919,0.06651001207181897,0.2760608713309702,1
0.6838438712595364,0.724719448938416,0.07203122949843838,0.005074498343183742,0
0.6983382602383047,0.5286423471100835,0.07213271946530204,0.31958634495531474,1
0.7089111071805063,0.722666835260417,0.07852444636440833,0.05049506918245711,1
0.7233644438857146,0.9165801401583471,0.07953434774805748,-0.2164161145905062,0
0.7416960466888816,0.7204165889214879,0.07520602545624736,0.10025750065739625,1
0.7561043784673113,0.9143846523516831,0.07721117546939528,-0.16778244284158317,0
0.774392071514345,0.718247281613663,0.07385552661256362,0.14822462213315196,1
0.7887570171466183,0.9122381806628841,0.07682001905522666,-0.12027468409786451,0
0.8070017807598759,0.7161044550858728,0.07441452537326937,0.1956211244037951,1
0.8213238698615934,0.9100874502801689,0.07832694786134527,-0.07269041680215804,0
0.8395256188671968,0.7139350431633174,0.0768731395253021,0.24364067587710664,1
0.8538043197304631,0.9078796101129147,0.08174595304284424,-0.02383856431343767,0
0.8719619119327214,0.7116862798115744,0.08126918175657548,0.29347524915176854,1
0.8861956375289529,0.9055611707897289,0.08713868673961085,0.027489592455797796,0
0.9043068609447475,0.7093046676325311,0.0876884785887268,0.34634376532122185,1
0.9184929542973982,0.9030769804466888,0.09461535389515124,0.08254944250374252,1
0.9365544939063319,1.0967242542450086,0.0962663427452261,-0.178846851084008,0
0.9584889789912321,0.900365953490628,0.09268940572354593,0.1425854947914617,1
0.011017143233042814,0.04128634777824672,-0.044793102625250006,0.03328605688897947,0
0.01184287018860775,-0.15316558347184636,-0.04412738148747042,0.31150661941163904,0
0.008779558519170822,-0.3476319912660465,-0.03789724909923764,0.5899530344858559,0
0.0018269186938498928,-0.5422033885414254,-0.026098188409520523,0.8704614482329214,1
-0.009017149076978615,-0.3467363506381397,-0.008688959444862095,0.5696887410194772,1
-0.01595187608974141,-0.15149362298454333,0.0027048153755274487,0.27428118286554487,1
-0.018981748549432277,0.04358963150235182,0.008190439032838347,-0.017547413689028513,1
-0.018109955919385242,0.238593170393641,0.007839490759057778,-0.30763494881826337,0
-0.013338092511512422,0.04336039575513351,0.0016867917826925106,-0.012489999044780209,0
-0.012470884596409751,-0.15178570559693633,0.0014369918017969065,0.2807246531003645,1
-0.015506598708348477,0.04331571808900686,0.007051484863804197,-0.011504704828926016,1
-0.01464028434656834,0.2383358354291409,0.006821390767225676,-0.30195448869669167,0
-0.009873567637985522,0.04311732995148296,0.0007823009932918425,-0.007128069959886185,1
-0.009011221038955863,0.23822805313619888,0.0006397395940941188,-0.2995640687133288,0
-0.004246659976231885,0.04309698896979178,-0.0053515417801724575,-0.006679448931373899,0
-0.0033847201968360495,-0.15194780628774218,-0.005485130758799936,0.2843102087755868,1
-0.006423676322590893,0.04325194587584455,0.00020107341671180088,-0.01009763515615264,0
-0.005558637405074002,-0.15187288843339372,-8.792864112519365e-07,0.28264872597507096,1
-0.008596095173741877,0.04324907532782818,0.005652095233090167,-0.010034478176853712,1
-0.007731113667185313,0.2382895136047905,0.005451405669553093,-0.300928755355987,0
-0.0029653233950895025,0.04309028887676089,-0.0005671694375666472,-0.006531563596620493,0
-0.0021035176175542847,-0.15202352373584344,-0.000697800709499057,0.28597236044325286,1
-0.005143988092271153,0.04310837233705733,0.005021646499366,-0.006930565796974486,1
-0.004281820645530007,0.2381579473520059,0.00488303518342651,-0.29802488154709234,0
0.0004813383015101116,0.042966731045399026,-0.0010774624475153368,-0.003805941050737227,0
0.0013406729224180922,-0.1521397512395663,-0.0011535812685300813,0.288536838600407,1
-0.001702122102373234,0.04299863131059972,0.004617155503478059,-0.004509693282325922,1
-0.0008421494761612395,0.23805406253851413,0.0045269616378315405,-0.2957322825726957,0
0.003918931774609043,0.042867867893346595,-0.0013876840136223733,-0.0016250684430464402,1
0.004776289132475975,0.23800969300730182,-0.0014201853824833022,-0.2947455032494727,0
0.009536482992622011,0.042908017720983765,-0.007315095447472756,-0.00251081981134732,0
0.010394643347041687,-0.15210826455690796,-0.007365311843699702,0.2878551581772755,1
0.007352478055903528,0.04311794188175336,-0.0016082086801541915,-0.007141590673803544,0
0.008214836893538595,-0.1519809084703366,-0.0017510404936302625,0.2850334932629945,1
0.005175218724131863,0.04316597260766181,0.003949629371629628,-0.008201185235012287,0
0.006038538176285099,-0.1520123984470395,0.003785605666929382,0.28572527584194135,1
0.0029982902073443086,0.043055359133933574,0.00950011118376821,-0.00576129851496493,1
0.00385939739002298,0.23803978575961163,0.00938488521346891,-0.2954317495600728,0
0.008620193105215213,0.0427853068751351,0.0034762502222674537,0.0001961866762084652,0
0.009475899242717915,-0.15238632588437417,0.003480173955791623,0.2939738824374985,1
0.006428172725030431,0.04268583549811206,0.009359651604541594,0.002390581418176496,1
0.007281889434992672,0.23767231368479452,0.009407463232905124,-0.2873246274984737,0
0.012035335708688562,0.04241747568125981,0.0036609706829356494,0.008310422904184323,0
0.012883685222313758,-0.1527567870957879,0.003827179141019336,0.302146178150956,1
0.009828549480398,0.04231040911654202,0.009870102704038456,0.010672714656306148,1
0.01067475766272884,0.23728942910200376,0.010083556997164579,-0.27887980637228516,0
0.015420546244768917,0.04202509250906816,0.004505960869718876,0.01696632357889355,1
0.01626104809495028,0.2370821340140767,0.004845287341296746,-0.2742915203885298,0
0.021002690775231814,0.041891386316694645,-0.0006405430664738494,0.01991567322678439,0
0.021840518501565705,-0.15322137297064192,-0.00024222960193816153,0.3123964324687221,1
0.018776091042152866,0.041904028274992594,0.006005699047436281,0.01963712368476045,1
0.01961417160765272,0.23693933858999236,0.00639844152113149,-0.27114490093605087,0
0.024352958379452568,0.04172667056778559,0.0009755435024104723,0.023549236076410296,0
0.02518749179080828,-0.15340925724810783,0.0014465282239386782,0.31653979826350814,1
0.02211930664584612,0.04169206020094554,0.007777324189208841,0.024313407418322053,1
0.022953147849865033,0.2367016191252614,0.008263592337575282,-0.26590557412790317,0
0.02768718023237026,0.041462706829948154,0.002945480855017219,0.029372263665225662,0
0.028516434368969223,-0.15370136027851897,0.003532926128321732,0.32298306453632436,1
0.025442407163398843,0.04137010543487868,0.00999258741904822,0.03141637018351118,1
0.026269809272096416,0.23634734298786572,0.010620914822718444,-0.25809711283555725,0
0.03099675613185373,0.04107538569749497,0.005458972566007299,0.03791679293884248,1
0.03181826384580363,0.23611863118321136,0.006217308424784148,-0.2530387860650936,0
0.036540636469467855,0.040908457461081876,0.001156532703482276,0.04159869206126138,0
0.03735880561868949,-0.15423005906422627,0.0019885065447075036,0.33464629163000814,1
0.03427420443740496,0.04086353494807368,0.008681432377307667,0.04259109972344344,1
0.035091475136366436,0.23585992802687797,0.009533254371776536,-0.24734015864635633,0
0.039808673696903996,0.04060313166881108,0.004586451198849409,0.04833446118931578,1
0.04062073633028022,0.23565901761718067,0.005553140422635725,-0.2428978784849823,0
0.045333916682623834,0.0404581879591113,0.0006951828529360793,0.05153146629707894,0
0.04614308044180606,-0.15467372449538125,0.001725812178877658,0.34443364799372567,1
0.04304960595189843,0.04042363332994914,0.008614485138752171,0.0522954355968695,1
0.043858078618497415,0.23542101052176934,0.00966039385068956,-0.23765714997948595,0
0.048566498828932804,0.04016238933576144,0.004907250851099841,0.058057226901823134,1
0.04936974661564803,0.23521363697977107,0.006068395389136304,-0.2330733958234144,0
0.054074019355243454,0.040005505829028176,0.0014069274726680155,0.06151750674713813,0
0.05487412947182402,-0.15513658930435545,0.002637277607610778,0.3546439962829932,1
0.05177139768573691,0.03994776399430941,0.009730157533270643,0.06279384269511795,1
0.052570352965623096,0.23492886606251084,0.010986034387173002,-0.22680334432272475,0
0.05726893028687331,0.03965164749531716,0.0064499675007185075,0.0693246364072519,1
0.05806196323677965,0.23468053587869325,0.007836460228863546,-0.22131633368626757,0
0.06275557395435352,0.039447454670654886,0.003410133555138194,0.07382819193492257,0
0.06354452304776662,-0.15572321827071348,0.004886697393836645,0.36758507643926197,1
0.06043005868235234,0.039328955037580104,0.012238398922621886,0.07644699314252407,1
0.06121663778310395,0.23427334064263583,0.013767338785472368,-0.2123496872289924,0
0.06590210459595666,0.03895728484606753,0.009520345040892522,0.08464410154735524,1
0.06668125029287801,0.2339414820895472,0.011213227071839627,-0.2050200006750461,0
0.07136007993466896,0.038660986636356504,0.007112827058338705,0.09117894696273476,1
0.0721332996673961,0.23368026871272865,0.0089364059975934,-0.19925142280388802,0
0.07680690504165066,0.038431650183189364,0.0049513775415156395,0.09623707914141527,0
0.07757553804531445,-0.15676091499067257,0.006876119124343945,0.3904780369325826,1
0.074440319745501,0.0382627738794753,0.014685679862995597,0.0999709823806767,1
0.0752055752230905,0.2331712088607353,0.01668509951060913,-0.1880427091629494,0
0.0798689994003052,0.03781456795676147,0.012924245327350141,0.10985665541878648,1
0.08062529075944043,0.23274895700632187,0.01512137843572587,-0.17872088533772623,0
0.08528026989956687,0.03741391523208262,0.011546960728971345,0.11869369539225116,1
0.08602854820420852,0.23236853766378196,0.013920834636816369,-0.17032401214519227,0
0.09067591895748416,0.03705013046318892,0.010514354393912524,0.12671780429825902,1
0.09141692156674794,0.23201988919883088,0.013048710479877705,-0.16262950504743728,0
0.09605731935072456,0.036713591430695885,0.00979612037892896,0.1341412130396742,1
0.09679159117933848,0.23169386384433577,0.012478944639722444,-0.15543514905362693,0
0.1014254684562252,0.036395484207896955,0.009370241658649905,0.14115832570918274,1
0.10215337814038314,0.23138198981406466,0.01219340817283356,-0.14855378198917307,0
0.10678101793666443,0.03608757162332296,0.009222332533050097,0.147950841574009,1
0.10750276936913089,0.2310762521090904,0.012181349364530277,-0.1418084138644362,0
0.11212429441131269,0.03578197907104719,0.009345181087241552,0.15469249001068014,1
0.11283993399273363,0.23076888672686277,0.012439030887455155,-0.13502765680953072,0
0.11745531172727089,0.035470992243488236,0.00973847775126454,0.16155350222221682,1
0.11816473157214065,0.2304521832349821,0.012969547795708877,-0.12804134845865695,0
0.12277377523684029,0.0351468616969878,0.010408720826535739,0.16870493523877228,1
0.12347671247078004,0.23011829085929425,0.013782819531311184,-0.12067625736320747,0
0.12807907828796591,0.03480160940621527,0.011369294384047036,0.17632295824192828,1
0.12877511047609022,0.22975902334758538,0.014895753548885601,-0.11275176206348986,0
0.13337029094304192,0.034426832622869774,0.012640718307615803,0.1845932084800675,1
0.1340588275954993,0.22936565790363467,0.016332582477217153,-0.1040753959121205,0
0.138646140753572,0.034013500437720445,0.014251074558974742,0.19371532380775547,1
0.1393264107623264,0.22892872344714976,0.018125381035129853,-0.09443814765108027,0
0.1439049852312694,0.03355173847095197,0.01623661808210825,0.20390776106068592,1
0.14457602000068845,0.22843777335729717,0.020314773303321966,-0.08360940310958614,0
0.1491447754678344,0.03303059711299,0.018642585241130244,0.215413013952245,0
0.1498053874100942,-0.16235284213535267,0.022950845520175144,0.5139178483402183,1
0.14655833056738715,0.03243848282729811,0.03322920248697951,0.22855476722646811,1
0.1472071002239331,0.22707020331400218,0.03780029783150887,-0.05346405923862174,1
0.15174850429021314,0.4216303328344567,0.03673101664673644,-0.33398513739589075,0
0.16018111094690227,0.22600537846208496,0.030051313898818627,-0.02994914091879186,1
0.16470121851614397,0.4206837752748958,0.02945233108044279,-0.31300113167591037,0
0.17311489402164187,0.2251549002675136,0.023192308446924582,-0.011177283582936848,1
0.17761799202699213,0.419936697216195,0.022968762775265845,-0.29645347770308905,0
0.18601672597131602,0.22449496852670428,0.017039693221204064,0.0033840102208231304,0
0.19050662534185012,0.029132840767663842,0.017107373425620527,0.3013940875589362,1
0.1910892821572034,0.22400683842790067,0.02313525517679925,0.014155186682086263,1
0.1955694189257614,0.41878949204552696,0.023418358910440973,-0.2711394473511715,0
0.20394520876667194,0.22334133112155402,0.017995569963417543,0.028836775242433554,0
0.20841203538910302,0.027965996452902264,0.018572305468266215,0.3271427377026404,1
0.20897135531816108,0.22281867665307575,0.025115160222319022,0.04037406784368902,1
0.2134277288512226,0.4175716443650108,0.0259226415791928,-0.24428017425833087,0
0.22177916173852283,0.22208920965784684,0.021037038094026184,0.05646536570720295,0
0.22622094593167977,0.02667203807211377,0.02216634540817024,0.3557106960695429,1
0.22675438669312203,0.22147192932040097,0.0292805593295611,0.07009901388155798,1
0.23118382527953005,0.4161621247837951,0.030682539607192257,-0.21320384544629467,0
0.23950706777520595,0.22061524351001197,0.026418462698266365,0.08899767008672144,1
0.2439193726454062,0.4153487532791134,0.028198416100000793,-0.19523454238676757,0
0.25222634771098845,0.21983503063727625,0.02429372525226544,0.10620868785065957,1
0.256623048323734,0.414600569527944,0.02641789900927863,-0.17871176124497834,0
0.2649150597142929,0.21911072689733405,0.022843663784379065,0.12218664250877986,1
0.2692972742522396,0.41389807695554676,0.025287396634554662,-0.16320269798726977,0
0.2775752357913505,0.21842342323333042,0.022023342674809265,0.13734924233662715,0
0.2819437042560171,0.02299306713858662,0.024770327521541808,0.436898026855949,1
0.2824035655987888,0.21775579112658616,0.03350828805866079,0.1521252931841935,1
0.28675868142132055,0.41238231664196456,0.03655079392234466,-0.1298010213910219,0
0.29500632775415986,0.2167563555068263,0.03395477349452422,0.17418547159219905,1
0.29934145486429636,0.4113763127470522,0.0374384829263682,-0.10759540823839786,0
0.3075689811192374,0.21573841827444398,0.03528657476160024,0.19666013993890225,1
0.3118837494847263,0.41033833725319757,0.03921977756037829,-0.08468592872307812,0
0.32009051622979023,0.21467677851172987,0.037526058985916724,0.22010837347426032,1
0.32438405180002483,0.40924279096698335,0.04192822645540193,-0.060505105534138015,0
0.3325689076193645,0.21354554006822507,0.04071812434471917,0.24510607244644567,1
0.33683981842072896,0.40806298017723996,0.04562024579364808,-0.03446042283015627,1
0.34500107802427377,0.6025020412259813,0.044931037337044955,-0.3124078656768564,0
0.35705111884879337,0.40676975040961966,0.038682880023507824,-0.005900456785679187,0
0.36518651385698575,0.2111149962370657,0.03856487088779424,0.298732054264559,1
0.3694088137817271,0.40566661455282715,0.04453951197308542,0.018456871787092266,1
0.3775221460727836,0.6001224558857498,0.044908649408827266,-0.25984733405976573,0
0.3895245951904986,0.4043891367293809,0.03971170272763195,0.046655335536392395,0
0.3976123779250862,0.20872091108153812,0.0406448094383598,0.35159844715336996,1
0.401786796146717,0.40324199829449825,0.0476767783814272,0.07200407899100386,1
0.40985163611260694,0.5976491616769619,0.049116859961247275,-0.20526363910642925,0
0.42180461934614616,0.4018604865346184,0.04501158717911869,0.10249974607194057,1
0.42984182907683854,0.5963094314786181,0.047061582100557504,-0.17564931127900285,0
0.4417680177064109,0.40054666196126876,0.04354859587497745,0.13150072092592013,1
0.44977895094563625,0.5950186171764658,0.04617861029349585,-0.14713140574212713,0
0.46167932328916556,0.3992668353645896,0.04323598217865331,0.1597549340826504,1
0.46966465999645735,0.5937439836442113,0.04643108086030631,-0.118980752598981,0
0.4815395396693416,0.39798859764266026,0.044051465808326695,0.18798170300845468,1
0.4894993116221948,0.5924535273142856,0.04781109986849579,-0.09048577057831031,0
0.5013483821684805,0.39668004151811137,0.046001384456929584,0.21688999159476513,1
0.5092819829988428,0.591115221483451,0.05033918428882489,-0.060934607921749206,0
0.5211042874285118,0.39530900912088696,0.04912049213038991,0.24719612505147942,1
0.5290104676109295,0.5896962692871722,0.0540644146314195,-0.029597451465221303,0
0.5408043929966729,0.3938423589425061,0.05347246560211507,0.27964135928087863,1
0.548681240175523,0.588162358917548,0.05906529278773264,0.004291389232722376,0
0.560444487353874,0.39224524869716426,0.05915112057238709,0.315009681089067,1
0.5682893923278173,0.5864769187645855,0.06545131419416843,0.04155200886441801,1
0.580018930703109,0.7806022284283586,0.06628235437145678,-0.22978352146396702,0
0.5956309752716761,0.5845988008140255,0.06168668394217744,0.08304876899325081,1
0.6073229512879565,0.7787847329323054,0.06334765932204245,-0.18955172547891452,0
0.6228986459466026,0.5828163961922925,0.05955662481246416,0.12242293010090854,1
0.6345549738704485,0.7770367592614821,0.06200508341448233,-0.15089179527818536,0
0.6500957090556782,0.5810842719524071,0.05898724750891862,0.16068990884948464,1
0.6617173944947263,0.7753143127173675,0.06220104568590831,-0.11281623688524256,0
0.6772236807490737,0.579358781039607,0.05994472094820346,0.1988239520354238,1
0.6888108563698658,0.7735744018400363,0.06392119998891194,-0.07436302442416637,0
0.7042823444066666,0.5775970782882756,0.06243393950042861,0.23778264238440688,1
0.7158342859724321,0.7717740910758822,0.06718959234811675,-0.034571729602344003,0
0.7312697677939498,0.5757561707516479,0.06649815775606988,0.27853059763199234,1
0.7427848912089827,0.7698695643229553,0.07206876970870972,0.007540100734772959,0
0.7581822824954418,0.5737920093938826,0.07221957172340518,0.322062838593057,1
0.7696581226833195,0.7678152085233256,0.07866082849526632,0.053000782221391596,1
0.785014426853786,0.961726299916706,0.07972084413969414,-0.21386400446574183,0
0.8042489528521201,0.7655604566396643,0.0754435640503793,0.1028633291246357,1
0.8195601619849133,0.9595246888686607,0.07750083063287201,-0.16509604464662503,0
-0.03611210906842408,-0.04099838254755629,-0.029472134724054078,-0.04308734377772805,0
-0.036932076719375206,-0.2356855882413963,-0.030333881599608637,0.24015309070275942,0
-0.04164578848420313,-0.43036137750883313,-0.02553081978555345,0.5231156439439214,1
-0.050253016034379795,-0.23488957230035978,-0.01506850690667502,0.22249824506255067,0
-0.05495080748038699,-0.4297929416351891,-0.010618542005424007,0.5103901352568629,1
-0.06354666631309078,-0.2345230259892974,-0.0004107393002867471,0.21437998196472557,1
-0.06823712683287672,-0.03939520499319382,0.0038768603390077648,-0.0784324821907803,0
-0.0690250309327406,-0.23457251759192788,0.002308210695192159,0.21547108065154397,1
-0.07371648128457915,-0.039483640876482984,0.006617632308223038,-0.07648284152892831,0
-0.07450615410210881,-0.23469983255481178,0.005087975477644472,0.21828060387469095,1
-0.07920015075320505,-0.03965098203981249,0.009453587555138292,-0.07279302657504572,0
-0.0799931703940013,-0.2349071777921965,0.007997727023637378,0.22285749291257978,1
-0.08469131394984523,-0.039900445936548484,0.012454876881888973,-0.06729194323741317,1
-0.0854893228685762,0.1550407450426784,0.01110903801714071,-0.3560194108290049,0
-0.08238850796772264,-0.04023737593514837,0.003988649800560612,-0.05985431373763894,0
-0.0831932554864256,-0.23541628847620696,0.0027915635258078334,0.23408438613513255,1
-0.08790158125594974,-0.040334334157587914,0.007473251248510484,-0.057716686552974295,0
-0.0887082679391015,-0.23556263666348431,0.006318917517450998,0.23731470510956404,1
-0.09341952067237118,-0.04053152816562089,0.011065211619642279,-0.05336836776283116,1
-0.0942301512356836,0.15443002884723994,0.009997844264385655,-0.3425396944738854,0
-0.0911415506587388,-0.04083272399640828,0.003147050374907947,-0.04672088623394355,0
-0.09195820513866697,-0.23599966009116402,0.002212632650229076,0.24695329950319206,1
-0.09667819834049025,-0.04090937939625963,0.007151698640292917,-0.04503089173713798,1
-0.09749638592841545,0.15410929380948105,0.006251080805550158,-0.33544883916603196,0
-0.09441420005222582,-0.0411010603312823,-0.0004578959777704816,-0.040801223179994184,0
-0.09523622125885146,-0.23621644240360032,-0.0012739204413703652,0.25173719783352794,1
-0.09996055010692347,-0.04107632325405139,0.003760823515300194,-0.04134727588352183,0
-0.1007820765720045,-0.23625200141654187,0.002933877997629757,0.252519850476363,1
-0.10550711660033534,-0.04117206640664456,0.007984275007157017,-0.03923623376211299,1
-0.10633055792846823,0.15383448588743834,0.007199550331914757,-0.329389386787978,0
-0.10325386821071945,-0.041389211366650275,0.0006117625961551965,-0.03444478071144985,0
-0.10408165243805247,-0.23651993010320913,-7.713301807380055e-05,0.258431100814179,1
-0.10881205104011665,-0.04139687779409679,0.00509148899820978,-0.034276153886116933,1
-0.10963998859599859,0.1536516911503933,0.004405965920487442,-0.3253483237918679,0
-0.10656695477299072,-0.0415327150048439,-0.0021010005553499167,-0.03127920653299343,0
-0.1073976090730876,-0.23662447388319585,-0.002726584686009785,0.2607400921949178,1
-0.11213009855075151,-0.04146370665095481,0.0024882171578885703,-0.03280158540106087,0
-0.11295937268377061,-0.23662125137724138,0.0018321854498673529,0.260665360580258,1
-0.11769179771131544,-0.04152550278622952,0.0070454926614725135,-0.03143910889730489,1
-0.11852230776704002,0.15349470757076425,0.006416710483526416,-0.3218908063058147,0
-0.11545241361562474,-0.0417180293848341,-2.110564258987757e-05,-0.02719122920779965,0
-0.11628677420332141,-0.2368396779274097,-0.0005649302267458706,0.26548503848195537,1
-0.12102356776186961,-0.041709668186571264,0.004744770542893237,-0.027376018900887256,1
-0.12185776112560104,0.15334391926451965,0.004197250164875492,-0.3185581493694302,0
-0.11879088274031065,-0.041837558817913234,-0.0021739128225131124,-0.02455452318744994,0
-0.1196276339166689,-0.23692826686143587,-0.0026650032862621112,0.26744171752776014,1
-0.12436619925389762,-0.04176838316067866,0.002683831064293092,-0.026080578508087315,1
-0.1252015669171112,0.15331497714217213,0.0021622194941313456,-0.31791551969568926,0
-0.12213526737426776,-0.04183770340750048,-0.004196090899782439,-0.02455149111732513,0
-0.12297202144241777,-0.23689922841469757,-0.004687120722128942,0.26680457343052894,1
-0.12771000601071172,-0.041710697283824066,0.0006489707464816365,-0.02735301563099457,1
-0.1285442199563882,0.15340194120904485,0.00010191043386174512,-0.3198311143535549,0
-0.12547618113220732,-0.0417214612365783,-0.006294711853209353,-0.027116050537491887,0
-0.12631061035693888,-0.23675257853548198,-0.0068370328639591905,0.2635741965200219,1
-0.13104566192764852,-0.04153370841424833,-0.0015655489335587528,-0.03125733655801144,0
-0.1318763360959335,-0.23663317391137123,-0.0021906956647189816,0.2609312318559767,1
-0.13660899957416092,-0.041480019055700396,0.0030279289724005534,-0.03244186201149707,1
-0.13743859995527494,0.15359837973679005,0.002379091732170612,-0.3241679090328231,0
-0.13436663236053914,-0.04155736627851128,-0.0041042664484858505,-0.030735666147529206,0
-0.13519777968610935,-0.23662022032900817,-0.004718979771436435,0.26064949960771755,1
-0.1399301840926895,-0.04143122385955847,0.0004940102207179166,-0.033518110041942994,1
-0.14075880856988068,0.1536836395888934,-0.00017635198012094333,-0.32604513050287215,0
-0.13768513577810282,-0.04143580033110861,-0.006697254590178387,-0.033417822655919915,0
-0.138513851784725,-0.23646107323542565,-0.007365611043296785,0.25714454796134645,1
-0.1432430732494335,-0.04123474232158442,-0.0022227200840698553,-0.03785247491439653,0
-0.1440677680958652,-0.236324749169677,-0.002979769582357786,0.25412833331203094,1
-0.14879426307925872,-0.041160378484898785,0.0021027970838828334,-0.03949297402464352,1
-0.1496174706489567,0.15393135571530173,0.001312937603389963,-0.3315117064521531,0
-0.14653884353465066,-0.04120925954319424,-0.005317296525653099,-0.03841503230817367,0
-0.14736302872551454,-0.23625455853537666,-0.006085597171816573,0.252585502397152,1
-0.1520881198962221,-0.041046240864069106,-0.0010338871238735328,-0.04201070657080763,1
-0.15290904471350347,0.15409052075664573,-0.0018741012552896854,-0.33501965532259176,0
-0.14982723429837055,-0.0410047082480989,-0.00857449436174152,-0.04292831118006635,0
-0.15064732846333254,-0.23600266111750362,-0.009433060585342847,0.24703699526489248,1
-0.15536738168568262,-0.04074726691007918,-0.004492320680044998,-0.048606344071426666,0
-0.1561823270238842,-0.23580451486802284,-0.005464447561473532,0.2426558377031126,1
-0.16089841732124466,-0.04060493742699889,-0.0006113308074112795,-0.051745696535148655,1
-0.16171051606978465,0.15452577423575603,-0.0016462447381142527,-0.3446214405814956,0
-0.15862000058506953,-0.04057271952519695,-0.008538673549744163,-0.052458092229869246,0
-0.15943145497557348,-0.23557120229341957,-0.009587835394341548,0.23751862961786596,1
-0.16414287902144187,-0.04031359693594652,-0.004837462801984229,-0.05817309691611716,0
-0.1649491509601608,-0.23536585493328424,-0.0060009247403065725,0.23297965824945915,1
-0.16965646805882648,-0.04015867587472746,-0.0013413315753173895,-0.061590099420368916,0
-0.170459641576321,-0.23526136973903003,-0.002573133563724768,0.23066932674398888,1
-0.17516486897110162,-0.04010274430147201,0.0020402529711550095,-0.06282414273448156,1
-0.17596692385713106,0.1549898952203174,0.0007837701164653784,-0.35486265898583025,0
-0.17286712595272472,-0.04014319134317951,-0.006313483063251226,-0.06193269065197804,0
-0.1736699897795883,-0.23517405519035894,-0.007552136876290787,0.22875162299099666,1
-0.17837347088339547,-0.039944999664257075,-0.002977104416470854,-0.06630391634013805,0
-0.17917237087668061,-0.235024141357736,-0.0043031827432736145,0.22543823203366048,1
-0.18387285370383533,-0.03984095478349228,0.00020558189739959543,-0.06859896894273532,1
-0.18466967279950516,0.155278048431276,-0.001166397481455111,-0.3612170265026082,0
-0.18156411183087964,-0.03982730401130069,-0.008390738011507274,-0.06890211769866084,0
-0.18236065791110564,-0.2348279597480327,-0.00976878036548049,0.22112172124743135,1
-0.1870572171060663,-0.039567748204086706,-0.005346345940531864,-0.07462659680296535,0
-0.18784857207014802,-0.23461264758155595,-0.006838877876591171,0.21636475276773087,1
-0.19254082502177913,-0.039393600316292354,-0.0025115828212365536,-0.07846758474683951,0
-0.19332869702810498,-0.23447945695664904,-0.004080934516173344,0.21342187268280294,1
-0.19801828616723796,-0.039299399004344954,0.0001875029374827147,-0.08054556776616195,1
-0.19880427414732485,0.15581986383354257,-0.0014234084178405245,-0.373169331014789,0
-0.195687876870654,-0.0392818381124746,-0.008886795038136304,-0.08093555649967299,0
-0.1964735136329035,-0.23427527641650292,-0.010505506168129765,0.20893036795745873,1
-0.20115901916123355,-0.039004696198488814,-0.00632689880898059,-0.08704790114422734,0
-0.20193911308520332,-0.23403538838605373,-0.008067856831865138,0.20363218605915312,1
-0.2066198208529244,-0.03879899352627009,-0.003995213110682075,-0.09158479946038128,0
-0.20739580072344982,-0.2338634530256753,-0.005826909099889701,0.1998349650876899,1
-0.2120730697839633,-0.038658649261987976,-0.001830209798135903,-0.09468037133067153,0
-0.21284624276920308,-0.2337543208423268,-0.0037238172247493337,0.19742456453043855,1
-0.2175213291860496,-0.0385793047613128,0.00022467406585943706,-0.09643072948542952,1
-0.21829291528127587,0.15653942562099432,-0.0017039405238491534,-0.3890427634971171,0
-0.215162126768856,-0.038558298806006835,-0.009484795793791495,-0.09689755996510652,0
-0.21593329274497614,-0.23354303575630997,-0.011422746993093626,0.19277790158759178,1
-0.22060415346010234,-0.03825955836267958,-0.00756718896134179,-0.10348641897956662,0
-0.22136934462735594,-0.23327225115087952,-0.009636917340933122,0.18679951275681606,1
-0.22603478965037352,-0.03801375586932465,-0.0059009270857968005,-0.10890783984698799,0
-0.22679506476776,-0.2330506524827793,-0.00807908388273656,0.18190754906692297,1
-0.2314560778174156,-0.037814033659591656,-0.0044409329013981,-0.11331304648771579,0
-0.23221235849060742,-0.23287207039018473,-0.006707193831152416,0.17796549344736357,1
-0.23686979989841112,-0.03765478091160976,-0.0031478839622051447,-0.11682575439718357,0
-0.2376228955166433,-0.23273148763972046,-0.005484399050148817,0.17486237955305345,1
-0.24227752526943772,-0.03753147690040762,-0.0019871514590877474,-0.11954563829240644,1
-0.24302815480744586,0.1576188888124112,-0.0043780642249358764,-0.41285483105323617,0
-0.23987577703119764,-0.03744072982683452,-0.0126351608460006,-0.12155535395620704,0
-0.24062459162773434,-0.23237939871324412,-0.015066267925124742,0.16711467016311565,1
-0.2452721796019992,-0.03704506244426331,-0.01172397452186243,-0.13028289550315425,0
-0.24601308085088447,-0.23199712363197453,-0.014329632431925515,0.1586783296096842,1
-0.25065302332352396,-0.036672979132708755,-0.01115606583973183,-0.13849057475621124,0
-0.25138648290617815,-0.2316333826969081,-0.013925877334856056,0.15065201719811921,1
-0.2560191505601163,-0.0363148195723301,-0.010912836990893671,-0.14639149494848497,0
-0.25674544695156293,-0.2312788064933649,-0.01384066688986337,0.1428287615135272,1
-0.26137102308143023,-0.03596139822608635,-0.010984091659592826,-0.15418831563809848,0
-0.26209025104595196,-0.23092436785180537,-0.014067857972354797,0.1350092392148547,1
-0.2667087384029881,-0.03560376795595421,-0.011367673188057703,-0.16207848379366163,0
-0.2674208137621072,-0.23056115216000525,-0.014609242863930935,0.12699667389912034,1
-0.2720320368053073,-0.03523299288307896,-0.012069309385948529,-0.17025926352811194,0
-0.2727366966629689,-0.23018013290588812,-0.015474494656510768,0.11859185774869013,1
-0.27734029932108667,-0.034839924904139286,-0.013102657501536965,-0.17893269269214868,0
-0.27803709781916947,-0.2297719470285567,-0.016681311355379938,0.10958817037707597,1
-0.2826325367597406,-0.03441497849278938,-0.014489547947838419,-0.18831059053985633,0
-0.28332083632959637,-0.22932666471766258,-0.018255759758635547,0.0997664704531917,1
-0.28790736962394964,-0.033947898558816664,-0.01626043034957171,-0.19861973957602225,0
-0.288586327595126,-0.22883354829728306,-0.020232825141092155,0.08888973396502237,1
-0.29316299856107164,-0.03342751623223386,-0.018455030461791706,-0.2101073663117669,0
-0.29383154888571633,-0.22828079477935967,-0.022657177788027043,0.07669730841510208,1
-0.2983971647813035,-0.03284148752486166,-0.021123231619725003,-0.22304704981042284,0
-0.29905399453180076,-0.22765525661145913,-0.02558417261593346,0.0628986448614145,1
-0.30360709966402993,-0.032176009962136376,-0.024326199718705168,-0.23774519337372108,0
-0.3042506198632727,-0.22694213513997732,-0.029081103586179588,0.04716635960571114,1
-0.3087894625660722,-0.03141551257470632,-0.028137776394065367,-0.2545482031710655,0
-0.30941777281756633,-0.2261246414727648,-0.03322874045748668,0.029128464660398035,0
-0.3139402656470216,-0.4207547034878112,-0.03264617116427872,0.31114494503433765,1
-0.3223553597167778,-0.22518321977032735,-0.026423272263591965,0.008347762068256881,1
-0.32685902411218437,-0.029692483030798716,-0.02625631702222683,-0.29255351994205714,0
-0.32745287377280036,-0.22443042442972042,-0.03210738742106797,-0.00826576075084573,1
-0.33194148226139475,-0.02886307150810752,-0.032272702636084886,-0.31090354776744983,0
-0.3325187436915569,-0.22351072033182115,-0.03849077359143388,-0.028570637099332497,0
-0.3369889580981933,-0.41806015345013603,-0.03906218633342053,0.2517238713534454,1
-0.345350161167196,-0.22240281081282645,-0.03402770890635162,-0.05301962505660912,1
-0.34979821738345257,-0.026809887252639858,-0.03508810140748381,-0.3562413871271364,0
-0.3503344151285054,-0.22141585606303002,-0.042212929150026536,-0.07482589612256091,0
-0.354762732249766,-0.41590801769766894,-0.04370944707247775,0.204245540467612,1
-0.3630808926037194,-0.22018912838022092,-0.03962453626312551,-0.10189888109590162,0
-0.3674846751713238,-0.41472146442563673,-0.041662513885043544,0.17802401057928163,1
-0.3757791044598366,-0.2190288307724455,-0.03810203367345791,-0.12750545531006818,1
-0.38015968107528547,-0.023382346365227236,-0.04065214277965927,-0.4319614708090578,0
-0.38062732800259,-0.21790581758598862,-0.04929137219584043,-0.15236577076383084,0
-0.3849854443543098,-0.4122885897185268,-0.05233868761111704,0.12436845323285739,1
-0.39323121614868034,-0.2164574010613279,-0.04985131854645989,-0.1843566355189557,0
-0.3975603641699069,-0.4108319317303477,-0.053538451256839,0.09219272964568931,1
-0.4057770028045139,-0.2149851074264786,-0.051694596663925216,-0.21688936706324502,0
-0.4100767049530435,-0.4093314060288353,-0.05603238400519012,0.05904920608573094,1
-0.4182633330736202,-0.21345269177682086,-0.054851399883475496,-0.2507726483553291,0
-0.4225323869091566,-0.4077502030275988,-0.059866852850582075,0.024117068423411103,0
-0.4306873909697086,-0.6019647885591278,-0.05938451148211385,0.29732670505435455,1
-0.44272668674089116,-0.406048790507342,-0.053437977381026756,-0.013478054562979014,1
-0.450847662551038,-0.2102028107265796,-0.053707538472286334,-0.3225309672397974,0
-0.45505171876556955,-0.4045204722263623,-0.06015815781708228,-0.047257182232204265,0
-0.4631421282100968,-0.5987305126441795,-0.061103301461726364,0.2258550697623838,1
-0.4751167384629804,-0.4027909316235236,-0.05658620006647869,-0.08545899451397643,1
-0.48317255709545087,-0.20690543123498675,-0.058295379956758216,-0.395444417850443,0
-0.4873106657201506,-0.4011538757540083,-0.06620426831376708,-0.12169584027906394,0
-0.4953337432352308,-0.5952679256888831,-0.06863818511934835,0.14938752600576227,1
-0.5072391017490084,-0.39923365575825553,-0.06565043459923312,-0.16413526834522374,0
-0.5152237748641736,-0.5933573791072977,-0.06893313996613759,0.10713567395228013,0
-0.5270909224463195,-0.7874272587492246,-0.06679042648709199,0.37729883776857326,1
-0.542839467621304,-0.591423433216536,-0.05924444973172053,0.06432684068227873,1
-0.5546679362856347,-0.39550431321528506,-0.05795791291807496,-0.24644392788692154,0
-0.5625780225499404,-0.5897526648539883,-0.06288679147581339,0.027409270642171746,1
-0.5743730758470201,-0.39378787900323436,-0.06233860606296995,-0.28443338880883096,0
-0.5822488334270848,-0.5879678915277426,-0.06802727383914657,-0.012044821274212303,0
-0.5940081912576396,-0.7820516308715006,-0.06826817026463082,0.2584228286714156,1
-0.6096492238750696,-0.5860248421518233,-0.06309971369120251,-0.05498768253195446,1
-0.621369720718106,-0.3900575511967771,-0.0641994673418416,-0.3668926271246415,0
-0.6291708717420416,-0.5842112690432798,-0.07153731988433444,-0.09512368862427178,0
-0.6408550971229071,-0.7782388667986326,-0.07343979365681988,0.1741592727435166,1
-0.6564198744588797,-0.5821468822185408,-0.06995660820194954,-0.14075775433861448,0
-0.6680628121032506,-0.7762007986288386,-0.07277176328872183,0.1290606752783683,1
-0.6835868280758274,-0.5801159034358806,-0.07019054978315446,-0.18566422152685313,0
-0.695189146144545,-0.7741670421417908,-0.07390383421369152,0.08407667394112434,1
-0.7106724869873808,-0.5780677929981419,-0.07222230073486904,-0.23097723158222727,0
