cartPos|type=float|role=input,cartVel|type=float|role=input,action|type=int|role=output
-0.5891279887498433,0.0,2
-0.587639679149615,0.0014883096002283223,2
-0.5846740121024526,0.0029656670471624146,2
-0.5802528394791348,0.004421172623317824,2
-0.5744088041418047,0.005844035337330018,2
-0.5671851675863308,0.0072236365554739935,2
-0.5586355638429897,0.008549603743341017,2
-0.5488236677869047,0.00981189605608499,2
-0.5378227655555812,0.011000902231323512,2
-0.5257152157721565,0.012107549783424598,2
-0.5125917927940802,0.013123422978076376,2
-0.4985509071855692,0.014040885608510977,2
-0.48369770384715166,0.014853203338417536,2
-0.4681430443876383,0.015554659459513348,2
-0.45200238693300626,0.016140657454632057,2
-0.43539458308766277,0.016607803845343473,2
-0.41844061761728046,0.01695396547038232,2
-0.4012623210580077,0.01717829655927276,2
-0.3839810884160305,0.017281232641977146,2
-0.3667166380947396,0.0172644503212909,2
-0.3495858440524874,0.017130794042252206,2
-0.33270167103278864,0.01688417301969873,2
-0.31617223779134557,0.016529433241443067,2
-0.30010002699357574,0.016072210797769826,2
-0.28458125339275436,0.015518773600821403,2
-0.26970539457623516,0.014875858816519224,2
-0.25555488151062555,0.014150513065609587,2
-0.24220493977139418,0.013349941739231378,0
-0.23172356703866778,0.010481372732726393,0
-0.2241620552461746,0.0075615117924931665,0
-0.2195562318811283,0.004605823365046297,0
-0.21792742795686382,0.001628803924264485,0
-0.2192830968400387,-0.0013556688831748648,0
-0.22361703832229488,-0.004333941482256194,0
-0.230909211933496,-0.007292173611201134,0
-0.24112515281097516,-0.010215940877479162,0
-0.2542150330006746,-0.013089880189699442,0
-0.2701124412197869,-0.015897408219112293,0
-0.28873298462521974,-0.018620543405432864,0
-0.30997284585960816,-0.0212398612343884,0
-0.3337074552995086,-0.023734609439900457,0
-0.35979045855795333,-0.026083003258444704,0
-0.38805316854425354,-0.028262709986300188,0
-0.4183046851258755,-0.03025151658162194,0
-0.45033283973501376,-0.032028154609138264,0
-0.4839060750930622,-0.033573235358048445,0
-0.5187763026705369,-0.034870227577474634,0
-0.554682697533266,-0.03590639486272916,0
-0.5913563007126341,-0.03667360317936811,0
-0.6285252148846552,-0.03716891417202106,0
-0.6659201124569145,-0.037394897572259334,0
-0.7032797368414997,-0.03735962438458514,0
-0.7403560741527059,-0.03707633731120615,0
-0.7769189043761724,-0.036562830223466465,0
-0.8127595027717436,-0.035840598395571195,0
-0.8476933437676945,-0.03493384099595082,0
-0.8815617484179222,-0.03386840465022779,0
-0.9142325004923985,-0.03267075207447622,0
-0.9455995258674152,-0.031367025375016774,0
-0.9755817793176345,-0.02998225345021916,2
-1.002121510373766,-0.026539731056131513,1
-1.0261840649240284,-0.02406255455026239,1
-1.0477515854536659,-0.02156752052963749,2
-1.0658191094365346,-0.018067523982868722,2
-1.0803905334823005,-0.014571424045765898,2
-1.09147434224744,-0.011083808765139397,2
-1.0990801734888214,-0.007605831241381389,2
-1.103216226466006,-0.004136052977184589,2
-1.1038874999668322,-0.0006712735008263318,2
-1.1010948410983021,0.00279265886853007,2
-1.0948347914174565,0.006260049680845627,2
-1.0851002280150213,0.009734563402435264,2
-1.0718818091015363,0.013218418913484924,2
-1.055170241822721,0.016711567278815495,2
-1.0349593896025184,0.020210852220202375,2
-1.011250222134797,0.023709167467721417,2
-0.9840555779512823,0.027194644183514718,2
-0.9534056525341252,0.03064992541715711,2
-0.9193540412478273,0.03405161128629795,2
-0.8819840566995806,0.03736998454824673,2
-0.8414149114527422,0.04056914524683838,2
-0.7978072248438722,0.043607686608869926,2
-0.7513672022953022,0.04644002254857007,2
-0.7023487805461684,0.049018421749133755,2
-0.6510530688235796,0.05129571172258879,2
-0.5978245727142333,0.053228496109346296,2
-0.5430439723619731,0.05478060035226019,2
-0.4871176157359168,0.05592635662605631,2
-0.4304643219273798,0.056653293808536946,2
-0.37350048360950905,0.056963838317870795,2
-0.3166247228801541,0.05687576072935498,0
-0.2622034257458926,0.05442129713426147,2
-0.20854775153171312,0.05365567421417949,2
-0.15591854378064118,0.052629207751071924,2
-0.10452079224363871,0.051397751537002476,2
-0.05450114269562299,0.050019649548015716,2
-0.005948150812671943,0.04855299188295105,0
0.03910523909032084,0.045053389902992784,1
0.08167581299305876,0.04257057390273792,2
0.12282106022302297,0.04114524722996421,2
0.16263410249803226,0.03981304227500928,2
0.20123884941050463,0.038604746912472364,2
0.2387855178262469,0.03754666841574227,1
0.2744466783254349,0.03566116049918801,1
0.30840840044008677,0.03396172211465187,0
0.33986598573805826,0.03145758529797147,1
0.3700142998039613,0.030148314065903042,2
0.4000510561414,0.03003675633743877,2
0.43018227500066736,0.030131218859267315,2
0.4606220052973976,0.030439730296730246,1
0.4905922147243689,0.029970209426971307,1
-0.4069218125515359,0.0,0
-0.40877912961080437,-0.0018573170592684283,0
-0.41248066528899174,-0.0037015356781873532,0
-0.4180002373135463,-0.00551957202455456,0
-0.4252986174254795,-0.0072983801119331955,0
-0.43432360909363743,-0.00902499166815797,0
-0.4450101884804071,-0.010686579386769628,0
-0.4572807369448509,-0.012270548464443812,0
-0.4710453958751218,-0.013764658930270894,0
-0.48620257430074676,-0.015157178425624971,0
-0.5026396362572902,-0.016437061956543497,0
-0.520233788200092,-0.017594151942801804,0
-0.5388531771197326,-0.01861938891964052,0
-0.5583581979573423,-0.019505020837609743,0
-0.5786029953360267,-0.020244797378684322,0
-0.599437130669067,-0.0208341353330404,0
-0.6207073726904582,-0.021270242021391127,0
-0.6422595586998712,-0.021552186009412985,0
-0.6639404664749095,-0.021680907775038238,0
-0.6855996336970853,-0.02165916722217582,0
-0.707091063225864,-0.021491429528778742,0
-0.7282747584876744,-0.02118369526181039,0
-0.7490180429891994,-0.02074328450152496,0
-0.7691966304980901,-0.020178587508890653,0
-0.7886954265125313,-0.019498796014441284,0
-0.8074090559659411,-0.018713629453409802,0
-0.8252421255024008,-0.017833069536459717,0
-0.8421092401744988,-0.01686711467209801,0
-0.8579348034394776,-0.01582556326497875,0
-0.8726526355800297,-0.014717832140552162,0
-0.8862054491765857,-0.013552813596556034,0
-0.8985442212732021,-0.012338772096616386,2
-0.9076275008338587,-0.009083279560656587,0
-0.9154267450695515,-0.007799244235692776,0
-0.9219187985598217,-0.006492053490270216,0
-0.927085349554383,-0.0051665509945613124,0
-0.9309124550653998,-0.0038271055110167544,1
-0.9323901490354132,-0.0014776939700134441,1
-0.931514666247036,0.0008754827883770844,2
-0.9272882318836874,0.0042264343633486405,2
-0.919721815964204,0.007566415919483395,2
-0.9088359960430917,0.010885819921112233,2
-0.8946624706695954,0.014173525373496367,2
-0.877246162607084,0.01741630806251134,2
-0.8566478153162763,0.020598347290807624,2
-0.8329469433621421,0.023700871954134145,2
-0.8062449480416067,0.026701995320535434,2
-0.77666815705626,0.02957679098534669,2
-0.7443704979116423,0.03229765914461765,2
-0.7095354783393122,0.03483501957233015,2
-0.6723771349451856,0.03715834339412663,2
-0.6331396351710831,0.03923749977410255,2
-0.5920952863406106,0.04104434883047245,2
-0.549540821466643,0.04255446487396768,2
-0.5057919875999107,0.04374883386673223,2
-0.4611766411324051,0.044615346467505625,2
-0.4160267291380264,0.04514991199437868,2
-0.3706696762756569,0.0453570528623695,2
-0.3254197762535424,0.04524990002211448,2
-0.2805701893815559,0.044849586871986466,2
-0.23638607272744439,0.044184116654111545,2
-0.19309923184597277,0.043286840881471604,2
-0.15090450927263818,0.04219472257333459,2
-0.10995794544336739,0.040946563829270796,2
-0.07037658966023844,0.03958135578312895,2
-0.03223972082480248,0.038136868835435954,2
0.00440883214349657,0.03664855296829905,2
0.0395576037838675,0.03514877164037093,2
0.07322395881896687,0.03366635503509936,2
0.10545039134638767,0.032226432527420794,2
0.13630088163593868,0.030850490289551016,2
0.16585747770921047,0.029556596073271785,2
0.194217214251304,0.02835973654209353,2
0.22148943442528032,0.027272220173976326,2
0.24779354269375362,0.026304108268473285,2
0.2732571888957801,0.025463646202026506,2
0.2980148645789308,0.024757675683150692,2
0.32220688039349815,0.024192015814567352,2
0.3459786865010926,0.023771806107594443,2
0.36948049478676875,0.023501808285676152,2
0.39286716073106537,0.02338666594429662,2
0.4162982828518576,0.02343112212079222,2
0.43993847761929084,0.023640194767433207,1
0.46295778678571936,0.023019309166428532,1
0.48552479310301444,0.022567006317295055,1
-0.47346181088317935,0.0,2
-0.4728364218834145,0.0006253889997648195,2
-0.4715902806826159,0.0012461412007986315,2
-0.4697326225035517,0.0018576581790642167,2
-0.46727720443704823,0.0024554180665034555,0
-0.46624219111045256,0.0010350133265956576,0
-0.4666352325406499,-0.0003930414301973372,0
-0.4684534241518406,-0.0018181916111906784,0
-0.47168332188144474,-0.0032298977296041547,0
-0.47630101328516505,-0.004617691403720302,0
-0.48227224875498154,-0.005971235469816507,0
-0.48955263975188307,-0.007280390996901533,0
-0.4980879330267233,-0.00853529327484018,0
-0.5078143708970225,-0.009726437870299247,0
-0.5186591475652975,-0.010844776668275033,0
-0.5305409700879112,-0.011881822522613697,0
-0.5433707299157126,-0.012829759827801364,0
-0.5570522870271905,-0.013681557111477933,0
-0.5714833637804994,-0.01443107675330893,0
-0.5865565400556941,-0.01507317627519476,0
-0.6021603354692509,-0.01560379541355672,0
-0.6181803589037418,-0.016020023434490896,0
-0.6345005008013862,-0.016320141897644365,0
-0.651004140073336,-0.01650363927194972,0
-0.6675753354340015,-0.016571195360665522,0
-0.6840999707002232,-0.016524635266221742,0
-0.7004668251524868,-0.01636685445226355,0
-0.71656854332312,-0.016101718170633255,0
-0.7323024832841386,-0.015733939961018625,0
-0.7475714282666646,-0.015268944982526012,0
-0.7622841527967259,-0.014712724530061366,0
-0.7763558410049474,-0.014071688208221508,0
-0.7897083609206978,-0.013352519915750437,0
-0.8022704040296906,-0.012562043108992735,0
-0.813977503893169,-0.011707099863478447,0
-0.8247719510423929,-0.010794447149223858,0
-0.8346026236261002,-0.009830672583707253,0
-0.8434247544436768,-0.008822130817576601,0
-0.8511996551541319,-0.007774900710455005,0
-0.8578944177653617,-0.006694762611229772,0
-0.8634816121537551,-0.005587194388393427,0
-0.8679389965140403,-0.004457384360285182,0
-0.8712492554499196,-0.003310258935879322,1
-0.8723997780173791,-0.0011505225674594832,1
-0.8713862309385996,0.001013547078779578,2
-0.8672124302426325,0.004173800695967084,2
-0.859894300471494,0.007318129771138582,2
-0.8494605728688582,0.010433727602635773,2
-0.8359539703673234,0.013506602501534806,2
-0.8194328080087976,0.01652116235852582,2
-0.799972902863165,0.01945990514563251,2
-0.7776696507081571,0.022303252155007905,2
-0.7526400896833,0.025029561024857108,2
-0.7250247376469876,0.027615352036312435,2
-0.694988965641023,0.030035772005964665,2
-0.6627236615527654,0.03226530408825751,2
-0.6284449527652174,0.034278708787548025,2
-0.592392799788477,0.036052152976740304,2
-0.554828346565771,0.03756445322270605,2
-0.5160300140603323,0.0387983325054386,2
-0.47628844238872053,0.03974157167161181,2
-0.435900508117148,0.04038793427157253,2
-0.39516274910070365,0.040737759016444344,2
-0.35436460170053763,0.040798147400166046,2
-0.31378188142205865,0.040582720278478986,2
-0.2736709131572044,0.04011096826485428,2
-0.23426364588563972,0.03940726727156466,2
-0.195763981712607,0.03849966417303272,2
-0.15834542825596576,0.037418553456641246,2
-0.1221500651158704,0.03619536314009537,2
-0.08728871480796975,0.03486135030790065,2
-0.05384213586569637,0.03344657894227338,2
-0.021863014295595444,0.031979121570100924,2
0.008621482750201068,0.03048449704579651,2
0.037606815961486045,0.028985333211284974,2
0.06510804287034669,0.027501226908860647,2
0.09115680774736054,0.02604876487701386,2
0.1157984740656181,0.024641666318257562,2
0.1390894838099078,0.02329100974428968,2
0.1610949951792716,0.022005511369363805,2
0.181886823544236,0.020791828364964404,2
0.20154169014827852,0.019654866604042524,2
0.2201397685384981,0.01859807839021958,2
0.23776350923192066,0.017623740693422575,2
0.25449671768239535,0.016733208450474667,2
0.27042385823369197,0.015927140551296598,2
0.28562955655867106,0.015205698324979108,2
0.3001982743711777,0.01456871781250663,2
0.3142141323902355,0.01401585801905782,2
0.32776086021117246,0.013546727820936978,2
0.3409218545920399,0.013160994380867454,2
0.3537803304885651,0.012858475896525237,2
0.3664195518316023,0.012639221343037162,2
0.3789231314536442,0.012503579622041893,2
0.3913753916852543,0.012452260231610087,2
0.4038617789275754,0.0124863872423211,2
0.41646932694050043,0.012607548012925044,2
0.4292871646429278,0.012817837702427387,2
0.44240706486674725,0.013119900223819448,2
0.45592403068659054,0.0135169658198433,2
0.46993691558355705,0.014012884896966489,1
0.48354907267905345,0.013612157095496402,1
0.49686157916850004,0.013312506489446586,1
-0.5419965312304583,0.0,2
-0.5408586181088254,0.0011379131216329489,2
-0.5385913140052344,0.002267304103591035,2
-0.5352116037718735,0.003379710233360942,2
-0.5307448149445438,0.004466788827329594,2
-0.5252244349273593,0.005520380017184541,2
-0.5186918625135394,0.006532572413819842,2
-0.5111960906187085,0.007495771894830834,2
-0.5027933173992538,0.008402773219454663,2
-0.49354648381854643,0.00924683358070736,2
-0.4835247372091248,0.01002174660942162,2
-0.4728028224051796,0.010721914803945205,2
-0.46146040447793857,0.011342417927241059,2
-0.4495813298384588,0.011879074639479802,2
-0.437252835280954,0.012328494557504767,2
-0.4245647172055627,0.012688118075391266,2
-0.41160847556003743,0.012956241645525304,2
-0.39847644877164023,0.013132026788397196,2
-0.3852609569396137,0.013215491832026503,2
-0.3720534707179183,0.01320748622169545,2
-0.35894382259871566,0.013109648119202623,2
-0.34601947574261316,0.012924346856102479,2
-0.3333648631930027,0.012654612549610469,2
-0.32106080741605464,0.012304055776948057,2
-0.3091840268209863,0.011876780595068366,2
-0.2978067324515171,0.011377294369469153,0
-0.28899631461122655,0.008810417840290555,0
-0.28280370941587774,0.006192605195348834,0
-0.27926404422185036,0.0035396651940273792,0
-0.2783971422050565,0.0008669020167938247,0
-0.28020782960446583,-0.0018106873994093368,0
-0.28468601305258,-0.004478183448114174,0
-0.2918065189875974,-0.007120505935017379,0
-0.3015287118564534,-0.00972219286885601,0
-0.3137959322263678,-0.012267220369914386,0
-0.3285348194237351,-0.014738887197367273,0
-0.3456546049592827,-0.017119785535547632,0
-0.3650464813418807,-0.01939187638259805,0
-0.3865831639983112,-0.021536682656430516,0
-0.41011876961322064,-0.023535605614909416,0
-0.4354891299501887,-0.02537036033696806,0
-0.4625126442154149,-0.027023514265226214,0
-0.49099174440037974,-0.02847910018496483,0
-0.5207150074864102,-0.02972326308603042,0
-0.551459898563486,-0.03074489107707582,0
-0.5829960744368585,-0.031536175873372534,0
-0.6150891243338784,-0.032093049897019894,0
-0.6475045796795671,-0.03241545534568867,0
-0.6800119948045474,-0.032507415124980364,0
-0.7123888892860837,-0.0323768944815362,0
-0.7444243520491732,-0.032035462763089564,0
-0.7759221358961752,-0.031497783847002,0
-0.8067031145139153,-0.030780978617740054,0
-0.8366070260553417,-0.029903911541426326,0
-0.8654934812805296,-0.028886455225187978,0
-0.8932422637211331,-0.02774878244060351,0
-0.9197529896813944,-0.026510725960261272,1
-0.9439442244011466,-0.024191234719752184,1
-0.9657544422146253,-0.021810217813478736,0
-0.9861389105711876,-0.020384468356562338,2
-1.003065203557626,-0.016926292986438232,0
-1.018513375777202,-0.015448172219575996,0
-1.032470798582847,-0.013957422805644873,0
-1.0449306608606324,-0.0124598622777853,0
-1.0558905809496026,-0.010959920088970187,0
-1.0653513511390111,-0.009460770189408493,2
-1.0713158279672015,-0.005964476828190369,2
-1.0737868459677744,-0.002471018000572864,2
-1.0727658133960878,0.0010210325716866735,2
-1.068252131749526,0.004513681646561771,2
-1.0602434355179504,0.008008696231575553,2
-1.048736653736833,0.011506781781117414,2
-1.0337298986050802,0.01500675513175268,2
-1.0152251836945132,0.018504714910567086,2
-0.9932319600830007,0.021993223611512406,2
-0.9677714281786576,0.02546053190434319,2
-0.9388815318460179,0.028889896332639733,2
-0.9066224672367359,0.03225906460928193,2
-0.8710824423967748,0.03554002483996111,2
-0.8323833116026933,0.03869913079408152,2
-0.790685594110015,0.04169771749267829,2
-0.7461922923957214,0.04449330171429368,2
-0.6991508786656738,0.047041413730047575,2
-0.6498528510343211,0.04929802763135275,2
-0.5986303966306898,0.05122245440363121,2
-0.545849945144269,0.05278045148642081,2
-0.49190273379851657,0.0539472113457524,2
-0.4371928846935106,0.05470984910500595,2
-0.3821238466886285,0.05506903800488209,2
-0.3270843003637224,0.055039546324906104,2
-0.27243470798576785,0.05464959237795453,2
-0.21849559011861797,0.05393911786714988,2
-0.1655383505352111,0.052957239583406875,2
-0.11377911185652256,0.05175923867868854,2
-0.06337564277400543,0.05040346908251713,2
-0.014427124330648945,0.04894851844335648,0
0.03102373534375215,0.045450859674401094,1
0.0739854150160494,0.04296167967229725,2
0.11550842300920766,0.04152300799315826,2
0.15568003470934277,0.040171611700135106,2
0.1946193842170283,0.03893934950768551,2
0.23247287855059492,0.03785349433356663,1
0.26841011638973994,0.035937237839145,1
0.3026149912941473,0.03420487490440737,0
0.33428125188807584,0.03166626059392853,1
0.3646027445157102,0.030321492627634335,2
0.3947764732957164,0.03017372878000622,2
0.4250079064276828,0.03023143313196642,2
0.4555106420701541,0.030502735642471288,1
0.48550626044211054,0.02999561837195639,1
-0.579503148582773,0.0,2
-0.5780858285989942,0.001417319983778778,2
-0.5752616731249505,0.0028241554740436525,2
-0.571051595332357,0.004210077792593368,2
-0.5654868222687253,0.005564773063631825,2
-0.5586087150450665,0.006878107223658834,2
-0.5504685157641578,0.008140199280908707,2
-0.5411270116054167,0.00934150415874109,2
-0.5306541062535318,0.0104729053518848,2
-0.5191282898726225,0.011525816380909297,2
-0.5066360011295478,0.01249228874307478,2
-0.49327087829314187,0.013365122836405877,2
-0.4791329009972515,0.014137977295890409,2
-0.46432742955684264,0.014805471440408852,2
-0.4489641543729205,0.01536327518392215,2
-0.43315597349170804,0.01580818088121245,2
-0.4170178213112863,0.016138152180421767,2
-0.4006654752972138,0.0163523460140725,2
-0.3842143699996966,0.016451105297517192,2
-0.36777844840553897,0.016435921594157618,2
-0.3514690796106625,0.016309368794876485,2
-0.33539406903229363,0.016075010578368826,2
-0.3196567831190558,0.015737285913237788,2
-0.30435540511339554,0.015301378005660263,2
-0.2895823323069529,0.014773072806442652,2
-0.27542371886877726,0.014158613438175639,2
-0.2619591621615763,0.013464556707200993,2
-0.24926152487278783,0.012697637288788442,0
-0.2393968805636112,0.009864644309176631,0
-0.23241473015694228,0.006982150406668901,0
-0.2283491163052455,0.004065613851696797,0
-0.22721947517815555,0.0011296411270899317,0
-0.2290311561598503,-0.001811680981694775,0
-0.23377556931670535,-0.004744413156855018,0
-0.24142994953778046,-0.007654380221075124,0
-0.2519567551582081,-0.010526805620427626,0
-0.265302747989653,-0.01334599283144489,0
-0.28139783110855143,-0.016095083118898432,0
-0.3001537500030816,-0.018755918894530148,0
-0.32146279037914904,-0.02130904037606745,0
-0.34519662965176234,-0.023733839272613327,0
-0.37120551547577796,-0.026008885824015587,0
-0.3993179494997184,-0.028112434023940404,0
-0.42934104374309046,-0.03002309424337207,0
-0.46106168742935305,-0.03172064368626261,0
-0.4942486126406579,-0.033186925211304834,0
-0.5286553797487051,-0.034406767108047284,0
-0.5640242237801601,-0.035368844031454974,0
-0.6000906196233072,-0.03606639584314708,0
-0.6365883483779285,-0.03649772875462135,0
-0.6732547904591075,-0.036666442081179,0
-0.7098361423367707,-0.036581351877663225,0
-0.7460922577694037,-0.03625611543263293,0
-0.781800850358387,-0.03570859258898333,0
-0.8167608561987497,-0.03496000584036271,0
-0.8507948334501825,-0.03403397725143279,0
-0.8837503582735673,-0.03295552482338481,0
-0.9155004529686318,-0.03175009469506455,0
-0.9459431440897594,-0.030442691121127675,0
-0.9750002911629936,-0.029057147073234108,2
-1.0006158493501132,-0.025615558187119476,1
-1.023755778705204,-0.023139929355090905,2
-1.0434018875757023,-0.01964610887049813,0
-1.0615481585239002,-0.018146270948197957,2
-1.0761967459384951,-0.014648587414595052,2
-1.087354788112151,-0.011158042173655992,2
-1.0950309501461424,-0.007676162033991386,2
-1.0992328084224068,-0.004201858276264392,2
-1.0999650661545923,-0.0007322577321854651,2
-1.0972285831455852,0.0027364830090070087,2
-1.0910202072326238,0.00620837591296149,2
-1.0813334050031054,0.009686802229518553,2
-1.0681597004567565,0.013173704546348882,2
-1.0514909376631305,0.016668762793625884,2
-1.0313223822397704,0.020168555423360077,2
-1.0076566615166773,0.023665720723092986,2
-0.9805085093500039,0.027148152166673406,2
-0.9499102240837125,0.03059828526629134,2
-0.9159176643748952,0.03399255970881734,2
-0.8786164985384225,0.037301165836472694,2
-0.8381282959833759,0.04048820255504661,2
-0.7946159199621035,0.04351237602127241,2
-0.748287574547243,0.04632834541486041,2
-0.6993988086973141,0.048888765849928996,2
-0.648251821791256,0.0511469869060581,2
-0.5951915753817809,0.05306024640947505,2
-0.5405985016611544,0.05459307372062652,2
-0.4848779852564476,0.055720516404706814,2
-0.4284472221115667,0.05643076314488085,2
-0.3717204433227584,0.05672677878880835,2
-0.31509374607912427,0.05662669724363414,2
-0.2589308361183089,0.05616290996081533,0
-0.20555084025766507,0.05337999586064386,2
-0.1532103916374191,0.05234044862024598,2
-0.1021104834566117,0.05109990818080739,2
-0.05239419098019403,0.049716292476417664,2
-0.004147079083669798,0.04824711189652423,0
0.040600226290839224,0.04474730537450902,1
0.08286605300743588,0.04226582671659666,2
0.12370873399760185,0.040842680990165976,2
0.16322161623171214,0.03951288223411029,2
0.20152827211598978,0.03830665588427765,2
0.23877808258163957,0.0372498104656498,1
0.2741423485140481,0.035364265932408524,1
0.3078055027577692,0.0336631542437211,0
0.3389609108847623,0.031155408126993137,1
0.36880126988026285,0.029840358995500523,2
0.39852192953209165,0.02972065965182879,2
0.4283263715916659,0.029804442059574273,2
0.45842595964033483,0.030099588048668937,1
0.48803985986156123,0.02961390022122638,1
-0.4653847303884485,0.0,0
-0.46681911970822215,-0.0014343893197736575,0
-0.4696773000797793,-0.002858180371557167,0
-0.4739381300707136,-0.004260829990934307,0
-0.47957003862050346,-0.005631908549789828,0
-0.4865312033359965,-0.006961164715493033,0
-0.4947698022235764,-0.00823859888757994,0
-0.5042243489618152,-0.009454546738238815,0
-0.5148241220974853,-0.010599773135670055,0
-0.5264896975341697,-0.01166557543668448,0
-0.5391335913281418,-0.012643893793972039,0
-0.5526610161760894,-0.013527424847947628,0
-0.5669707502614311,-0.014309734085341693,0
-0.5819561116278756,-0.014985361366444558,0
-0.5975060253807749,-0.015549913752899224,0
-0.6135061652597114,-0.016000139878936448,0
-0.6298401459862711,-0.016333980726559783,0
-0.6463907387477515,-0.01655059276148039,0
-0.6630410796266611,-0.016650340878909625,0
-0.6796758399930836,-0.016634760366422398,0
-0.6961823289453329,-0.016506488952249324,0
-0.7124515007422264,-0.01626917179689351,0
-0.7283788445823323,-0.015927343840105905,0
-0.7438651396841888,-0.01548629510185652,0
-0.7588170649539712,-0.014951925269782356,0
-0.7731476591096802,-0.014330594155709052,0
-0.786776633501998,-0.013628974392317854,0
-0.7996305456363132,-0.01285391213431521,0
-0.8116428462598702,-0.012012300623556916,0
-0.8227538166459027,-0.011110970386032636,0
-0.8329104153071339,-0.010156598661231194,0
-0.8420660548259608,-0.009155639518826815,0
-0.850180329896043,-0.008114275070082212,0
-0.8572187171788876,-0.007038387282844621,0
-0.8631522663642519,-0.005933549185364277,0
-0.867957300063402,-0.004805033699150078,0
-0.8716151380246071,-0.0036578379612051226,1
-0.8731118587806851,-0.0014967207560780227,1
-0.8724418408535911,0.0006700179270940168,2
-0.868607595344828,0.0038342455087630963,2
-0.8616236601753149,0.006983935169513121,2
-0.8515172451132704,0.010106415062044485,2
-0.8383293716599189,0.0131878734533515,2
-0.8221164400445349,0.016212931615384098,2
-0.8029521212551587,0.019164318789376144,2
-0.780929435299878,0.02202268595528071,2
-0.7561628395455738,0.02476659575430418,2
-0.7287901166307172,0.027372722914856602,2
-0.6989738255307888,0.02981629109992849,2
-0.666902068665191,0.03207175686559784,2
-0.6327883395895517,0.0341137290756392,2
-0.5968702556324941,0.03591808395705762,2
-0.5594070503457009,0.03746320528679319,2
-0.5206757992388588,0.03873125110684212,2
-0.4809664701737639,0.03970932906509485,2
-0.4405760124081472,0.040390457765616714,2
-0.3998018074080124,0.040774205000134796,2
-0.35893488205817764,0.04086692534983476,2
-0.3182533170094266,0.040681565048751034,2
-0.2780162637019076,0.040237053307519054,2
-0.2384589166612599,0.03955734704064768,2
-0.199788685080055,0.03867023158120489,2
-0.16218268700179386,0.03760599807826114,2
-0.12578656934942462,0.03639611765236926,2
-0.09071455353666619,0.035072015812758435,2
-0.057050529975736314,0.03366402356092987,2
-0.02484997962666248,0.032200550349073834,2
0.005857514622245725,0.030707494248908205,2
0.03506539485409377,0.029207880231848043,2
0.0627870951307871,0.027721700276693333,2
0.08905301440178286,0.026265919270995752,2
0.11390762172647356,0.02485460732469071,2
0.13740678226781045,0.023499160541336894,2
0.1596153590293417,0.022208576761531262,2
0.1806051178166273,0.0209897587872856,2
0.20045294177881862,0.0198478239621913,2
0.21923934673427348,0.01878640495545485,2
0.2370472784861986,0.017807931751925136,2
0.25396116750095427,0.016913889014755653,2
0.2700662136643727,0.016105046163418447,2
0.2854478734622265,0.01538165979785376,2
0.3001915231079877,0.014743649645761192,2
0.3143822732785576,0.014190750170569933,2
0.3281049137761321,0.01372264049757449,2
0.34144396929489923,0.01333905551876713,2
0.3544838503167849,0.01303988102188567,2
0.3673090858475924,0.012825235530807494,2
0.3800046271434466,0.012695541295854207,2
0.392656213712337,0.012651586568890347,2
0.4053507946718128,0.01269458095947576,2
0.4181769999745643,0.012826205302751519,2
0.4312256570495715,0.01304865707500718,2
0.44459034900743716,0.013364691957865648,2
0.45836801066465943,0.01377766165722229,2
0.47265955816519223,0.01429154750053277,1
0.4865705467940204,0.01391098862882815,1
-0.5214846519887264,0.0,2
-0.5205005078094959,0.000984144179230535,2
-0.5185396003040955,0.0019609075054003097,2
-0.5156166351566461,0.002922965147449406,2
-0.5117535303411638,0.0038631048154823787,2
-0.5069792461687408,0.004774284172422961,2
-0.5013295568307876,0.005649689337953171,2
-0.49484676241959047,0.0064827944111971614,2
-0.4875793408092161,0.007267421610374348,2
-0.4795815395360751,0.007997801273141038,2
-0.47091290892293286,0.008668630613142202,2
-0.4616377791023493,0.00927512982058356,2
-0.45182468524197317,0.009813093860376163,2
-0.44154574705270516,0.010278938189267983,2
-0.4308760104480401,0.010669736604665081,2
-0.41989276088418515,0.010983249563854946,2
-0.40867481931164495,0.011217941572540219,2
-0.3973018326886879,0.011372986622957056,2
-0.38585357154904437,0.011448261139643546,2
-0.37440924711821616,0.011444324430828214,2
-0.3630468599132992,0.011362387204916924,2
-0.3518425906611782,0.011204269252121028,2
-0.340870242790482,0.010972347870696168,2
-0.33020074378875003,0.01066949900173198,2
-0.3199017104871295,0.010299033301620545,2
-0.31003708097290017,0.009864629514229313,2
-0.30066681346878704,0.009370267504113124,2
-0.2918466502815421,0.00882016318724493,0
-0.2856279429167492,0.006218707364792887,0
-0.2820462252114472,0.0035817177053020454,0
-0.2811217053958933,0.0009245198155538484,0
-0.2828595686822902,-0.0017378632863968382,0
-0.2872500576417228,-0.004390488959432589,0
-0.29426832188631535,-0.007018264244592569,0
-0.30387405299202946,-0.009605731105714096,0
-0.3160109447026622,-0.012136891710632756,0
-0.3306060416287641,-0.014595096926101891,0
-0.34756906094214945,-0.01696301931338533,0
-0.366791789553457,-0.01922272861130751,0
-0.38814767206017536,-0.021355882506718403,0
-0.41149171014241426,-0.02334403808223888,0
-0.4366607898097493,-0.02516907966733506,0
-0.4634745371442962,-0.026813747334546917,0
-0.491736775115444,-0.02826223797114779,0
-0.5212376143651405,-0.029500839249696518,0
-0.5517561621759948,-0.030518547810854307,0
-0.5830637806458285,-0.031307618469833806,0
-0.6149277733924452,-0.03186399274661669,0
-0.6471153365023108,-0.03218756310986564,0
-0.679397579958347,-0.03228224345603627,0
-0.7115534147206659,-0.03215583476231881,0
-0.7433731096123585,-0.031819694891692576,0
-0.7746613497830933,-0.03128824017073481,0
-0.8052396706690169,-0.030578320885923632,0
-0.8349481920706999,-0.029708521401683053,0
-0.8636466296055098,-0.02869843753480984,0
-0.8912146092687143,-0.02756797966320453,0
-0.9175513505302652,-0.026336741261550816,0
-0.942574811616766,-0.025023461086500838,1
-0.965220406667356,-0.022645595050589967,2
-0.9844412242702779,-0.019220817602921957,0
-1.0022062176680013,-0.017764993397723524,0
-1.0184939489903777,-0.016287731322376316,0
-1.0332909434255153,-0.014796994435137606,0
-1.0465901132246707,-0.013299169799155418,0
-1.05838928717486,-0.01179917395018928,0
-1.0686898701109147,-0.010300582936054804,2
-1.0754956478443491,-0.006805777733434475,2
-1.0788104289690985,-0.0033147811247494644,2
-1.0786364446273957,0.00017398434170277617,2
-1.0749735715904112,0.0036628730369846355,2
-1.0678193729896157,0.0071541986007955735,2
-1.0571699570328876,0.01064941595672806,2
-1.0430216597925939,0.014148297240293773,2
-1.0253735587280108,0.017648101064583036,2
-1.004230813974445,0.02114274475356598,2
-0.9796088095605298,0.024622004413915204,2
-0.9515380219847187,0.02807078757581101,2
-0.9200694757091123,0.03146854627560632,2
-0.8852805536632256,0.03478892204588676,2
-0.84728082016574,0.03799973349748559,2
-0.8062173950663885,0.04106342509935154,2
-0.7622793110121301,0.043938084054258385,2
-0.7157002180310368,0.046579092981093285,2
-0.666758802776951,0.04894141525408583,2
-0.6157763921277881,0.05098241064916284,2
-0.5631114268025517,0.052664965325236464,2
-0.5091508101083662,0.05396061669418548,2
-0.4542985192294211,0.05485229087894507,2
-0.3989622441737908,0.05533627505563034,2
-0.3435391133199141,0.05542313085387668,2
-0.2884017062209853,0.0551374070989288,0
-0.23588550909005523,0.052516197130930094,2
-0.1842690303262495,0.05161647876380574,2
-0.13378018639879216,0.05048884392745733,2
-0.08459268779183601,0.049187498606956155,2
-0.03682511618760989,0.04776757160422612,1
0.008457695909851654,0.045282812097461544,2
0.05224131270611631,0.043783616796264656,1
0.09355556969987629,0.04131425699375998,2
0.13346764925387694,0.03991207955400064,2
0.17207746879792046,0.03860981954404351,2
0.2095130756958557,0.03743560689793525,1
0.24492646446228505,0.03541338876642935,1
0.2784849065504371,0.03355844208815207,0
0.3093662473106131,0.030881340760175978,1
0.3387491956027146,0.029382948292101505,2
0.36781574459361566,0.029066548990901064,2
0.39675599050386967,0.02894024591025399,2
0.42576770870791414,0.029011718204044454,2
0.4550561823824859,0.02928847367457179,1
0.4838342016712816,0.02877801928879569,1
-0.46603078654230534,0.0,0
-0.4674604033327746,-0.0014296167904692754,0
-0.4703090703744879,-0.0028486670417132796,0
-0.4745557098978758,-0.004246639523387955,0
-0.48016884680550986,-0.005613136907634043,0
-0.4871067874089006,-0.006937940603390772,0
-0.49531787155622825,-0.008211084147327635,0
-0.5047408081079047,-0.009422936551676468,0
-0.5153051039816666,-0.010564295873761915,0
-0.5269315959748507,-0.01162649199318407,0
-0.5395330922316829,-0.012601496256832188,0
-0.5530151266233869,-0.013482034391703993,0
-0.5672768246352445,-0.014261698011857624,0
-0.582211873912139,-0.014935049276894508,0
-0.5977095868085905,-0.015497712896451573,0
-0.6136560365964498,-0.01594644978785934,0
-0.6299352439038016,-0.016279207307351794,0
-0.646430385964921,-0.01649514206111938,0
-0.6630249987441813,-0.01659461277926028,0
-0.6796041412188316,-0.016579142474650355,0
-0.6960554921680734,-0.016451350949241737,0
-0.7122703526480301,-0.016214860479956697,0
-0.7281445317015569,-0.01587417905352685,0
-0.7435790983954506,-0.015434566693893611,0
-0.7584809895483616,-0.01490189115291105,0
-0.7727634690326851,-0.01428247948432353,0
-0.7863464408465732,-0.013582971813888067,0
-0.7991566238669948,-0.012810183020421601,0
-0.8111276010160189,-0.011970977149024049,0
-0.8221997593147851,-0.011072158298766222,0
-0.8323201398869096,-0.010120380572124452,0
-0.8414422184258198,-0.009122078538910255,0
-0.8495256370546808,-0.00808341862886093,0
-0.8565359080297258,-0.007010270975045047,0
-0.8624441085403425,-0.005908200510616673,0
-0.8672265841185617,-0.004782475578219199,0
-0.870864676049979,-0.0036380919314172775,1
-0.8723444858162286,-0.0014798097662496522,1
-0.8716604335970466,0.0006840522191820346,2
-0.8678150934088488,0.0038453401881978133,2
-0.8608231039433318,0.006991989465516922,2
-0.8507118133424626,0.010111290600869257,2
-0.8375224163868475,0.013189396955615027,2
-0.8213115161753678,0.016210900211479744,2
-0.8021530080830958,0.019158508092272084,2
-0.780140147149174,0.02201286093392177,2
-0.7553876228718676,0.024752524277306467,2
-0.7280334312937904,0.027354191578077156,2
-0.6982403086695075,0.029793122624282953,2
-0.6661964806827676,0.032043827986739895,2
-0.6321154931803815,0.03408098750238604,2
-0.5962349304526003,0.035880562727781146,2
-0.5588138976669542,0.03742103278564608,2
-0.520129242484182,0.038684655182772205,2
-0.4804706083299113,0.03965863415427071,2
-0.4401345337095091,0.040336074620402194,2
-0.3994179202314625,0.04071661347804662,2
-0.3586112686645604,0.0408066515669021,2
-0.3179921137736961,0.0406191548908643,2
-0.2778190690871576,0.0401730446865385,2
-0.23832682577639402,0.03949224331076358,2
-0.19972234756680712,0.038604478209586915,2
-0.16218238348624242,0.03753996408056472,2
-0.12585230089594612,0.03633008259029631,2
-0.0908461384506663,0.03500616244527982,2
-0.05724770279755336,0.03359843565311294,2
-0.025112488060873205,0.03213521473668016,2
0.005529817987708692,0.030642306048581897,2
0.03467246804087952,0.029142650053170824,2
0.062328630429711984,0.02765616238883246,2
0.08852837028149951,0.02619973985178753,2
0.11331576240894946,0.024787392127449945,2
0.13674622392827943,0.02343046151932997,2
0.15888412129786889,0.02213789736958945,2
0.17980067912143527,0.02091655782356639,2
0.19957219703970835,0.019771517918273095,2
0.21827856595259462,0.01870636891288626,2
0.23600206485656688,0.017723498903972266,2
0.2528264137667906,0.01682434891022374,2
0.2688360555383854,0.016009641771594783,2
0.2841156390238318,0.015279583485446394,2
0.2987496771665381,0.014634038142706318,2
0.3128223557517537,0.014072678585215624,2
0.3264174711773808,0.013595115425627064,2
0.33961847845388726,0.013201007276506456,2
0.35250863347805217,0.012890155024164879,2
0.36517121630785376,0.012662582829801608,2
0.37768982460696304,0.012518608299109285,2
0.3901487285740011,0.01245890396703807,2
0.4026332804917502,0.01248455191774908,2
0.4152303735015707,0.01259709300982054,2
0.4280289453041237,0.012798571802552988,2
0.4411205231753758,0.013091577871252065,2
0.45459980691558605,0.013479283740210237,2
0.4685652860419678,0.01396547912638176,1
0.48211988658259813,0.013554600540630339,1
0.4953641976832518,0.013244311100653685,1
-0.5880322062488106,0.0,2
-0.5865519593456879,0.0014802469031226183,2
-0.5836023653253353,0.00294959402035264,2
-0.5792051708834668,0.004397194441868523,2
-0.5733928601002757,0.005812310783191124,2
-0.5662084810817545,0.007184379018521172,2
-0.5577053988796299,0.008503082202124536,2
-0.5479469631122738,0.009758435767356112,2
-0.5370060782826875,0.010940884829586254,2
-0.5249646657937248,0.012041412488962767,2
-0.5119130091569645,0.013051656636760322,2
-0.4979489778171507,0.013964031339813797,2
-0.48317713016962266,0.014771847647528034,2
-0.46770770239921716,0.01546942777040549,2
-0.4516554962634286,0.016052206135788543,2
-0.4351386853448661,0.016516810918562493,2
-0.418277565040461,0.01686112030440514,2
-0.40119327609792077,0.017084288942540188,2
-0.38400653440507176,0.017186741692849,2
-0.3668364006824238,0.017170133722647973,2
-0.34979912260484375,0.017037278077580032,2
-0.33300707876392355,0.016792043840920222,2
-0.3165678490435012,0.016439229720422343,2
-0.30058342983122993,0.015984419212271263,2
-0.2851496055388479,0.015433824292382029,2
-0.27035548069569465,0.014794124843153237,2
-0.2562831699292651,0.01407231076642957,2
-0.24300763689055924,0.013275533038705841,0
-0.23259666794619,0.010410968944369246,0
-0.22510135909423543,0.007495308851954576,0
-0.22055734248719105,0.004544016607044368,0
-0.21898574082884803,0.0015716016583430213,0
-0.2203937745448105,-0.0014080337159624572,0
-0.2247749767383,-0.0043812021934895124,0
-0.23210900048805488,-0.007334023749754878,0
-0.2423610323212602,-0.010252031833205312,0
-0.25548085521336417,-0.013119822892103963,0
-0.27140163454823774,-0.01592077933487358,0
-0.2900385308545397,-0.01863689630630196,0
-0.311287272641319,-0.02124874178677933,0
-0.33502284898257817,-0.023735576341259185,0
-0.36109850119564824,-0.02607565221307006,0
-0.38934520169603526,-0.02824670050038704,0
-0.41957180131683885,-0.03022659962080361,0
-0.45156600020565735,-0.03199419888881851,0
-0.48509624993985423,-0.033530249734196896,0
-0.5199146269188276,-0.0348183769789734,0
-0.5557606344503468,-0.035846007531519196,0
-0.592365802128489,-0.03660516767814216,0
-0.6294588677478556,-0.03709306561936661,0
-0.666771261480578,-0.03731239373272233,0
-0.7040425748646981,-0.03727131338412019,0
-0.7410256945311118,-0.036983119666413614,0
-0.7774913129383921,-0.03646561840728032,0
-0.8132315901739208,-0.03574027723552866,0
-0.8480628220076679,-0.03483123183374711,0
-0.8818270574950092,-0.03376423548734131,0
-0.9143926925381305,-0.03256563504312121,0
-0.9456541345078401,-0.03126144196970955,0
-0.975530681675689,-0.029876547167848974,2
-1.0019647881826095,-0.0264341065069205,1
-1.0259218769228116,-0.0239570887402021,2
-1.0463840562954918,-0.020462179372680238,2
-1.0633462431131253,-0.016962186817633527,0
-1.0788113631348197,-0.015465120021694348,0
-1.0927877183535384,-0.013976355218718761,2
-1.1032874198574851,-0.010499701503946737,2
-1.1103224312530862,-0.007035011395601055,2
-1.1139021372790434,-0.0035797060259572465,2
-1.1140317333769383,-0.00012959609789492486,2
-1.1107114129410807,0.003320320435857722,2
-1.1039363379854343,0.006775074955646414,2
-1.0936973926810722,0.010238945304362146,2
-1.0799827331014258,0.013714659579646491,2
-1.0627801560434438,0.01720257705798192,2
-1.0420803101857254,0.020699845857718446,2
-1.0178807589164713,0.024199551269254032,2
-0.9901908705020589,0.027689888414412483,2
-0.959037452884946,0.03115341761711292,2
-0.9244709640525434,0.034566488832402695,2
-0.8865720151524568,0.037898948900086646,2
-0.8454577492951557,0.04111426585730102,2
-0.801287540217374,0.04417020907778174,2
-0.7542673379741079,0.047020202243266106,2
-0.7046519287831797,0.049615409190928196,2
-0.652744411299914,0.05190751748326577,2
-0.5988923524639832,0.05385205883593077,2
-0.5434803816118364,0.05541197085214677,2
-0.4869193871099874,0.05656099450184904,2
-0.4296329331970229,0.0572864539129645,2
-0.3720419262310186,0.057591006966004256,2
-0.3145488351554172,0.05749309107560143,0
-0.2595228424431352,0.055025992712281986,0
-0.20727664856726705,0.05224619387586819,2
-0.1560624892707584,0.05121415929650867,2
-0.106079299209733,0.04998319006102538,2
-0.05747057975517751,0.048608719454555485,2
-0.010324794993802212,0.0471457847613753,2
0.035322188937349834,0.045646983931152046,1
0.07848319588080134,0.043161006943451506,2
0.12021317892495142,0.04172998304415009,2
0.16060398361917158,0.04039080469422015,2
0.19977939644842002,0.03917541282924845,2
0.2378905364763143,0.038111140027894286,1
0.27411176777740065,0.03622123130108632,1
0.3086317193253546,0.03451995154795397,0
0.34064887222429807,0.03201715289894347,1
0.37136175954069833,0.030712887316400237,2
0.40197215026299055,0.0306103907222922,2
0.43269044828222103,0.030718298019230497,1
0.4627353545478931,0.030044906265672102,1
0.4923263173534546,0.029590962805561522,1
-0.4946025511052796,0.0,2
-0.49381974862362776,0.000782802481651838,2
-0.4922599918755554,0.0015597567480723753,2
-0.4899349299011044,0.002325061974451039,2
-0.48686191780401816,0.0030730120970862296,2
-0.48306387470468126,0.0037980430993369216,2
-0.4785690946432219,0.004494780061459343,2
-0.47341101093968097,0.005158083703540931,2
-0.46762791492995875,0.005783096009722237,2
-0.46126263055671873,0.006365284373240048,2
-0.4543621469957018,0.006900483561016939,2
-0.4469772123163827,0.007384934679319102,2
-0.43916189207330986,0.007815320243072875,2
-0.4309730976503321,0.008188794422977751,2
-0.42247009007525893,0.008503007575073135,2
-0.4137139658245625,0.00875612425069645,2
-0.4047671317852613,0.008946834039301212,2
-0.3956927769797794,0.009074354805481919,2
-0.3865543488468451,0.00913842813293433,2
-0.37741504178068463,0.009139307066160472,2
-0.3683373052535299,0.009077736527154736,2
-0.35938237819366287,0.008954927059867038,2
-0.35060985539204387,0.008772522801618991,2
-0.34207729060997616,0.008532564782067684,2
-0.3338398398151551,0.008237450794821051,2
-0.3259499466480177,0.007889893167137375,2
-0.3184570708810136,0.007492875767004066,2
-0.3114074593442383,0.007049611536775277,2
-0.3048439576091861,0.006563501735052222,2
-0.29880585969584883,0.006038097913337237,0
-0.2953287922329733,0.0034770674628755213,0
-0.2944330393246627,0.0008957529083106434,0
-0.2961237987235822,-0.001690759398919493,0
-0.3003912499558203,-0.004267451232238079,0
-0.3072104264641407,-0.006819176508320439,0
-0.31654090672902674,-0.00933048026488605,0
-0.328326361827182,-0.011785455098155236,0
-0.3424940182798673,-0.014167656452685314,0
-0.3589541143389092,-0.016460096059041907,0
-0.3775994436994974,-0.018645329360588173,0
-0.3983050912999995,-0.020705647600502145,0
-0.42092846943363593,-0.02262337813363641,0
-0.4453097569800909,-0.024381287546454983,0
-0.4712728287599638,-0.025963071779872917,0
-0.4986267353530765,-0.027353906593112716,0
-0.5271677571050511,-0.028541021751974673,0
-0.5566820120071513,-0.029514254902100176,0
-0.5869485497938209,-0.03026653778666967,0
-0.6177428192561515,-0.03079426946233053,0
-0.6488403581144795,-0.031097538858327948,0
-0.6800205299329302,-0.031180171818450644,0
-0.7110701240139073,-0.031049594080977135,0
-0.7417866431940482,-0.030716519180140896,0
-0.7719811296206138,-0.03019448642656568,0
-0.8014804162805037,-0.029499286659889927,0
-0.8301287371070746,-0.028648320826570914,0
-0.8577886751913584,-0.02765993808428381,0
-0.8843414717276604,-0.026552796536302076,0
-0.9096867538187469,-0.025345282091086482,0
-0.9337417647897881,-0.02405501097104128,2
-0.9544401955299313,-0.020698430740143228,0
-0.9737347974516206,-0.019294601921689292,0
-0.9915898677591272,-0.0178550703075066,0
-1.0079796448764775,-0.016389777117350346,0
-1.0228867050404364,-0.014907060163958886,0
-1.0363004112016467,-0.013413706161210332,0
-1.0482154531550598,-0.011915041953413108,0
-1.0586305067648634,-0.010415053609803517,2
-1.065547030745833,-0.006916523980969692,2
-1.0689673416835939,-0.0034203109377607954,2
-1.0688929823690307,7.435931456311684e-05,2
-1.0653239164674022,0.003569065901628498,2
-1.0582585460125695,0.007065370454832622,2
-1.0476945518195164,0.010563994193053173,2
-1.0336305604053209,0.014063991414195471,2
-1.016068639416725,0.01756192098859586,2
-0.9950176118607207,0.02105102755600438,2
-0.9704971526989555,0.024520459161765186,2
-0.942542585237885,0.027954567461070473,2
-0.9112102263738514,0.03133235886403367,2
-0.8765830392758432,0.034627187098008196,2
-0.8387762445456407,0.037806794730202535,2
-0.7979424281343906,0.04083381641125004,2
-0.7542755860938605,0.04366684204053013,2
-0.7080134894752588,0.046262096618601665,2
-0.6594377673969669,0.04857572207829186,2
-0.6088712181487701,0.05056654924819679,2
-0.556672078344918,0.05219913980385203,2
-0.5032252955615699,0.05344678278334814,2
-0.4489312187595453,0.05429407680202463,2
-0.39419247710859867,0.05473874165094663,2
-0.3394000865907394,0.05479239051785928,2
-0.28491994276263355,0.054480143828105856,2
-0.23108079822802705,0.0538391445346065,2
-0.17816459884276786,0.05291619938525918,2
-0.12639971596338231,0.051764882879385556,2
-0.07595723655944478,0.05044247940393753,2
-0.026950130635076175,0.049007105924368605,1
0.01956514182160437,0.046515272456680544,0
0.06258471948327761,0.04301957766167324,2
0.10414823238145926,0.041563512898181644,2
0.14433278290758889,0.040184550526129625,2
0.18324805407954728,0.038915271171958386,2
0.22103167970828452,0.03778362562873724,1
0.25684507826174247,0.03581339855345792,1
0.29086463188769635,0.03401955362595389,0
0.3222770810370052,0.03141244914930886,1
0.3522697538088561,0.029992672771850915,2
0.3820332939635335,0.02976354015467744,2
0.4117667235874582,0.02973342962392467,2
0.4416770589507321,0.02991033536327394,1
0.47097914792842627,0.029302088977694134,1
0.4998882267212907,0.02890907879286444,1
-0.5919418613947335,0.0,2
-0.5904328718832684,0.0015089895114650596,2
-0.5874259784162236,0.0030068934670448863,2
-0.5829433008668473,0.004482677549376226,2
-0.5770178868812365,0.005925413985610891,2
-0.5696935422747934,0.007324344606443,2
-0.5610245876769983,0.008668954597795191,2
-0.5510755288646515,0.009949058812346728,2
-0.5399206276955434,0.01115490116910812,2
-0.5276433615469571,0.01227726614858623,2
-0.5143357617480963,0.01330759979886087,2
-0.500097625611976,0.014238136136120207,2
-0.4850356021145122,0.015062023497463852,2
-0.4692621576847532,0.01577344442975897,2
-0.45289443548052116,0.01636772220423204,2
-0.4360530283567037,0.0168414071238175,2
-0.4188606918801559,0.017192336476547786,2
-0.4014410286248752,0.017419663255280687,2
-0.3839171781094955,0.017523850515379677,2
-0.36641054778844806,0.017506630321047413,2
-0.34903961934877803,0.01737092843967002,2
-0.33191886128090553,0.0171207580678725,2
-0.31515777356861724,0.01676108771228829,2
-0.29886008382742657,0.016297689741190686,2
-0.2831231068595515,0.01573697696787508,2
-0.26803727197089755,0.015085834888653943,2
-0.25368581506188553,0.014351456909012008,2
-0.24014462592527097,0.013541189136614569,0
-0.22948223570373466,0.010662390221536304,0
-0.22175043001439443,0.007731805689340237,0
-0.21698552857372508,0.004764901440669343,0
-0.2152093884373864,0.0017761401363386624,0
-0.2164300531943076,-0.0012206647569211935,0
-0.22064200091053107,-0.004211947716223476,0
-0.22782597338241312,-0.007183972471882053,0
-0.23794839867555945,-0.010122425293146333,0
-0.25096044858659433,-0.013012049911034905,0
-0.26679680299099434,-0.015836354404399997,0
-0.28537422388040395,-0.0185774208894096,0
-0.3065900721723181,-0.021215848291914138,0
-0.3303209278561308,-0.023730855683812724,0
-0.3564214952757595,-0.026100567419628667,0
-0.38472398592664947,-0.02830249065088995,0
-0.4150381662885513,-0.03031418036190183,0
-0.4471522337662475,-0.03211406747769622,0
-0.4808346374674676,-0.03368240370122007,0
-0.5158368931127555,-0.03500225564528796,0
-0.5518973576160043,-0.036060464503248894,0
-0.5887458376072906,-0.03684847999128631,0
-0.6261088192470416,-0.03736298163975099,0
-0.6637150369639057,-0.03760621771686405,0
-0.7013010574328887,-0.03758602046898311,0
-0.7386165491385355,-0.03731549170564677,0
-0.7754289382287948,-0.036812389090259336,0
-0.8115272128325942,-0.03609827460379943,0
-0.8467247204194389,-0.03519750758684467,0
-0.8808608933967272,-0.034136172977288354,0
-0.9138019244345992,-0.03294103103787198,0
-0.9454404849642001,-0.03163856052960086,0
-0.9756946317978666,-0.030254146833666572,2
-1.0025060759277908,-0.02681144412992427,1
-1.0268399563575679,-0.024333880429776945,1
-1.0486784976946149,-0.021838541337046886,2
-1.0670170637051497,-0.018338566010534765,2
-1.0818600475610196,-0.014842983855869966,2
-1.093216535988475,-0.011356488427455373,2
-1.1010968112523374,-0.007880275263862428,2
-1.1055096980827146,-0.004412886830377164,2
-1.1064607409053056,-0.0009510428225909563,2
-1.1039511911743194,0.002509549730986171,2
-1.0979777899675485,0.005973401206771005,2
-1.0885333423176096,0.009444447649938981,2
-1.0756080923330196,0.012925249984589954,2
-1.05919191738972,0.016416174943299656,2
-1.0392773607510253,0.01991455663869457,2
-1.0158635097850677,0.023413850965957526,2
-0.9889606961871694,0.026902813597898267,2
-0.9585959403626673,0.03036475582450216,2
-0.9248189810500634,0.033776959312603806,2
-0.8877086235099092,0.03711035754015419,2
-0.8473790112507474,0.04032961225916177,2
-0.8039852918096809,0.043393719441066486,2
-0.7577280309316158,0.046257260878065094,2
-0.7088556647705672,0.04887236616104864,2
-0.657664303273726,0.051191361496841156,2
-0.604494340306484,0.053169962967242114,2
-0.5497235987057153,0.05477074160076863,2
-0.493757121461576,0.05596647724413926,2
-0.437014157777659,0.05674296368391701,2
-0.37991330077013946,0.05710085700751953,2
-0.32285702082087847,0.05705627994926101,0
-0.26821693503108546,0.05464008578979302,2
-0.21431025649916222,0.05390667853192325,2
-0.16140443315084937,0.052905823348312835,2
-0.10971121340673816,0.051693219744111216,2
-0.05938380047837726,0.0503274129283609,2
-0.010516819963416094,0.04886698051496117,0
0.03485140473773053,0.045368224701146626,1
0.07773328147518235,0.04288187673745183,2
0.11918282841523556,0.04144954694005321,2
0.1592904813153886,0.04010765290015303,2
0.19817819462673927,0.03888771331135069,2
0.23599488474072428,0.037816690113985,1
0.27191238984108007,0.0359175051003558,1
0.30611656556639627,0.034204175725316206,0
0.33780291050408384,0.03168634493768759,1
0.3681668279052502,0.03036391740116632,2
0.3984067936136329,0.030239965708382704,2
0.4287297383459966,0.03032294473236368,2
0.45935073210379923,0.03062099375780263,1
0.48949284354091716,0.030142111437117904,1
-0.40441118497397743,0.0,0
-0.4062861654619835,-0.0018749804880060527,0
-0.41002293971874454,-0.003736774256761082,0
-0.41559514613812804,-0.0055722064193834756,0
-0.42296328080118295,-0.007368134663054911,0
-0.43207476797074307,-0.009111487169560112,0
-0.4428640926806484,-0.010789324709905339,0
-0.4552530246995203,-0.012388932018871882,0
-0.4691509657994548,-0.013897941099934552,0
-0.48445545198617673,-0.015304486186721925,0
-0.5010528388418921,-0.01659738685571538,0
-0.5188191913217621,-0.017766352479870056,0
-0.5376213894553666,-0.01880219813360455,0
-0.5573184490021309,-0.019697059546764286,0
-0.5777630421007146,-0.020444593098583742,0
-0.5988031885274341,-0.021040146426719523,0
-0.6202840746999047,-0.02148088617247058,0
-0.642049946402605,-0.02176587170270039,0
-0.6639460135723498,-0.021896067169744775,0
-0.6858203022193332,-0.02187428864698335,0
-0.7075253900538583,-0.021705087834525124,0
-0.7289199684875087,-0.02139457843365041,0
-0.7498701837216966,-0.02095021523418788,0
-0.7702507225674027,-0.020380538845706064,0
-0.7899456231609358,-0.019694900593533106,0
-0.8088488055032904,-0.01890318234235466,0
-0.8268643305292213,-0.01801552502593085,0
-0.8439064082370257,-0.017042077707804467,0
-0.8598991846454387,-0.01599277640841303,0
-0.8747763437053026,-0.014877159059863873,0
-0.8884805638136326,-0.013704220108330044,0
-0.9009628695382919,-0.012482305724659264,2
-0.9101819180087243,-0.009219048470432416,0
-0.9181092089382074,-0.007927290929483057,0
-0.9247216363564337,-0.006612427418226275,0
-0.9300009277059419,-0.00527929134950824,0
-0.9339331531485559,-0.003932225442613995,1
-0.9355083195600419,-0.00157516641148602,1
-0.9347225158428543,0.0007858037171876702,2
-0.9305776865426552,0.0041448293001990644,2
-0.9230843051211798,0.007493381421475401,2
-0.9122622269272668,0.010822078193913027,2
-0.8981422016578077,0.014120025269459152,2
-0.8807679859983217,0.017374215659485985,2
-0.8601989619454582,0.02056902405286349,2
-0.8365131235101833,0.023685838435274893,2
-0.8098102447626548,0.026702878747528445,2
-0.7802149887830617,0.02959525597959314,2
-0.747879666385032,0.03233532239802968,2
-0.7129863149290152,0.034893351456016755,2
-0.6757477528604762,0.03723856206853909,2
-0.6364072868525497,0.03934046600792657,2
-0.5952368149845846,0.04117047186796502,2
-0.5525331843091631,0.04270363067542153,2
-0.5086128179844907,0.04392036632467244,2
-0.46380480848353256,0.04480800950095811,2
-0.4184428525495791,0.04536195593395348,2
-0.37285654959194203,0.04558630295763707,2
-0.32736267028411686,0.045493879307825155,2
-0.2822570090919262,0.04510566119219068,2
-0.23780736181230908,0.044449647279617116,2
-0.19424803155526962,0.043559330257039446,2
-0.15177609048057442,0.042471941074695214,2
-0.11054944119801557,0.041226649282558835,2
-0.0706865592424985,0.03986288195551707,2
-0.03226767598767873,0.03841888325481977,2
0.0046629116556529335,0.03693058764333167,2
0.0400937439008783,0.03543083224522536,2
0.07404263882179071,0.033948894920912416,2
0.10655295657813318,0.032510317756342465,2
0.1376899176569168,0.031136961078783623,2
0.1675371465572441,0.02984722890032733,2
0.19619355650743298,0.02865640995018886,2
0.2237706427025543,0.027577086195121323,2
0.2503902131411647,0.026619570438610428,2
0.27618255754352744,0.025792344402362742,2
0.3012850350311922,0.02510247748766477,2
0.32584104864619534,0.02455601361500317,2
0.34999936761910777,0.0241583189729124,2
0.37391375485822903,0.023914387239121274,2
0.3977428559134499,0.023829101055220826,2
0.42165030537280973,0.02390744945935983,2
0.4458050061816746,0.024154700808864886,1
0.4693815357900009,0.02357652960832627,1
0.49255322666538087,0.02317169087537998,1
-0.5074126517744251,0.0,2
-0.5065340000018391,0.0008786517725859188,2
-0.5047832781480868,0.0017507218537523269,2
-0.5021735975995731,0.0026096805485136274,2
-0.49872449526542006,0.0034491023341530784,2
-0.49446177693930077,0.0042627183261192934,2
-0.4894173079262339,0.005044469013066891,2
-0.48362875086905316,0.005788557057180722,2
-0.47713925113107747,0.006489499737975713,2
-0.4699970707460566,0.007142180385020851,2
-0.4622551728259089,0.0077418979201477525,2
-0.45397075938987325,0.008284413436035632,2
-0.4452047667921535,0.00876599259771979,2
-0.4360213242068247,0.009183442585328778,2
-0.42648718189311413,0.00953414231371057,2
-0.41667111711895893,0.009816064774155189,2
-0.40664332657514085,0.010027790543818086,2
-0.39647481478499363,0.01016851179014719,2
-0.38623678834152636,0.010238026443467264,2
-0.3760000657439361,0.010236722597590292,2
-0.3658345121452795,0.010165553598656544,2
-0.3558085074774664,0.010026004667813122,2
-0.3459884552307514,0.009820052246715007,2
-0.3364383376976391,0.00955011753311231,2
-0.32721932182772345,0.009219015869915663,2
-0.3183894180724015,0.008829903755321918,2
-0.31000319282072447,0.00838622525167703,2
-0.30211153332898144,0.00789165949174305,2
-0.2947614625051034,0.0073500708238780806,0
-0.28999599958751,0.004765462917593414,0
-0.28784262597013316,0.0021533736173768086,0
-0.2883136519467159,-0.0004710259765827291,0
-0.2914063905552644,-0.003092738608548516,0
-0.29710311911984066,-0.005696728564576277,0
-0.30537083274120636,-0.008267713621365667,0
-0.31616081754704706,-0.010789984805840688,0
-0.3294080943922568,-0.01324727684520978,0
-0.3450308050878172,-0.015622710695560364,0
-0.36292963194856764,-0.017898826860750474,0
-0.38298735587174726,-0.02005772392317961,0
-0.4050686663147639,-0.022081310443016623,0
-0.42902033631646713,-0.023951670001703253,0
-0.45467186521768993,-0.025651528901222787,0
-0.4818366698204434,-0.027164804602753428,0
-0.5103138714523506,-0.028477201631907253,0
-0.5398906834903016,-0.029576812037950966,0
-0.5703453548616297,-0.03045467137132816,0
-0.6014505749758918,-0.031105220114262047,0
-0.6329772004726272,-0.0315266254967354,0
-0.6646981300771867,-0.03172092960455951,0
-0.6963921355437458,-0.03169400546655913,0
-0.7278474567884817,-0.031455321244735907,0
-0.7588649878169278,-0.031017531028446114,0
-0.7892609141611011,-0.03039592634417334,0
-0.8188687073746047,-0.029607793213503552,0
-0.8475404316676091,-0.028671724293004356,0
-0.8751473659786287,-0.027606934311019675,0
-0.901579986645572,-0.02643262066694333,0
-0.9267473879575987,-0.025167401312026685,1
-0.9495762387005298,-0.022828850742931076,2
-0.9690115369496775,-0.01943529824914765,0
-0.9870152923163296,-0.018003755366652077,0
-1.0035596835416392,-0.016544391225309638,0
-1.0186254671524975,-0.015065783610858198,0
-1.0322004292364089,-0.013574962083911481,0
-1.0442779211722832,-0.012077491935874323,0
-1.0548555090052387,-0.01057758783295537,2
-1.061933756557752,-0.00707824755251324,2
-1.0655144467145772,-0.0035806901568252053,2
-1.0655989103941628,-8.446367958558692e-05,2
-1.0621871824691589,0.0034117279250038633,2
-1.0552779818699791,0.006909200599179767,2
-1.0448695157851275,0.010408466084851499,2
-1.030961110672203,0.013908405112924472,2
-1.0135556707204578,0.01740543995174517,2
-0.992662952446015,0.020892718274442876,2
-0.968303617362728,0.02435933508328702,2
-0.9405139788532466,0.027789638509481372,2
-0.9093512916863155,0.03116268716693117,2
-0.8748993432866244,0.03445194839969105,2
-0.8372739999053258,0.03762534338129865,2
-0.7966282500112072,0.04064574989411861,2
-0.7531561910445048,0.04347205896670238,2
-0.7070953505860087,0.04606084045849616,2
-0.6587267484555728,0.04836860213043598,2
-0.6083722173456271,0.05035453110994571,2
-0.556388717100418,0.05198350024520901,2
-0.5031596887219423,0.05322902837847577,2
-0.4490838574543323,0.05407583126760996,2
-0.39456224509069177,0.05452161236364056,2
-0.3399844163913632,0.05457782869932861,2
-0.28571510216061824,0.05426931423074491,2
-0.23208228346745674,0.053632818693161506,2
-0.1793676013746306,0.05271468209282615,2
-0.12779962566646558,0.051567975708165015,2
-0.07755014636035207,0.050249479306113516,2
-0.028733313892382796,0.04881683246796927,1
0.01759280086326622,0.04632611475564902,0
0.06042239676045027,0.04282959589718405,2
0.1017929525616356,0.04137055580118534,2
0.14177917557347353,0.039986223011837914,2
0.1804881498058596,0.038708974232386076,2
0.21805473694886224,0.03756658714300265,1
0.2536374321425113,0.03558269519364906,1
0.28740960931461057,0.03377217717209932,0
0.3185549196158757,0.031145310301265133,1
0.34825756497089766,0.029702645355021963,2
0.3777049640381618,0.029447399067264096,2
0.4070927616148114,0.0293877975766496,2
0.43662444661794164,0.029531685003130238,1
0.46551120060209383,0.028886753984152167,1
0.49396449939607395,0.02845329879398011,1
-0.4740704127761628,0.0,2
-0.47344051017554406,0.0006299026006187606,2
-0.47218537652600007,0.0012551336495440061,2
-0.47031431627868286,0.001871060247317212,2
-0.4678411896704229,0.002473126608260007,0
-0.46678429754926,0.0010568921211628886,0
-0.46715145386399637,-0.00036715631473638994,0
-0.46893994458726496,-0.0017884907232686006,0
-0.47213654190822146,-0.003196597320956516,0
-0.4767175745388799,-0.004581032630658478,0
-0.482649058149192,-0.005931483610312068,0
-0.4898868927110677,-0.00723783456187573,0
-0.4983771355908813,-0.00849024287981361,0
-0.5080563603243727,-0.00967922473349137,0
-0.5188521109385525,-0.010795750614179773,0
-0.530683460334547,-0.0118313493959945,0
-0.5434616785954278,-0.012778218260880766,0
-0.5570910132300276,-0.013629334634599798,0
-0.571469578523124,-0.014378565293096338,0
-0.5864903456628827,-0.015020767139758787,0
-0.6020422195793921,-0.015551873916509343,0
-0.6180111829325139,-0.015968963353121857,0
-0.6342814829234035,-0.016270299990889588,0
-0.6507368330205296,-0.016455350097126138,0
-0.6672615996430328,-0.016524766622503167,0
-0.6837419435506861,-0.01648034390765332,0
-0.700066887206646,-0.016324943655959913,0
-0.7161292825940442,-0.01606239538739812,0
-0.7318266586151364,-0.01569737602109226,0
-0.7470619328994431,-0.015235274284306693,0
-0.7617439791426327,-0.014682046243189615,0
-0.7757880475215606,-0.014044068378927936,0
-0.7891160418465778,-0.013327994325017144,0
-0.8016566625565951,-0.012540620710017306,0
-0.8133454291708138,-0.011688766614218677,0
-0.824124599228019,-0.010779170057205148,0
-0.8339430030196506,-0.00981840379163169,0
-0.8427558145965633,-0.008812811576912691,0
-0.850524279709888,-0.007768465113324583,0
-0.8572154206858532,-0.006691140975965236,0
-0.862801736904819,-0.005586316218965763,0
-0.8672609177276237,-0.00445918082280467,0
-0.8705755825431579,-0.0033146648155342713,1
-0.8717330602292789,-0.0011574776861209835,1
-0.870728976227949,0.0010040840013299337,2
-0.8665671238665809,0.004161852361368073,2
-0.8592634345756802,0.007303689290900649,2
-0.8488466721963517,0.010416762379328492,2
-0.8353596123315417,0.013487059864810049,2
-0.8188606354523225,0.016498976879219147,2
-0.7994256279541957,0.01943500749812679,2
-0.7771500486563133,0.02227557929788236,2
-0.7521509813346591,0.024999067321654234,2
-0.72456896058309,0.02758202075156909,2
-0.6945693341739416,0.029999626409148345,2
-0.6623429169574322,0.0322264172165094,2
-0.6281057061526958,0.0342372108047364,2
-0.592097471080804,0.0360082350718918,2
-0.5545791039246086,0.03751836715619542,2
-0.5158287186726485,0.038750385251960194,2
-0.4761366035703119,0.03969211510233655,2
-0.4357992531715296,0.04033735039878226,2
-0.3951128112783905,0.04068644189313915,2
-0.3543663280648491,0.040746483213541414,2
-0.3138352606584241,0.040531067406424974,2
-0.2737756216280556,0.04005963903036853,2
-0.2344191087859282,0.039356512842127385,2
-0.19596944520927917,0.03844966357664904,2
-0.15860003808531603,0.03736940712396315,2
-0.12245294724634259,0.036147090838973446,2
-0.08763905434801195,0.03481389289833065,2
-0.05423925125319031,0.033399803094821635,2
-0.022306424784203617,0.031932826468986694,2
0.008131997332717727,0.030438422116921344,2
0.03707116336827378,0.028939166035556053,2
0.06452577402563339,0.027454610657359622,2
0.09052707882298822,0.026001304797354824,2
0.11512001380483211,0.024592934981843888,2
0.13836056471966757,0.023240550914835463,2
0.16031340718655634,0.021952842466888778,2
0.1810498487633263,0.02073644157676997,2
0.20064607750295135,0.01959622873962506,2
0.21918170710030202,0.01853562959735067,2
0.2367385992549763,0.01755689215467429,2
0.2533999384244937,0.0166613391695174,2
0.26924953174589883,0.015849593321405134,2
0.2843713066980648,0.015121774952166009,2
0.29884898034334184,0.014477673645277033,2
0.3127658761611404,0.013916895817798562,2
0.3262048671448083,0.013438990983667914,2
0.33924842667420313,0.013043559529394847,2
0.3519787714929222,0.012730344818719076,2
0.3644780837767712,0.012499312283848998,2
0.37682880169585115,0.012350717919079946,2
0.389113969997967,0.012285168302115838,2
0.4014176439473533,0.012303673949386303,2
0.41382534142007915,0.012407697472725854,2
0.4264245390652818,0.01259919764520265,2
0.4393052091600402,0.012880670094758328,2
0.4525603940692681,0.013255184909227972,2
0.4662868150005741,0.013726420931306021,1
0.4795855109157198,0.01329869591514571,1
0.49255506569692126,0.012969554781201436,1
-0.41059031378590677,0.0,0
-0.4124217340645938,-0.0018314202786870264,0
-0.4160716083298488,-0.003649874265255,0
-0.421514022501806,-0.0054424141719571625,0
-0.42871015994899075,-0.007196137447184782,0
-0.43760838930051127,-0.008898229351520508,0
-0.4481444170831011,-0.010536027782589823,0
-0.4602415320468575,-0.012097114963756428,0
-0.4738109703463562,-0.013569438299498696,0
-0.4887524303112241,-0.014941459964867917,0
-0.5049547621068478,-0.016202331795623623,0
-0.5222968511078054,-0.017342089000957628,0
-0.5406487045176156,-0.018351853409810166,0
-0.559872739212913,-0.01922403469529744,0
-0.5798252558178472,-0.01995251660493412,0
-0.6003580707258861,-0.020532814908038974,0
-0.6213202654279543,-0.020962194702068174,0
-0.6425600023255015,-0.021239736897547205,0
-0.6639263492889715,-0.021366346963470024,0
-0.6852710523330365,-0.021344703044065036,0
-0.7064501972554948,-0.021179144922458287,0
-0.7273257067815814,-0.020875509526086546,0
-0.7477666290686646,-0.020440922287083278,0
-0.7676501853963301,-0.019883556327665423,0
-0.7868625583165166,-0.019212372920186505,0
-0.8052994152408735,-0.01843685692435676,0
-0.8228661752775533,-0.01756676003667994,0
-0.8394780382045375,-0.016611862926984147,0
-0.8550598031871701,-0.015581764982632623,0
-0.8695455109363921,-0.014485707749221947,0
-0.8828779464726284,-0.013332435536236264,0
-0.8950080407491903,-0.012130094276561861,2
-0.9038942084931098,-0.008886167743919513,0
-0.9115078681054053,-0.0076136596122954895,0
-0.9178258147522116,-0.006317946646806294,1
-0.921829701418593,-0.004003886666381431,1
-0.923508330945992,-0.0016786295273990594,1
-0.9228571086441517,0.0006512223018403035,2
-0.9188778100092428,0.003979298634908814,2
-0.9115814770096677,0.007296332999575087,2
-0.9009892125265293,0.010592264483138462,2
-0.8871336068740721,0.013855605652457229,2
-0.870060735416641,0.01707287145743113,2
-0.8498326309982666,0.02022810441837445,2
-0.8265300930456101,0.02330253795265646,2
-0.8002556476953063,0.0262744453503038,2
-0.7711364234939063,0.029119224201399976,2
-0.7393266613316304,0.031809762162275934,2
-0.7050095442600481,0.034317117071582234,2
-0.6683980235342156,0.03661152072583251,2
-0.6297343424161939,0.038663681118021785,2
-0.589288026934134,0.040446315482059916,2
-0.5473522247407427,0.041935802193391256,2
-0.5042384224166259,0.04311380232411684,2
-0.46026974111714175,0.04396868129948412,2
-0.4157731753938768,0.04449656572326496,2
-0.37107127205808677,0.04470190333579004,2
-0.32647382025831434,0.04459745179977242,2
-0.2822701257806037,0.04420369447771066,2
-0.23872237151687967,0.043547754263724016,2
-0.19606043611935842,0.042661935397521236,2
-0.15447837860548463,0.04158205751387378,2
-0.11413262657087718,0.040345752034607454,2
-0.07514175527133254,0.03899087129954464,2
-0.037587631820330036,0.03755412345100251,2
-0.0015176308659489574,0.03607000095438108,2
0.033052395999426123,0.03457002686537508,2
0.06613470298310589,0.03308230698367977,2
0.09776605400612626,0.031631351023020365,2
0.12800416615756685,0.030238112151440583,2
0.15692435619414236,0.028920190036575495,2
0.18461650145657946,0.027692145262437108,2
0.21118238140996848,0.02656587995338901,2
0.23673342974366685,0.02555104833369837,2
0.26138889981362645,0.024655470069959606,2
0.2852744273302959,0.023885527516669464,2
0.3085209621900337,0.02324653485973783,2
0.33126403463937,0.022743072449336276,2
0.35364331802445376,0.022379283385083795,2
0.3758024498594091,0.022159131834955305,2
0.39788907370441534,0.022086623845006263,2
0.42005506543321947,0.02216599172880413,2
0.4424569081060116,0.022401842672792157,1
0.46425617917129736,0.021799271065285748,1
0.4856127280380106,0.02135654886671324,1
-0.4601444351051271,0.0,0
-0.4616174735330137,-0.0014730384278866175,0
-0.4645526975885577,-0.002935224055544055,0
-0.46892845492852464,-0.0043757573399669306,0
-0.47471240388245634,-0.005783948953931695,0
-0.4818616876722003,-0.007149283789743967,0
-0.4903231823270177,-0.008461494654817462,0
-0.5000338296326932,-0.009710647305675443,0
-0.51092106685496,-0.010887237222266817,0
-0.5229033639712813,-0.011982297116321424,0
-0.5358908766710221,-0.01298751269974069,0
-0.5497862195057441,-0.01389534283472206,0
-0.5644853584862584,-0.014699138980514219,0
-0.579878616461321,-0.015393257975062608,0
-0.5958517782200197,-0.015973161758698683,0
-0.6122872759624282,-0.016435497742408475,0
-0.6290654301388439,-0.016778154176415757,0
-0.6460657161964333,-0.01700028605758937,0
-0.6631680249332993,-0.01710230873686601,0
-0.6802538832403638,-0.017085858307064522,0
-0.6972076031271097,-0.016953719886745912,0
-0.713917330000107,-0.01670972687299729,0
-0.7302759659331662,-0.01635863593305921,0
-0.7461819497282048,-0.015905983795038624,0
-0.7615398824160472,-0.015357932687842343,0
-0.7762609939532552,-0.014721111537208002,0
-0.790263453728227,-0.014002459774971847,0
-0.8034725336666837,-0.013209079938456608,0
-0.8158206379021794,-0.012348104235495674,0
-0.8272472169550047,-0.01142657905282524,0
-0.837698587069159,-0.010451370114154302,0
-0.8471276768254357,-0.009429089756276708,0
-0.8554937234950527,-0.008366046669617011,0
-0.8627619409926323,-0.007268217497579606,0
-0.8689031799255816,-0.006141238932949333,0
-0.8738935983165984,-0.004990418391016804,0
-0.877714359277621,-0.0038207609610225518,1
-0.8793513693880863,-0.0016370101104653148,1
-0.8787986779931741,0.0005526913949122432,2
-0.8750582882695628,0.0037403897236113633,2
-0.8681439147023257,0.00691437356723712,2
-0.8580816288819108,0.010062285820414942,2
-0.8449110199556588,0.013170608926251971,2
-0.8286868035051245,0.016224216450534307,2
-0.8094807780670898,0.019206025438034593,2
-0.7873839910499616,0.02209678701712822,2
-0.7625089370710169,0.024875053978944777,2
-0.7349915753133591,0.02751736175765778,2
-0.704992923889125,0.029998651424234087,2
-0.672699975455824,0.03229294843330098,2
-0.6383256870478285,0.034374288407995536,2
-0.6021078347072276,0.03621785234060097,2
-0.5643065932650166,0.03780124144221099,2
-0.5252008015270887,0.0391057917379279,2
-0.48508299464095006,0.04011780688613861,2
-0.4442534137516432,0.04082958088930689,2
-0.4030133192237223,0.041240094527920886,2
-0.3616580183692032,0.041355300854519134,2
-0.32047005662698635,0.04118796174221685,2
-0.27971300542710487,0.04075705119988151,2
-0.23962621348715307,0.04008679193995178,2
-0.20042078320619994,0.039205430280953135,2
-0.16227690837847436,0.03814387482772558,2
-0.12534258347001265,0.0369343249084617,2
-0.08973358529605747,0.03560899817395517,2
-0.055534546552225464,0.03419903874383201,2
-0.022800892022247082,0.03273365452997838,2
0.008438608885250241,0.031239500907497324,2
0.038178910863812,0.029740301978561756,2
0.0664355932520894,0.02825668238827741,2
0.09324176548050549,0.026806172228416084,2
0.11864510941410088,0.025403343933595387,2
0.14270515092860475,0.024060041514503878,2
0.1654908180735698,0.022785667144965042,2
0.1870783144840605,0.0215874964104907,2
0.20754931469406357,0.020471000210003063,2
0.22698947226269423,0.019440157568630642,2
0.24548722128005107,0.01849774901735685,2
0.26313284582663765,0.017645624546586563,2
0.28001778927526094,0.01688494344862327,2
0.2962341750116179,0.01621638573635697,2
0.31187451142887407,0.01564033641725614,2
0.3270315563064863,0.015157044877612215,2
0.34179831845022707,0.014766762143740775,2
0.3562681774129362,0.014469858962709118,2
0.37053510499909875,0.01426692758616256,2
0.38469397492058177,0.014158869921483047,2
0.3988409493061275,0.014146974385545755,2
0.41307393269408005,0.014232983387952538,2
0.427493085589686,0.014419152895605976,2
0.4422013905763396,0.014708304986653601,2
0.4573052642499865,0.0151038736736469,2
0.4729152077852083,0.015609943535221795,1
0.4881464875877294,0.01523127980252109,1
-0.5093059390134551,0.0,2
-0.508413102442946,0.0008928365705090833,2
-0.5066341190289598,0.0017789834139861696,2
-0.5039823156191217,0.0026518034098381707,2
-0.5004775507529617,0.003504764866159931,2
-0.49614605605209433,0.004331494700867433,2
-0.4910202240665921,0.005125831985502217,2
-0.48513834240490694,0.005881881661685166,2
-0.47854427439586483,0.006594068009042119,2
-0.47128708719969703,0.007257187196167798,2
-0.4634206291929991,0.00786645800669794,2
-0.4550030595675133,0.008417569625485816,2
-0.44609633434889284,0.008906725218620464,2
-0.43676565438337905,0.009330679965513804,2
-0.42707888216746653,0.009686772215912513,2
-0.4171059356108917,0.009972946556574831,2
-0.40691816783067947,0.010187767780212251,2
-0.39658774278752973,0.010330425043149728,2
-0.386187016927583,0.010400725859946728,2
-0.37578793693922535,0.010399079988357653,2
-0.3654614632615296,0.010326473677695755,2
-0.3552770281038203,0.01018443515770936,2
-0.345302035498962,0.009974992604858273,2
-0.33560140938491106,0.00970062611405093,2
-0.32623719397636347,0.009364215408547604,2
-0.3172682088477049,0.008968985128658544,2
-0.3087497592987299,0.008518449548975017,2
-0.30073340080909133,0.008016358489638543,2
-0.2932667547877551,0.007466646021336233,0
-0.28839337145519117,0.004873383332563902,0
-0.2861412456750659,0.002252125780125289,0
-0.28652319793573433,-0.000381952260668427,0
-0.28953705916603867,-0.0030138612303043347,0
-0.29516563900195725,-0.005628579835918596,0
-0.30337648096737097,-0.008210841965413737,0
-0.31412143180451474,-0.01074495083714375,0
-0.327336075322838,-0.01321464351832323,0
-0.3429391028368447,-0.01560302751400673,0
-0.3608317113630971,-0.017892608526252428,0
-0.38089713563008826,-0.020065424266991157,0
-0.40300042862708163,-0.022103292996993387,0
-0.42698860571887115,-0.023988177091789496,0
-0.45269125733040383,-0.025702651611532665,0
-0.4799217136087814,-0.027230456278377564,0
-0.5084788112827273,-0.02855709767394598,0
-0.5381492698060063,-0.029670458523279004,0
-0.56871063427601,-0.030561364470003707,0
-0.5999346916806115,-0.03122405740460154,0
-0.63159122086202,-0.03165652918140851,0
-0.6634519013169978,-0.03186068045497782,0
-0.6952941865578658,-0.03184228524086798,0
-0.726904947061105,-0.03161076050323923,0
-0.7580837058926476,-0.031178758831542613,0
-0.788645324206078,-0.030561618313430457,0
-0.8184220390449661,-0.02977671483888813,0
-0.8472648061284738,-0.028842767083507685,0
-0.8750439494042743,-0.027779143275800573,0
-0.9016491619390331,-0.0266052125347588,0
-0.9269889356624316,-0.025339773723398427,1
-0.949989518958899,-0.023000583296467432,2
-0.9695956567606839,-0.019606137801784843,0
-0.9877692372353875,-0.018173580474703473,0
-1.0044824444805658,-0.016713207245178396,0
-1.0197161501807341,-0.015233705700168264,0
-1.0334583473777792,-0.013742197197045064,0
-1.0457026678885597,-0.012244320510780608,0
-1.0564470135394044,-0.010744345650844651,2
-1.063692321594723,-0.007245308055318502,2
-1.067440689896815,-0.0037483683020919103,2
-1.0676936668597017,-0.00025297696288669944,2
-1.0644513683547772,0.0032422985049246206,2
-1.057712418161996,0.006738950192781186,2
-1.047474711693385,0.010237706468611064,2
-1.0337370060889757,0.013737705604409279,2
-1.0165013385531805,0.01723566753579522,2
-0.9957762639248202,0.020725074628360256,2
-0.9715808770260885,0.024195386898731727,2
-0.9439495409089682,0.027631336117120337,2
-0.9129371757311422,0.03101236517782598,2
-0.8786248745240122,0.03431230120713003,2
-0.8411255061654184,0.037499368358593806,2
-0.8005888536833394,0.04053665248207888,2
-0.7572057366731102,0.04338311701022918,2
-0.7112105063722929,0.045995230300817334,2
-0.6628813105940543,0.04832919577823862,2
-0.6125376293609184,0.05034368123313595,2
-0.5605347931659694,0.052002836194948984,2
-0.5072555033864665,0.05327928977950292,2
-0.45309873904449655,0.05415676434197,2
-0.3984667917484479,0.05463194729604866,2
-0.34375144679314806,0.05471534495529986,2
-0.28932045957662916,0.054430987216518886,2
-0.23550543081872904,0.05381502875790011,2
-0.18259197223034096,0.05291345858838808,2
-0.13081272592324672,0.05177924630709423,2
-0.08034342797784394,0.05046929794540279,2
-0.0313018614278614,0.04904156654998254,1
0.015250719847775512,0.04655258127563691,0
0.05830591724214184,0.04305519739436633,2
0.09989926249733837,0.04159334525519653,2
0.1401040433640337,0.04020478086669534,2
0.17902642017690987,0.038922376812876164,2
0.2168007802945888,0.037774360117678936,1
0.2525855398050477,0.03578475951045894,1
0.2865543500693111,0.033968810264263426,0
0.3178914283685348,0.03133707829922365,1
0.3477817805446324,0.0298903521760976,2
0.3774138017376902,0.029632021193057807,2
0.406984243971537,0.029570442233846802,2
0.43669780900398286,0.029713565032445897,1
0.4657669746273426,0.02906916562335978,1
0.49440457443971114,0.0286375998123685,1
-0.4194436284193507,0.0,0
-0.421212142493528,-0.0017685140741773245,0
-0.42473653828402497,-0.003524395790496973,0
-0.4299915782067258,-0.0052550399227008025,0
-0.436939481006504,-0.006947902799778179,0
-0.44553003175361083,-0.008590550747106834,0
-0.4557007599032756,-0.010170728149664741,0
-0.4673772090007613,-0.011676449097485745,0
-0.4804733234659624,-0.013096114465201097,0
-0.49489197727170947,-0.01441865380574711,0
-0.5105256660256383,-0.01563368875392881,0
-0.5272573779676969,-0.016731711942058573,0
-0.5449616509429138,-0.01770427297521697,0
-0.5635058120115841,-0.01854416106867024,0
-0.58275138478655,-0.019245572774965823,0
-0.6025556378182614,-0.019804253031711357,0
-0.6227732364763846,-0.020217598658123174,0
-0.6432579518849201,-0.02048471540853549,0
-0.663864374488937,-0.020606422604016926,0
-0.6844495774185266,-0.02058520292958965,0
-0.7048746762491783,-0.020425098830651668,0
-0.7250062369036939,-0.020131560654515587,0
-0.7447174917744549,-0.019711254870761027,0
-0.763889334832035,-0.019171843057580122,0
-0.7824110785054383,-0.018521743673403278,0
-0.800180967402707,-0.017769888897268663,0
-0.8171064555067139,-0.016925488104006882,0
-0.8331042635386772,-0.015997808031963264,0
-0.8481002411938077,-0.0149959776551305,0
-0.8620290646538823,-0.013928823460074624,0
-0.8748338031560912,-0.012804738502208854,0
-0.8864653896347615,-0.01163158647867039,0
-0.8968820298808441,-0.010416640246082605,0
-0.9060485826861054,-0.009166552805261323,0
-0.9139359404737097,-0.007887357787604257,0
-0.920520436353861,-0.006584495880151345,0
-0.9257832997120294,-0.0052628633581683504,0
-0.9297101785912494,-0.00392687887921999,1
-0.931290743441342,-0.0015805648500926165,1
-0.9305209284581235,0.0007698149832185059,2
-0.9264027072981981,0.004118221159925475,2
-0.9189468507516477,0.007455856546550346,2
-0.9081737654430891,0.010773085308558588,2
-0.8941149821156805,0.014058783327408623,2
-0.876815233231068,0.017299748884612512,2
-0.8563350243041457,0.02048020892692232,2
-0.8327535608353362,0.0235814634688094,2
-0.8061718436885714,0.026581717146764876,2
-0.7767156936277704,0.029456150060801066,2
-0.7445384168091446,0.032177276818625825,2
-0.7098227866385636,0.03471563017058099,2
-0.6727820049600985,0.037040781678465,2
-0.6336593286459244,0.039122676314174126,2
-0.5927261151310291,0.04093321351489527,2
-0.5502781548120034,0.04244796031902575,2
-0.5066303127190357,0.04364784209296771,2
-0.4621096791405685,0.044520633578467174,2
-0.4170476027792673,0.0450620763613012,2
-0.3717711205409378,0.045276482238329474,2
-0.32659437853092727,0.045176742010010554,2
-0.2818106431183825,0.04478373541254475,2
-0.23768542808059512,0.04412521503778738,2
-0.19445112841263515,0.04323429966795996,2
-0.1523033792819063,0.04214774913072887,2
-0.11139918004213398,0.04090419923977232,2
-0.07185666537635713,0.03954251466577686,2
-0.03375628728132405,0.038100378095033076,2
0.002856899089920345,0.036613186371244395,2
0.03797017728166728,0.035113278191746936,2
0.07159965745440919,0.03362948017274191,2
0.10378658946916344,0.03218693201475426,2
0.13459372678266956,0.030807137313506136,2
0.1641019092157201,0.02950818243305054,2
0.19240697820116448,0.028305068985444392,2
0.2196170911560338,0.027210112954869338,2
0.24585046407662448,0.026233372920590657,2
0.2712335434724903,0.025383079395865798,2
0.2958995893716032,0.02466604589911291,2
0.31998763881896614,0.024088049447362928,2
0.34364181235581925,0.023654173536853097,2
0.36701092277175584,0.023369110415936582,2
0.39024834451529183,0.02323742174353597,2
0.4135121022938096,0.02326375777851777,2
0.4369651375541122,0.023453035260302606,1
0.45977571082681223,0.022810573272700023,1
0.4821105304853434,0.022334819658531197,1
-0.5918215474240298,0.0,2
-0.5903134414006859,0.001508106023344002,2
-0.5873083092378896,0.003005132162796248,2
-0.5828282594117317,0.004480049826157893,2
-0.5769063223488743,0.005921937062857361,2
-0.5695862806998082,0.007320041649066033,2
-0.5609224258595996,0.008663854840208627,2
-0.5509792282071552,0.00994319765244448,2
-0.5398309080090798,0.011148320198075358,2
-0.527560894927082,0.01227001308199783,2
-0.5142611666498509,0.013299728277231103,2
-0.5000314612808497,0.014229705369001113,2
-0.48497836354670615,0.015053097734143591,2
-0.46921427129565435,0.015764092251051784,2
-0.4528562556527393,0.01635801564291504,2
-0.4360248350179189,0.01683142063482038,2
-0.4188426892271766,0.017182145790742266,2
-0.4014333450658333,0.01740934416134331,2
-0.3839198674442533,0.017513477621579947,2
-0.36642359159211113,0.017496275852142203,2
-0.34906293046909437,0.017360661123016746,2
-0.33195228831152984,0.01711064215756451,2
-0.3152011061203311,0.01675118219119876,2
-0.29891305839103993,0.016288047729291155,2
-0.28318541303874556,0.015727645352294355,2
-0.26810855886081975,0.015076854177925826,2
-0.25376569755885553,0.014342861301964212,2
-0.24023269077259238,0.013533006786263164,0
-0.22957804710586094,0.01065464366673145,0
-0.22185353134657743,0.007724515759283504,0
-0.2170954424418542,0.004758088904723222,0
-0.21532561521797552,0.0017698272238786668,0
-0.21655206826332965,-0.0012264530453541134,0
-0.22076925083789825,-0.004217182574568596,0
-0.2279578714303631,-0.007188620592464872,0
-0.23808431999660257,-0.010126448566239444,0
-0.2510997255701187,-0.013015405573516142,0
-0.266938721254077,-0.01583899568395829,0
-0.28551801943133504,-0.018579298177258015,0
-0.30673493028510457,-0.021216910853769512,0
-0.33046598416888534,-0.023731053883780787,0
-0.35656583955317994,-0.026099855384294608,0
-0.38486666879708553,-0.028300829243905607,0
-0.41517820907581926,-0.03031154027873373,0
-0.4472886412913159,-0.03211043221549663,0
-0.48096641341329815,-0.03367777212198223,0
-0.515963057256985,-0.03499664384368685,0
-0.5520169639799261,-0.036053906722941016,0
-0.5888579923875403,-0.03684102840761428,0
-0.6262126973242114,-0.03735470493667099,0
-0.6638098958406616,-0.0375971985164503,0
-0.701386247642336,-0.03757635180167444,0
-0.7386915204579764,-0.037305272815640333,0
-0.7754932413925475,-0.03680172093457108,0
-0.8115804968084701,-0.03608725541592259,0
-0.8467667256465279,-0.035186228838057824,0
-0.8808914416382344,-0.03412471599170657,0
-0.9138209060568024,-0.03292946441856808,0
-0.9454478445078901,-0.03162693845108766,0
-0.9756903526741914,-0.03024250816630121,2
-1.0024901649685982,-0.026799812294406943,1
-1.0268124295171848,-0.024322264548586475,1
-1.048639367582269,-0.021826938065084255,2
-1.0669663290342049,-0.018326961451935804,2
-1.0817976857491407,-0.014831356714935958,2
-1.0931424985304221,-0.011344812781281443,2
-1.101011021792086,-0.007868523261664007,2
-1.1054120531150256,-0.0044010313229394474,2
-1.1063511130757673,-0.0009390599607417109,2
-1.1038294352047626,0.0025216778710046356,2
-1.0978437512953096,0.005985683909453074,2
-1.0883868685875446,0.009456882707764989,2
-1.0754490479048562,0.012937820682688478,2
-1.0590202010029355,0.016428846901920605,2
-1.039092926405473,0.019927274597462685,2
-1.015666390727216,0.023426535678256855,2
-0.9887510316197075,0.026915359107508613,2
-0.958374004106703,0.03037702751300441,2
-0.9245852108867048,0.0337887932199983,2
-0.8874636493400286,0.037121561546676146,2
-0.8471236796037159,0.04033996973631266,2
-0.8037206837135868,0.04340299589012903,2
-0.7574554698795298,0.04626521383405698,2
-0.7085767116497454,0.048878758229784415,2
-0.6573807358135355,0.05119597583620994,2
-0.604208115908814,0.053172619904721545,2
-0.5494368013680244,0.05477131454078958,2
-0.4934718956332031,0.055964905734821345,2
-0.43673263400343615,0.05673926162976695,2
-0.37963751941751994,0.05709511458591623,2
-0.3225888606887325,0.05704865872878743,0
-0.26795805304562953,0.05463080764310294,2
-0.21406205124297248,0.053896001802657044,2
-0.161168020143237,0.05289403109973549,2
-0.10948741748975932,0.05168060265347768,2
-0.05917316363918466,0.05031425385057466,2
-0.010319621663757002,0.048853541975427656,0
0.035035118280135134,0.045354739943892136,1
0.07790365443581049,0.042868536155675346,2
0.11934015640041316,0.041436501964602676,2
0.1594351775469111,0.04009502114649794,2
0.19831075839649237,0.03887558084958125,2
0.23611587310284976,0.0378051147063574,1
0.27202239301486547,0.03590651991201571,1
0.30621618445303794,0.03419379143817248,0
0.33789273885067106,0.031676554397633144,1
0.36824743749918215,0.030354698648511105,2
0.3984787245154586,0.030231287016276455,2
0.42879349245506776,0.030314767939609112,2
0.45940676835353805,0.030613275898470283,1
0.48954157442748664,0.030134806073948604,1
-0.41556464147586236,0.0,0
-0.4173607865965923,-0.001796145120729975,0
-0.4209402955992155,-0.0035795090026231706,0
-0.42627762949211906,-0.005337333892903581,0
-0.43333454619865774,-0.007056916706538712,0
-0.44206020121175615,-0.00872565501309842,0
-0.4523913149888116,-0.010331113777055402,0
-0.46425243208047684,-0.011861117091665244,0
-0.47755629902969315,-0.01330386694921631,0
-0.49220438753394274,-0.014648088504249583,0
-0.5080875859993748,-0.015883198465432014,0
-0.5250870764069546,-0.016999490407579875,0
-0.5430754045955568,-0.017988328188602173,0
-0.561917741170265,-0.018842336574708247,0
-0.5814733180706996,-0.019555576900434572,0
-0.6015970134148929,-0.02012369534419334,0
-0.6221410457280008,-0.020544032313107894,0
-0.6429567292248763,-0.020815683496875584,0
-0.6638962354381657,-0.020939506213289275,0
-0.6848143038702972,-0.02091806843213148,0
-0.705569845801627,-0.020755541931329734,0
-0.7260273907691005,-0.020457544967473488,0
-0.7460583339829874,-0.020030943213886897,0
-0.7655419541851765,-0.019483620202189123,0
-0.7843661840836957,-0.0188242298985193,0
-0.8024281283891544,-0.018061944305458755,0
-0.8196343365891227,-0.017206208199968195,0
-0.8359008480916732,-0.016266511502550495,0
-0.85115303568755,-0.0152521875958768,0
-0.8653252791506558,-0.014172243463105819,0
-0.87836050421505,-0.013035225064394154,0
-0.890209623343891,-0.011849119128841047,0
-0.9008309139981621,-0.01062129065427112,0
-0.9101893679528197,-0.009358453954657581,0
-0.9182560420413364,-0.008066674088516702,0
-0.9250074369486434,-0.006751394907306975,0
-0.9304249266637072,-0.00541748971506389,0
-0.9344942572106952,-0.004069330546987963,1
-0.9362051294799183,-0.0017108722692230748,1
-0.935553318274065,0.0006518112058533682,2
-0.9315404259830513,0.0040128922910136235,2
-0.9241765164128212,0.00736390957023012,2
-0.9134809425118533,0.010695573900967875,2
-0.8994838370561897,0.013997105455663586,2
-0.8822282084370002,0.017255628619189486,2
-0.8617725488288283,0.020455659608171986,2
-0.8381938194876969,0.023578729341131383,2
-0.8115906283081146,0.026603191179582285,2
-0.7820863612028407,0.029504267105273874,2
-0.7498319775885264,0.03225438361431427,2
-0.7150081406198859,0.03482383696864041,2
-0.6778263365211215,0.037181804098764454,2
-0.638528656594412,0.03929767992670941,2
-0.5973859798978359,0.04114267669657611,2
-0.5546944076639415,0.042691572233894366,2
-0.5107699563024357,0.04392445136150584,2
-0.4659416973347297,0.04482825896770604,2
-0.42054371337131496,0.04539798396341469,2
-0.3749063881816197,0.04563732518969527,2
-0.32934763771323106,0.04555875046838865,2
-0.2841646997053477,0.045182938007883366,2
-0.2396270300157436,0.044537669689604084,2
-0.19597071795224955,0.04365631206349405,2
-0.15339465704724414,0.04257606090500541,2
-0.11205852316404438,0.04133613388319976,2
-0.07208244719620795,0.039976075967836436,2
-0.03354814502121168,0.03853430217499627,2
0.003498808097491146,0.037046953118702826,2
0.039045898933583206,0.03554709083609206,2
0.0731101217169465,0.034064222783363296,2
0.10573423608861246,0.032624114371665965,2
0.13698307136635585,0.03124883527774339,2
0.16694005153381677,0.029956980167460928,2
0.19570405904198168,0.028764007508164904,2
0.22338670683981152,0.02768264779782984,2
0.25011004907955525,0.026723342239743764,2
0.2760047318496803,0.02589468277012501,2
0.3012085650801783,0.02520383323049802,2
0.3258654838503985,0.02465691877022021,2
0.35012485992927017,0.02425937607887169,2
0.3741411207736808,0.02401626084441059,2
0.39807363186908457,0.023932511095403772,2
0.4220867979028222,0.02401316603373763,2
0.44635033770136345,0.024263539798541206,1
0.4700396861780582,0.02368934847669474,1
0.4933290676854298,0.02328938150737158,1
-0.443678118269333,0.0,0
-0.4452717968044513,-0.0015936785351182857,0
-0.448447536454139,-0.003175739649687687,0
-0.453182147654406,-0.004734611200267046,0
-0.45944096425898806,-0.006258816604582065,0
-0.46717799895725365,-0.007737034698265595,0
-0.4763361718222974,-0.009158172865043798,0
-0.48684762771251056,-0.010511455890213139,0
-0.4986341591256674,-0.011786531413156817,0
-0.5116077501755174,-0.01297359104985001,0
-0.525671254520877,-0.014063504345359676,0
-0.5407192153744607,-0.015047960853583675,0
-0.5566388293766091,-0.015919614002148433,0
-0.5733110485413028,-0.01667221916469359,0
-0.5906118062351692,-0.017300757693866377,0
-0.6084133449225059,-0.017801538687336686,0
-0.6265856159442037,-0.018172271021697863,0
-0.6449977156131508,-0.01841209966894709,0
-0.6635193180072402,-0.018521602394089422,0
-0.6820220634364946,-0.01850274542925448,0
-0.7003808628202934,-0.01835879938379883,0
-0.718475082034326,-0.018094219214032495,0
-0.7361895763237073,-0.01771449428938133,0
-0.7534155525771468,-0.01722597625343948,0
-0.770051245940566,-0.016635693363419142,0
-0.7860024062022495,-0.01595116026168356,0
-0.8011825979357624,-0.01518019173351292,0
-0.8155133259845773,-0.014330728048814807,0
-0.8289240041133517,-0.013410678128774396,0
-0.8413517893086618,-0.012427785195310232,0
-0.8527413072270568,-0.011389517918394891,0
-0.863044295741823,-0.01030298851476617,0
-0.8722191936170547,-0.009174897875231718,0
-0.8802307002868195,-0.008011506669764799,0
-0.8870493308112998,-0.0068186305244802466,0
-0.8926509875861945,-0.005601656774894751,1
-0.8960165675308769,-0.0033655799446823216,1
-0.8971348964941145,-0.0011183289632376134,2
-0.8950023121360068,0.002132584358107742,2
-0.8896258201874219,0.005376491948584937,2
-0.8810234899148833,0.008602330272538563,2
-0.8692254343769833,0.011798055537899992,2
-0.8542753273064084,0.014950107070574911,2
-0.8362323754682854,0.018042951838122954,2
-0.8151736280332799,0.02105874743500557,2
-0.7911964633102246,0.023977164723055243,2
-0.764421050496975,0.026775412813249688,2
-0.7349925445917775,0.029428505905197425,2
-0.7030827431639295,0.031909801427848015,2
-0.66889092283709,0.03419182032683959,2
-0.6326435898648801,0.0362473329722098,2
-0.5945929299845947,0.03805065988028543,2
-0.5550138303304109,0.03957909965418388,2
-0.5141994664024416,0.04081436392796919,2
-0.4724555879518027,0.041743878450638934,2
-0.4300937802502466,0.04236180770155613,2
-0.38742409890377644,0.042669681346470124,2
-0.3447475556861791,0.04267654321759734,2
-0.3023489549392837,0.04239860074689539,2
-0.2604905406452168,0.04185841429406687,2
-0.21940682086905827,0.04108371977615854,2
-0.17930080620397681,0.04010601466508146,2
-0.14034175462831272,0.03895905157566411,2
-0.10266437904868692,0.0376773755796258,2
-0.06636936312546148,0.03629501592322544,2
-0.03152495566043799,0.034844407465023486,2
0.0018306239803181981,0.03335557964075619,2
0.0336862413218014,0.0318556173414832,2
0.0640546138842377,0.030368372562436297,2
0.09296900325737831,0.02891438937314062,2
0.1204800003349632,0.0275109970775849,2
0.1466525259668873,0.02617252563192409,2
0.17156312726968104,0.024910601302793725,2
0.19529761439598756,0.02373448712630652,2
0.2179490547068167,0.022651440310829128,2
0.2396161208636814,0.021667066156864714,2
0.26040177551434607,0.020785654650664672,2
0.2804122668138743,0.02001049129952824,2
0.299756404761813,0.019344137947938666,2
0.31854508709387563,0.018788682332062663,2
0.3368910442538495,0.018345957159973864,2
0.35490877498716294,0.018017730733313427,2
0.37271464671677396,0.017805871729611008,2
0.3904271376084969,0.01771249089172297,2
0.4081671997435,0.017740062135003114,2
0.42605872480407003,0.01789152506057,2
0.444229094900523,0.018170370096452927,1
0.4618098013886783,0.017580706488155292,1
0.4789297399201074,0.01711993853142912,1
0.495715662486872,0.016785922566764602,1
-0.5968771855608692,0.0,2
-0.595332013507402,0.0015451720534672736,2
-0.5922529851048298,0.0030790284025720817,2
-0.5876626828585897,0.00459030224624013,2
-0.5815948538130519,0.006067829045537839,2
-0.5740942454263839,0.007500608386668039,2
-0.565216367825828,0.00887787760055589,2
-0.5550271685817658,0.010189199244062173,2
-0.5436026054711641,0.01142456311060165,2
-0.531028103672015,0.01257450179914908,2
-0.5173978865253863,0.013630217146628749,2
-0.5028141733645072,0.014583713160879096,2
-0.48738624372692224,0.015427929637584919,2
-0.4712293741624039,0.016156869564518336,2
-0.4544636613099866,0.0167657128524173,2
-0.43721275232282186,0.017250908987164755,2
-0.41960251040563445,0.017610241917187394,2
-0.40175964856016516,0.017842861845469297,2
-0.3838103680763789,0.017949280483786238,2
-0.36587903949932205,0.01793132857705687,2
-0.3480869625987432,0.01779207690057881,2
-0.3305512383618024,0.017535724236940827,2
-0.3133837805302817,0.01716745783152071,2
-0.29669048720163504,0.01669329332864667,2
-0.2805705851084194,0.016119902093215642,2
-0.2651161510196275,0.015454434088791939,1
-0.2514118068697735,0.013704344149853977,2
-0.2385294509395627,0.012882355930210771,0
-0.2285338634498208,0.009995587489741919,0
-0.22147337170258247,0.007060491747238316,0
-0.21738106614551966,0.004092305557062811,0
-0.21627572293010291,0.0011053432154167417,0
-0.21816236229561353,-0.001886639365510606,0
-0.22303240233496013,-0.0048700400393466015,0
-0.23086339729476363,-0.007830994959803501,0
-0.2416183789451114,-0.010754981650347786,0
-0.2552448492904864,-0.013626470345375036,0
-0.271673503289085,-0.016428653998598584,0
-0.29081679095707624,-0.019143287667991223,0
-0.31256745793093854,-0.021750666973862316,0
-0.33679722973801,-0.02422977180707147,0
-0.3633558240092916,-0.026558594271281596,0
-0.39207048213884005,-0.028714658129548428,0
-0.42274620277258546,-0.030675720633745407,0
-0.45516683020421206,-0.03242062743162659,0
-0.48909709961747966,-0.03393026941326762,0
-0.5242856698149249,-0.03518857019744515,0
-0.5604690883093914,-0.036183418494466504,0
-0.5973765429888696,-0.036907454679478195,0
-0.6347351711810699,-0.03735862819220038,0
-0.6722756334381048,-0.037540462257034946,0
-0.7097376260496506,-0.037461992611545855,0
-0.7468750087921985,-0.03713738274254782,0
-0.783460262262379,-0.03658525347018051,0
-0.8192880558688771,-0.03582779360649813,0
-0.854177792291732,-0.0348897364228549,0
-0.8879750841680885,-0.033797291876356515,0
-0.9205522019086209,-0.03257711774053241,0
-0.9518075987620689,-0.031255396853448,2
-0.9796646654106308,-0.027857066648561905,1
-1.0050728645699396,-0.025408199159308708,1
-1.0280010001790496,-0.022928135609110018,2
-1.0474332803526656,-0.019432280173615896,0
-1.0653655611514241,-0.017932280798758513,2
-1.0798015543925927,-0.014435993241168586,2
-1.0907494970888354,-0.010947942696242646,2
-1.0982187481312802,-0.0074692510424447574,2
-1.1022172276205546,-0.003998479489274476,2
-1.1027496854649983,-0.0005324578444437589,2
-1.0998167809738273,0.0029329044911710037,2
-1.0934149606657269,0.00640182030810042,2
-1.083537132435017,0.009877828230709991,2
-1.0701741458541447,0.013362986580872123,2
-1.0533170960659812,0.016857049788163592,2
-1.0329604675653157,0.02035662850066549,2
-1.009106119031707,0.023854348533608634,2
-0.9817680760111048,0.027338043020602196,2
-0.9509780399865683,0.03079003602453654,2
-0.9167914374407921,0.03418660254577626,2
-0.8792937219592919,0.03749771548150014,2
-0.8386065136288532,0.04068720833043871,2
-0.7948930289707687,0.04371348465808447,2
-0.7483621471500518,0.04653088182071699,2
-0.6992704079620933,0.049091739187958505,2
-0.6479212799622032,0.051349127999890075,2
-0.5946612006390821,0.053260079323121,2
-0.5398721810926378,0.054789019546444356,2
-0.48396115948202717,0.05591102161061061,2
-0.42734671987944134,0.056614439602585845,2
-0.370444180549372,0.05690253933006935,2
-0.31365031013556943,0.05679387041380256,2
-0.25732898928909337,0.056321320846476085,0
-0.2037989835801189,0.05353000570897448,2
-0.1513160952479533,0.052482888332165585,2
-0.10008001371601101,0.0512360815319423,2
-0.05023209599555243,0.04984791772045858,2
-0.0018558452407977863,0.04837625075475464,0
0.04302044426067429,0.04487628950147208,1
0.08541752591168067,0.042397081651006384,2
0.1263962411134857,0.04097871520180505,2
0.1660525431926573,0.0396563020791716,2
0.20451268439327608,0.03846014120061879,2
0.24192878545280164,0.03741610105952555,1
0.27747494218775615,0.035546156734954495,1
0.31133838786727713,0.03386344567952098,0
0.3427153072049706,0.03137691933769349,1
0.3728012078958826,0.030085900690911993,2
0.4027943116129426,0.029993103717059974,2
0.4329010856023895,0.030106773989446875,1
0.4623359893646191,0.02943490376222963,1
0.49131400454524793,0.028978015180628796,1
-0.5146037781888348,0.0,2
-0.5136712324821222,0.0009325457067126876,2
-0.5118131323420434,0.0018581001400788124,2
-0.5090434061108129,0.0027697262312304707,2
-0.5053828104626139,0.003660595648199016,2
-0.500858766563059,0.004524043899554811,2
-0.49550514047283917,0.005353626090219866,2
-0.48936196728875936,0.006143173184079793,2
-0.48247511893150546,0.0068868483572538785,2
-0.47489591619652055,0.0075792027349848995,2
-0.46668068667498686,0.008215229521533689,2
-0.45789027139022737,0.008790415284759507,2
-0.4485894844177165,0.009300786972510867,2
-0.43884653127772894,0.009742953139987591,2
-0.4287323934047233,0.010114137873005627,2
-0.41832018739437293,0.01041220601035036,2
-0.4076845088962671,0.010635678498105823,2
-0.39690077185752315,0.010783737038743985,2
-0.3860445542504573,0.010856217607065838,2
-0.37519096138517155,0.01085359286528575,2
-0.3644140173980433,0.010776943987128277,2
-0.3537860945374409,0.010627922860602376,2
-0.3433773884895903,0.010408706047850626,2
-0.33325544627961756,0.010121942209972755,2
-0.3234847513451552,0.009770694934462393,2
-0.3141263683236561,0.009358383021499128,2
-0.3052376480326864,0.008888720290969699,2
-0.2968719911609333,0.008365656871753044,0
-0.29107866741819644,0.005793323742736904,0
-0.28789121818840385,0.003187449229792587,0
-0.28732789150880556,0.0005633266795982764,0
-0.2893918970104677,-0.002064005501662118,0
-0.2940714521260723,-0.004679555115604581,0
-0.3013396144740426,-0.007268162347970367,0
-0.31115391904378864,-0.00981430456974604,0
-0.3234558620938751,-0.01230194305008649,0
-0.33817029583472036,-0.014714433740845257,0
-0.3552048179754985,-0.01703452214077814,0
-0.37444925662331036,-0.019244438647811814,0
-0.39577536197436763,-0.021326105351057275,0
-0.4190368196241833,-0.023261457649815707,0
-0.4440696941041208,-0.025032874479937482,0
-0.47069339390052733,-0.026623699796406525,0
-0.4987122202446086,-0.028018826344081267,0
-0.5279175224030437,-0.02920530215843507,0
-0.5580904348666391,-0.030172912463595415,0
-0.5890051212694565,-0.0309146864028174,0
-0.6204324018619891,-0.03142728059253266,0
-0.6521436020713995,-0.03171120020941041,0
-0.6839144345416946,-0.03177083247029515,0
-0.7155287196819833,-0.03161428514028866,0
-0.7467817612169508,-0.031253041534967566,0
-0.7774832217856851,-0.03070146056873424,0
-0.8074593850986708,-0.02997616331298569,0
-0.8365547397993175,-0.02909535470064668,0
-0.864632869800835,-0.02807813000151747,0
-0.8915766809322888,-0.026943811131453874,0
-0.917288030117582,-0.02571134918529313,0
-0.9416868487456349,-0.024398818628052946,1
-0.9637098658959903,-0.022023017150355387,2
-0.9823108886564111,-0.018601022760420884,0
-0.9994591276771815,-0.017148239020770305,0
-1.0151329611736695,-0.015673833496487953,0
-1.0293183523056502,-0.014185391131980588,0
-1.0420073388152384,-0.012688986509588308,0
-1.0531966283746304,-0.01118928955939184,0
-1.0628863227985226,-0.009689694423892298,2
-1.0690787857587645,-0.006192462960241856,2
-1.0717766331548777,-0.002697847396113121,2
-1.0709812739488622,0.0007953592060154172,2
-1.06669227578001,0.004288998168852286,2
-1.0589075518908617,0.007784723889148295,2
-1.0476243704893773,0.011283181401484356,2
-1.032841191137358,0.014783179352019163,2
-1.0145603301090262,0.018280861028331916,2
-0.9927914428776006,0.021768887231425657,2
-0.9675557820615639,0.025235660816036638,2
-0.9388911390677147,0.028664642993849233,2
-0.9068573047942268,0.03203383427348788,2
-0.8715417899016751,0.035315514892551636,2
-0.8330654344103693,0.038476355491305805,2
-0.7915874230022397,0.04147801140812954,2
-0.7473091277424279,0.04427829525981188,2
-0.7004761521421798,0.04683297560024802,2
-0.6513779799267276,0.049098172215452256,2
-0.600344762909168,0.05103321701755959,2
-0.5477410228600701,0.052603740049097986,2
-0.4939563742167033,0.0537846486433668,2
-0.4393937506826335,0.05456262353406982,2
-0.3844559693706207,0.05493778131201277,2
-0.3295317156209142,0.05492425374970648,2
-0.2749821214023669,0.0545495942185473,2
-0.22112901809057087,0.053853103311796026,2
-0.16824569238870077,0.052883325701870106,2
-0.1165506208073264,0.05169507158137437,2
-0.06620427930478023,0.05034634150254615,2
-0.017308790855696775,0.04889548844908346,0
0.028090067271342486,0.04539885812703926,1
0.07099779698005562,0.04290772970871314,2
0.11246202035898167,0.04146422337892606,2
0.15256718584126008,0.04010516548227842,2
0.19142967502612745,0.03886248918486737,2
0.22919321735302967,0.03776354232690221,1
0.26502479869008116,0.035831581337051506,1
0.2991058008884921,0.034081002198410926,0
0.3306275303874612,0.03152172949896906,1
0.360781472401247,0.030153942013785854,2
0.3907622659306983,0.029980793529451287,2
0.42077294672122045,0.030010680790522184,2
0.4510246066546379,0.030251659933417465,1
0.4807362504399248,0.029711643785286925,1
-0.4609325493487249,0.0,0
-0.46239978237904233,-0.001467233030317405,0
-0.46532343359280853,-0.0029236512137661807,0
-0.46968192685197707,-0.004358493259168528,0
-0.47544303548272376,-0.005761108630746669,0
-0.482564057165007,-0.007121021682283258,0
-0.4909920624917117,-0.008428005326704681,0
-0.500664228345202,-0.00967216585349034,0
-0.5115082676217145,-0.010844039276512563,0
-0.5234429658261647,-0.011934698204450101,0
-0.5363788326038632,-0.012935866777698554,0
-0.5502188724351491,-0.013840039831285874,0
-0.5648594736901044,-0.014640601254955277,0
-0.5801914093500584,-0.015331935659954091,0
-0.5961009363906211,-0.015909527040562723,0
-0.6124709746069859,-0.016370038216364766,0
-0.629182340096096,-0.016711365489110154,0
-0.6461150042136337,-0.016932664117537664,0
-0.6631493460297389,-0.017034341816105202,0
-0.6801673654076019,-0.0170180193778631,0
-0.6970538249376355,-0.016886459530033582,0
-0.7136972919997568,-0.016643467062121414,0
-0.7299910569410646,-0.016293764941307742,0
-0.745833909345246,-0.015842852404181346,0
-0.7611307611403917,-0.01529685179514576,0
-0.7757931123180429,-0.0146623511776512,0
-0.7897393618187242,-0.013946249500681233,0
-0.8028949722528683,-0.013155610434144104,0
-0.8151925022533117,-0.01229753000044347,0
-0.8265715242014893,-0.011379021948177482,0
-0.8369784477600478,-0.010406923558558524,0
-0.8463662711114567,-0.009387823351408862,0
-0.8546942821584638,-0.008328011047007106,0
-0.8619277313546287,-0.007233449196164971,0
-0.8680374964942823,-0.0061097651396535375,0
-0.8729997578957408,-0.004962261401458505,0
-0.8767957001375755,-0.003795942241834675,1
-0.8784112540045298,-0.0016155538669543634,1
-0.877840517309657,0.0005707366948728807,2
-0.8740855692953962,0.003754948014260797,2
-0.8671602489218767,0.0069253203735194085,2
-0.857090800696689,0.01006944822518773,2
-0.8439170321864532,0.013173768510235738,2
-0.8276939167402716,0.01622311544618162,2
-0.8084935404302626,0.019200376310009013,2
-0.7864072548534071,0.022086285576855456,2
-0.7615478589164209,0.02485939593698623,2
-0.7340515966106377,0.02749626230578318,2
-0.7040797295811111,0.029971867029526627,2
-0.6718194300234199,0.03226029955769119,2
-0.6374837486153292,0.034335681408090714,2
-0.6013104501637005,0.036173298451628665,2
-0.5635595795484909,0.037750870615209625,2
-0.5245097202734529,0.03904985927503797,2
-0.4844530289218554,0.04005669135159753,2
-0.443689256287069,0.04076377263478636,2
-0.40251908104149847,0.041170175245570526,2
-0.36123716536623635,0.041281915675262106,2
-0.3201253790470023,0.04111178631923406,2
-0.279446622270605,0.04067875677639725,2
-0.23943961077483936,0.04000701149576565,2
-0.20031488228505276,0.039124728489786605,2
-0.16225215844277857,0.03806272384227419,2
-0.12539907135387107,0.03685308708890751,2
-0.08987115538630519,0.03552791596756589,2
-0.05575292423147017,0.03411823115483502,2
-0.02309980515314207,0.0326531190783281,2
0.008059314534389763,0.031159119687531833,2
0.03771916490252197,0.029659850368132214,2
0.06589500397221762,0.028175839069695646,2
0.09261953337092996,0.026724529398712345,2
0.11793995021386924,0.025320416842939293,2
0.1419152269460186,0.023975276732149362,2
0.1646136761281942,0.022698449182175583,2
0.1861108286430708,0.0214971525148766,2
0.2064876319251416,0.02037680328207082,2
0.22582895916798076,0.019341327242839147,2
0.24422241017209012,0.01839345100410937,2
0.261757378529237,0.01753496835714684,2
0.27852435715965956,0.016766978630422584,2
0.29461445389862284,0.016090096738963285,2
0.31011909009409633,0.015504636195473459,2
0.32512985741667866,0.015010767322582347,2
0.3397385108360428,0.014608653419364098,2
0.3540370786524344,0.014298567816391619,2
0.36811807335523034,0.014080994702795925,2
0.38207478975600806,0.013956716400777735,2
0.39600167920501034,0.013926889449002274,2
0.4099947906724591,0.013993111467448735,2
0.42415227099920205,0.014157480326742973,2
0.4385749176336326,0.014422646634430528,2
0.4533667775995172,0.014791859965884611,2
0.4686357861830362,0.015269008583518989,1
0.48349443775101053,0.014858651567974316,1
0.49805303190906786,0.014558594158057322,1
-0.4271294979481236,0.0,0
-0.42884295978450687,-0.001713461836383245,0
-0.4322575575541898,-0.003414597769682963,0
-0.43734867319340914,-0.005091115639219298,0
-0.4440794704848224,-0.006730797291413221,0
-0.4524010218466249,-0.008321551361802536,0
-0.46225250537620083,-0.009851483529575909,0
-0.4735614930579292,-0.01130898768172839,0
-0.48624435254773646,-0.012682859489807215,0
-0.500206784199218,-0.013962431651481595,0
-0.515344511824425,-0.015137727625206964,0
-0.5315441401012798,-0.016199628276854797,0
-0.5486841837869935,-0.017140043685713594,0
-0.5666362644500006,-0.017952080663007183,0
-0.5852664599946716,-0.01863019554467103,0
-0.604436781702799,-0.019170321708127408,0
-0.6240067438255813,-0.019569962122782277,0
-0.6438349828837759,-0.01982823905819459,0
-0.6637808785876759,-0.01994589570389996,0
-0.6837061262394188,-0.019925247651742993,0
-0.7034762118661364,-0.019770085626717594,0
-0.7229617460304186,-0.0194855341642822,0
-0.7420396198105145,-0.019077873780095886,0
-0.7605939561019113,-0.01855433629139683,0
-0.7785168402646854,-0.017922884162774055,0
-0.7957088252836317,-0.01719198501894635,0
-0.8120792171482143,-0.01637039186458251,0
-0.8275461553868577,-0.015466938238643382,0
-0.8420365111138137,-0.014490355726955968,0
-0.8554856303126509,-0.013449119198837171,0
-0.8678369533559037,-0.012351323043252798,0
-0.8790415430947246,-0.011204589738820851,0
-0.8890575535226037,-0.010016010427879092,0
-0.897849669371692,-0.00879211584908823,0
-0.9053885444071541,-0.0075388750354620955,0
-0.9116502629913037,-0.006261718584149643,1
-0.9156158459925159,-0.003965583001212213,1
-0.9172736924537782,-0.0016578464612623583,2
-0.9156190492155442,0.0016546432382340236,2
-0.9106566601984206,0.004962389017123547,2
-0.9024010932723239,0.008255566926096726,2
-0.8908777083525845,0.011523384919739373,2
-0.8761242258809173,0.014753482471667197,2
-0.8581928232418534,0.01793140263906385,2
-0.837152649447703,0.021040173794150432,2
-0.8130926053033241,0.02406004414437895,2
-0.7861241889588264,0.0269684163444977,2
-0.7563841595255809,0.029740029433245465,2
-0.724036731260028,0.0323474282655529,2
-0.6892749870771171,0.034761744182910934,2
-0.652321203375676,0.03695378370144112,2
-0.6134258178817213,0.03889538549395471,2
-0.5728648540728549,0.04056096380886643,2
-0.5309357384367921,0.041929115636062844,2
-0.4879516000225904,0.0429841384142017,2
-0.444234306118313,0.0437172939042774,2
-0.4001066378408583,0.04412766827745471,2
-0.35588411847348334,0.04422251936737496,2
-0.31186705475375776,0.044017063719725566,2
-0.26833332759125783,0.04353372716249994,2
-0.22553237854735547,0.042800949043902345,2
-0.18368069927857725,0.041851679268778225,2
-0.14295896842985145,0.0407217308487258,2
-0.10351082098540429,0.03944814744444717,2
-0.06544310104712894,0.038067719938275346,2
-0.02882735417981197,0.03661574686731697,2
0.00629773579604611,0.03512508997585808,2
0.03992327195023865,0.03362553615419254,2
0.07206671769092028,0.032143445740681634,2
0.10276836432886616,0.030701646637945883,2
0.13208788784738226,0.0293195235185161,2
0.16010113746721777,0.028013249619835506,2
0.18689725015599132,0.02679611268877356,2
0.2125761441946948,0.025678894038703496,2
0.23724641259087437,0.024670268396179557,2
0.26102361339794466,0.02377720080707032,2
0.28402893787820815,0.023005324480263472,2
0.30638822753900624,0.02235928966079811,2
0.3282313058871237,0.02184307834811743,2
0.34969158888919927,0.021460283002075607,2
0.37090593838206404,0.02121434949286477,2
0.3920147240398417,0.021108785657777695,2
0.41316206115609794,0.021147337116256205,2
0.4344961927698606,0.021334131613762658,1
0.45516998498486194,0.0206737922150013,1
0.47533415838223897,0.020164173397377035,1
0.49513761067554074,0.01980345229330178,1
-0.4412510211248145,0.0,0
-0.4428623662827923,-0.0016113451579777794,0
-0.44607333131978294,-0.003210965036990664,0
-0.45086050948893747,-0.004787178169154542,0
-0.45718890541435514,-0.0063283959254177,0
-0.46501208693718427,-0.007823181522829108,0
-0.4742724098209521,-0.009260322883767835,0
-0.4849013317511405,-0.010628921930188356,0
-0.49681983302177063,-0.01191850127063017,0
-0.5099389603921136,-0.013119127370342987,0
-0.5241605077049954,-0.014221547312881819,0
-0.5393778420290711,-0.015217334324075665,0
-0.5554768775473353,-0.01609903551826417,0
-0.5723371915775904,-0.01686031403025509,0
-0.589833268563518,-0.017496076985927627,0
-0.6078358493315182,-0.01800258076800024,0
-0.6262133551429273,-0.01837750581140909,0
-0.6448333498324085,-0.01861999468948122,0
-0.6635639992431545,-0.018730649410745998,0
-0.6822754856810884,-0.018711486437934004,0
-0.7008413363897908,-0.018565850708702463,0
-0.7191396289921134,-0.01829829260232254,0
-0.7370540430872307,-0.017914414095117317,0
-0.7544747351573308,-0.017420692070100077,0
-0.7712990229200158,-0.016824287762685106,0
-0.7874318745154335,-0.016132851595417698,0
-0.8027862067443028,-0.015354332228869262,0
-0.8172830043967111,-0.01449679765240827,0
-0.8308512791189451,-0.013568274722233977,0
-0.8434278910260088,-0.012576611907063755,0
-0.8549572593242878,-0.01152936829827905,0
-0.8653909896519306,-0.010433730327642797,0
-0.8746874458711451,-0.009296456219214445,0
-0.8828112929183398,-0.008123847047194748,0
-0.8897330353205904,-0.006921742402250679,0
-0.8954285733968191,-0.005695538076228691,1
-0.8988787962225301,-0.0034502228257109776,1
-0.9000724453216367,-0.0011936490991065474,2
-0.8980056819065355,0.002066763415101191,2
-0.8926851710362597,0.005320510870275899,2
-0.8841284686945681,0.008556702341691555,2
-0.8723650021749673,0.011763466519600772,2
-0.8574375966097404,0.014927405565226903,2
-0.8394044676309644,0.01803312897877594,2
-0.8183415627772954,0.021062904853668962,2
-0.7943450927080352,0.023996470069260208,2
-0.7675340498609666,0.026811042847068634,2
-0.7380524715142484,0.029481578346718225,2
-0.7060711732243246,0.03198129828992385,2
-0.6717886659804573,0.03428250724386725,2
-0.6354309851839817,0.03635768079647564,2
-0.5972502090109335,0.03818077617304815,2
-0.5575215307810405,0.03972867822989299,2
-0.5165388708230524,0.04098265995798815,2
-0.47460915619229965,0.041929714630752755,2
-0.43204554242462456,0.0425636137676751,2
-0.3891599771756583,0.04288556524896626,2
-0.3462555889205141,0.04290438825514423,2
-0.3036194092093077,0.04263617971120641,2
-0.2615158993721553,0.04210350983715239,2
-0.22018165927290131,0.04133424009925399,2
-0.17982156412143518,0.040360095151466144,2
-0.14060642841842594,0.039215135703009246,2
-0.10267215670809582,0.03793427171033012,2
-0.06612022697022214,0.036551929737873676,2
-0.031019274590405405,0.03510095237981674,2
0.002592494678266083,0.03361176926867149,2
0.03470433955812882,0.03211184487986274,2
0.06532972160415058,0.030625382046021766,2
0.09450296484369468,0.02917324323954409,2
0.1222760085305843,0.027773043686889622,2
0.1487153779966913,0.02643936946610699,2
0.17389945568717033,0.02518407769047903,2
0.19791609826856638,0.024016642581396033,2
0.22086061724591613,0.022944518977349743,2
0.24283411966471558,0.021973502418799445,2
0.2639421913395247,0.021108071674809104,2
0.28429389644083997,0.020351705101315294,2
0.3040010629124865,0.019707166471646574,2
0.32317782189878647,0.01917675898629997,2
0.3419403701173156,0.018762548218529157,2
0.36040692609272146,0.01846655597540588,2
0.3786978537223822,0.0182909276296607,2
0.3969359292775243,0.018238075555142095,2
0.4152467302678458,0.018310800990321483,2
0.43375912630150015,0.018512396033654354,1
0.4516058528806007,0.01784672657910053,1
0.4689168205613586,0.017310967680757915,1
0.48581951054161737,0.016902689980258786,1
-0.4497646293416996,0.0,0
-0.45131386834766263,-0.0015492390059630504,0
-0.4544010050528122,-0.0030871367051496235,0
-0.4590034054649159,-0.004602400412103695,0
-0.4650872446493488,-0.006083839184432891,0
-0.4726076701849147,-0.007520425535565851,0
-0.4815090392121906,-0.008901369027275926,0
-0.4917252430869528,-0.010216203874762169,0
-0.5031801343355184,-0.01145489124856566,0
-0.515788069640738,-0.012607935305219569,0
-0.5294545798800632,-0.013666510239325178,0
-0.5440771738462192,-0.014622593966156023,0
-0.5595462764213769,-0.015469102575157701,0
-0.5757462950235942,-0.016200018602217363,0
-0.5925568006198697,-0.016810505596275557,0
-0.6098538021283232,-0.01729700150845351,0
-0.6275110862831267,-0.017657284154803533,0
-0.6454015896525672,-0.01789050336944056,0
-0.6633987660214538,-0.01799717636888654,0
-0.6813779111401133,-0.0179791451186595,0
-0.6992174080498179,-0.017839496909704603,0
-0.7167998597270513,-0.017582451677233428,0
-0.7340130813315138,-0.01721322160446247,0
-0.7507509314012175,-0.01673785006970376,0
-0.76691396930589,-0.01616303790467248,0
-0.7824099345044075,-0.015495965198517567,0
-0.7971540510479059,-0.014744116543498359,0
-0.8110691678202009,-0.01391511677229495,0
-0.8240857508414738,-0.013016583021272909,0
-0.8361417483643165,-0.012055997522842662,0
-0.8471823523969966,-0.01104060403268007,0
-0.8571596817587058,-0.009977329361709222,0
-0.8660324119628096,-0.008872730204103736,0
-0.8737653763537537,-0.007732964390944148,0
-0.8803291612337506,-0.006563784879996852,0
-0.8856997154454737,-0.0053705542117230155,0
-0.8898579922402569,-0.004158276794783236,1
-0.8917896384321581,-0.001931646191901257,2
-0.8904881042632461,0.0013015341689120376,2
-0.8859577947016725,0.004530309561573582,2
-0.8782143068634374,0.007743487838235125,2
-0.8672852452346453,0.010929061628791984,2
-0.8532115738266934,0.014073671407951866,2
-0.8360494322846178,0.017162141542075633,2
-0.815872307006145,0.020177125278472798,2
-0.7927734086658392,0.02309889834030581,2
-0.7668680661051167,0.025905342560722477,2
-0.7382959074107156,0.028572158694401134,2
-0.7072225684044239,0.03107333900629177,2
-0.6738406546434621,0.03338191376096183,2
-0.638369693839014,0.03547096080444812,2
-0.6010548584151368,0.03731483542387718,2
-0.562164316076275,0.038890542338861835,2
-0.5219851770359267,0.04017913904034829,2
-0.48081813993753136,0.04116703709839537,2
-0.43897107749743774,0.0418470624400936,2
-0.3967519262145332,0.04221915128290453,2
-0.3544613309395047,0.04229059527502848,2
-0.3123855287736593,0.04207580216584538,2
-0.2707899312564873,0.041595597517172,2
-0.22991378395741827,0.04087614729906904,2
-0.1899661632292191,0.03994762072819915,2
-0.1511234318736259,0.03884273135559321,2
-0.1135281405896752,0.037595291283950706,2
-0.07728924832428635,0.036238892265388845,2
-0.04248345329158826,0.034805795032698095,2
-0.00915738123605097,0.03332607205553729,2
0.02266963415850435,0.03182701539455532,2
0.05300242883852987,0.030332794680025518,2
0.08186676113296712,0.028864332294437252,2
0.10930611455826288,0.02743935342529576,2
0.13537868088475288,0.02607256632649001,2
0.16015461175611728,0.024775930871364406,2
0.1837135910327224,0.023558979276605115,2
0.20614275105948418,0.022429160026761798,2
0.22753493435835673,0.021392183298872554,2
0.24798728715551188,0.02045235279715515,2
0.2676001616156614,0.019612874460149515,2
0.2864762984881204,0.018876136872458982,2
0.3047202599379147,0.018243961449794312,2
0.32243808264985574,0.017717822711941052,2
0.33973712304138,0.01729904039152423,2
0.3567260689650869,0.016988945923706932,2
0.37351509514322595,0.016789026178139047,2
0.3902161423966835,0.016701047253457574,2
0.4069433032436259,0.016727160846942372,2
0.4238132984396472,0.01686999519602133,2
0.4409460303331431,0.017132731893495918,2
0.4584651993410383,0.01751916900789517,1
0.47549896921537915,0.017033769874340875,1
0.4921732411761751,0.016674271960795944,1
-0.5775822637735758,0.0,2
-0.5761791551382245,0.0014031086353513168,2
-0.5733833270216983,0.002795828116526192,2
-0.5692155013718239,0.004167825649874382,2
-0.5637066171650256,0.0055088842067982395,2
-0.556897649460391,0.0068089677046345755,2
-0.5488393553703532,0.008058294090037804,2
-0.5395919377851399,0.009247417585213306,2
-0.529224617499175,0.010367320285964867,2
-0.5178151054020825,0.011409512097092492,2
-0.5054489686549724,0.012366136747110214,2
-0.4922188882080967,0.013230080446875618,2
-0.4782238094491226,0.013995078758974079,2
-0.4635679929126144,0.014655816536508213,2
-0.44835997744789563,0.015208015464718784,2
-0.43271147358795176,0.0156485038599439,2
-0.4167362096185728,0.015975263969378997,2
-0.40054875657409156,0.01618745304448121,2
-0.3842633607206377,0.016285395853453847,2
-0.36799281278681983,0.016270547933817887,2
-0.35184738217170675,0.01614543061511309,2
-0.3359338416675202,0.01591354050418655,2
-0.3203546040963172,0.01557923757120302,2
-0.3052069870142497,0.015147617082067544,2
-0.29058261570070293,0.014624371313546743,2
-0.27656696846925644,0.014015647231446484,2
-0.2632390623407203,0.013327906128536139,2
-0.25067127167374903,0.012567790666971251,0
-0.24092926773618772,0.009742003937561293,0
-0.23406217523702696,0.006867092499160749,0
-0.23010366214175612,0.003958513095270855,0
-0.22907276910469243,0.0010308930370637017,0
-0.23097441026677987,-0.0019016411620874458,0
-0.2357995063721098,-0.0048250961053299315,0
-0.24352474007991476,-0.007725233707804945,0
-0.25411195216139837,-0.010587212081483608,0
-0.26750722627574736,-0.01339527411434899,0
-0.2836397392762659,-0.01613251300051853,0
-0.30242048296880764,-0.018780743692541724,0
-0.32374099051553584,-0.021320507546728217,0
-0.3474722238045328,-0.023731233288996928,0
-0.3734637936769796,-0.02599156987244683,0
-0.4015436888761214,-0.028079895199141763,0
-0.4315186779480173,-0.029974989071895886,0
-0.4631755180623494,-0.031656840114332105,0
-0.4962830548930189,-0.03310753683066947,0
-0.5305952304131042,-0.03431217552008535,0
-0.5658549363748837,-0.03525970596177956,0
-0.6017985692827863,-0.03594363290790258,0
-0.6381610687927719,-0.03636249950998561,0
-0.6746811667011604,-0.036520097908388525,0
-0.7111065467505392,-0.03642538004937876,0
-0.7471986208128797,-0.03609207406234053,0
-0.7827366636706075,-0.03553804285772774,0
-0.8175211105084231,-0.03478444683781569,0
-0.851375898535844,-0.03385478802742077,0
-0.884149815547848,-0.03277391701200407,0
-0.9157168931506148,-0.031567077602766745,0
-0.9459759428694665,-0.030259049718851773,0
-0.9748493749728515,-0.02887343210338502,2
-1.0002814616821138,-0.025432086709262315,1
-1.0232382701331626,-0.022956808451048805,2
-1.0427015338347068,-0.019463263701544234,0
-1.0606650249422396,-0.017963491107532918,2
-1.075130556216779,-0.014465531274539346,2
-1.0861048601994743,-0.010974303982695353,2
-1.0935961748665037,-0.00749131466702947,2
-1.097611669816743,-0.00401549495023945,2
-1.098155703118018,-0.0005440333012748633,2
-1.0952288928183664,0.0029268102996516045,2
-1.0888279915029293,0.0064009013154372055,2
-1.078946562160229,0.009881429342700348,2
-1.065576464243679,0.013370097916549983,2
-1.0487101654395257,0.01686629880415319,2
-1.0283438923753492,0.02036627306417657,2
-1.0044816171752633,0.023862275200085842,2
-0.9771398412231154,0.027341775952147908,2
-0.9463530782474157,0.0307867629756997,2
-0.9121798534024882,0.03417322484492748,2
-0.8747089248673565,0.037470928535131634,2
-0.8340653074665697,0.04064361740078684,2
-0.7904155503625554,0.043649757104014295,2
-0.743971618853271,0.046443931509284414,2
-0.694992687098796,0.048978931754475034,2
-0.6437841989600287,0.05120848813876728,2
-0.5906937238458844,0.05309047511414438,2
-0.5361034277321038,0.05459029611378054,2
-0.4804193687229701,0.055684059009133736,2
-0.42405825032879585,0.056361118394174264,2
-0.36743263960311834,0.05662561072567748,2
-0.31093589638614394,0.05649674321697442,2
-0.25492810549224626,0.05600779089389768,0
-0.20172414387203896,0.05320396162020729,2
-0.14957619228393487,0.052147951588104084,2
-0.09868073919497722,0.050895453088957654,2
-0.04917653262737923,0.04950420656759799,2
-0.0011451691414365722,0.048031363485942655,2
0.04538620909788065,0.046531378239317224,1
0.08944072552187232,0.04405451642399167,1
0.13108469927621452,0.041643973754342214,1
0.17041950554368845,0.03933480626747393,2
0.2085739882174885,0.038154482673800026,1
0.2447021196696829,0.036128131452194394,1
0.2789741768186723,0.03427205714898941,0
0.3105718557725626,0.03159767895389025,1
0.34067839005088674,0.03010653427832417,2
0.37048084761979405,0.029802457568907315,2
0.40017488276172136,0.02969403514192731,2
0.42996424612384765,0.02978936336212629,2
0.46006054965048426,0.03009630352663659,1
0.48968319698835633,0.02962264733787205,1
-0.4985198049651652,0.0,2
-0.4977077198428269,0.0008120851223382659,2
-0.4960896224427086,0.0016180974001183132,2
-0.49367760957245654,0.0024120128702520747,2
-0.4904897042070809,0.0031879053653756707,2
-0.4865497087652138,0.003939995441867073,2
-0.4818870095615492,0.004662699203664633,2
-0.47653633279466723,0.005350676766881967,2
-0.4705374528467674,0.005998879947899805,2
-0.4639348542610048,0.0066025985857626176,2
-0.45677734951519416,0.0071575047458106306,2
-0.44911765560178774,0.00765969391340645,2
-0.4410119334107011,0.008105722191086625,2
-0.4325192949372191,0.008492638473482049,2
-0.4237012843354715,0.008818010601747592,2
-0.4146213397379257,0.009079944597545788,2
-0.40534424349358233,0.009277096244343341,2
-0.39593556898033655,0.009408674513245771,2
-0.38646113237183854,0.009474436608497996,2
-0.3769864576555845,0.009474674716254098,2
-0.3675762627971051,0.009410194858479385,2
-0.3582939742369835,0.009282288560121598,2
-0.3492012759257259,0.009092698311257605,2
-0.34035769789673026,0.00884357802899568,2
-0.33182024801360865,0.008537449883121578,2
-0.32364308907678757,0.00817715893682106,2
-0.315877262009791,0.007765827066996564,2
-0.3085704544389439,0.007306807570847102,2
-0.3017668126946956,0.006803641744248311,2
-0.29550679415042985,0.006260018544265724,0
-0.2918270559142452,0.0036797382361846657,0
-0.290748886345062,0.0010781695691831888,0
-0.2922784861128776,-0.001529599767815597,0
-0.29640705334345246,-0.004128567230574847,0
-0.3031106631994041,-0.006703609855951645,0
-0.3123499555784099,-0.009239292379005767,0
-0.32406966760502914,-0.01171971202661926,0
-0.3381980695779878,-0.014128401972958664,0
-0.3546463830506636,-0.016448313472675776,0
-0.3733082764221023,-0.018661893371438677,0
-0.39405954505918184,-0.02075126863707953,0
-0.4167580875531519,-0.022698542493970058,0
-0.4412442852458564,-0.024486197692704482,0
-0.4673418770817309,-0.026097591835874512,0
-0.49485939551210234,-0.027517518430371445,0
-0.5235921923471979,-0.02873279683509551,0
-0.5533250385566767,-0.029732846209478764,0
-0.5838352331873573,-0.030510194630680623,0
-0.6148961092174244,-0.031060876030067113,0
-0.6462807842370001,-0.031384675019575696,0
-0.6777659767582586,-0.0314851925212585,0
-0.7091356985706266,-0.03136972181236803,0
-0.7401846413599301,-0.03104894278930348,0
-0.7707211006115245,-0.03053645925159445,0
-0.8005693179896014,-0.029848217378076868,0
-0.829571169618997,-0.029001851629395562,0
-0.8575871760430225,-0.028016006424025425,0
-0.884496854561923,-0.02690967851890044,0
-0.9101984718943489,-0.025701617332425934,0
-0.934608282080475,-0.024409810186126077,1
-0.9566593504575428,-0.022051068377067797,2
-0.9753020713967666,-0.018642720939223763,0
-0.9925027180510838,-0.017200646654317184,0
-1.008236943917781,-0.01573422586669726,0
-1.0224882270527609,-0.01425128313497986,0
-1.0352463757384227,-0.012758148685661842,0
-1.0465061310961539,-0.011259755357731195,0
-1.056265891832078,-0.009759760735924014,2
-1.0625265776524655,-0.006260685820387461,2
-1.065289906521344,-0.002763328868878385,2
-1.0645569169861209,0.0007329895352230597,2
-1.0603273168450364,0.00422960014108433,2
-1.0525996558491069,0.007727660995929483,2
-1.0413723231517569,0.011227332697349952,2
-1.0266453721941116,0.0147269509576454,2
-1.0084231716419745,0.018222200552136983,2
-0.986717865867306,0.021705305774668428,2
-0.9615535974911741,0.025164268376131952,2
-0.9329713936470582,0.028582203844115864,2
-0.9010345446809904,0.03193684896606779,2
-0.8658342101739747,0.03520033450701575,2
-0.8274948789540302,0.038339331219944504,2
-0.7861792007162647,0.04131567823776547,2
-0.7420916183061108,0.04408758241015388,2
-0.6954801892226911,0.046611429083419705,2
-0.6466360215769507,0.04884416764574039,2
-0.595889886085204,0.050746135491746634,2
-0.5436058074597362,0.05228407862546775,2
-0.49017176617404407,0.05343404128569213,2
-0.43598800748085903,0.05418375869318502,2
-0.38145379035675164,0.05453421712410737,2
-0.3269536423752334,0.05450014798151827,2
-0.27284426275048806,0.054109379624745345,2
-0.21944311617159726,0.053401146578890814,2
-0.16701950817554684,0.05242360799605041,2
-0.11578858664609537,0.05123092152945146,2
-0.06590834693586586,0.049880239710229514,2
-0.017479397240474523,0.04842894969539134,0
0.02745298887230259,0.04493238611277711,1
0.06989384894277836,0.04244086007047578,2
0.1108894658886365,0.04099561694585814,2
0.15052214708244105,0.03963268119380455,2
0.18890541665137803,0.03838326956893697,2
0.2261795150962366,0.037274098444858565,1
0.26150738643969007,0.035327871343453485,1
0.2950659429375921,0.033558556497901994,0
0.326041658469459,0.030975715531866906,1
0.35562092707712556,0.029579268607666586,2
0.38499301110560014,0.029372084028474604,2
0.4143552508484655,0.02936223974286536,2
0.4439127525340199,0.029557501685554426,1
0.47287828524969716,0.02896553271567725,1
-0.5478232234657299,0.0,2
-0.5466416999886972,0.0011815234770327335,2
-0.5442874921923935,0.002354207796303688,2
-0.54077821862397,0.0035092735684234917,2
-0.5361401562653111,0.004638062358658982,2
-0.5304080557416767,0.005732100523634405,2
-0.5236248891687553,0.006783166572921482,2
-0.5158415267440556,0.0077833624246997045,2
-0.5071163384344978,0.008725188309557867,2
-0.4975147180346236,0.009601620399874193,2
-0.487108528473616,0.01040618956100758,2
-0.475975469476728,0.011133058996888039,2
-0.46419837141770853,0.011777098059019423,2
-0.4518644222563079,0.012333949161400605,2
-0.43906433761678954,0.012800084639518395,2
-0.42589148708029806,0.013172850536491495,2
-0.41244099238216275,0.013450494698135303,2
-0.39880881519147243,0.013632177190690323,2
-0.38509085331599113,0.01371796187548132,2
-0.3713820643971337,0.013708788918857382,2
-0.3577756353920905,0.013606429005043231,2
-0.3443622144209433,0.013413420971147214,2
-0.33122921900127256,0.013132995419670723,2
-0.31846023148098235,0.012768987520290235,2
-0.30613448883546585,0.012325742645516476,2
-0.294326470161561,0.011808018673904831,0
-0.28510558141801123,0.009220888743549763,0
-0.2785246413515181,0.006580940066493119,0
-0.27462058159563585,0.00390405975588224,0
-0.2734150034115238,0.0012055781841120187,0
-0.274914530348915,-0.0014995269373911909,0
-0.2791109205061654,-0.004196390157250408,0
-0.28598092713854906,-0.006870006632383644,0
-0.2954859216065907,-0.009504994468041624,0
-0.30757131768201107,-0.012085396075420382,0
-0.3221658605143282,-0.014594542832317148,0
-0.3391808662290408,-0.01701500571471262,0
-0.3585095177944036,-0.0193286515653628,0
-0.3800263375259195,-0.021516819731515906,0
-0.4035869640303858,-0.023560626504466275,0
-0.4290283590255536,-0.025441394995167774,0
-0.45616955515554236,-0.027141196129988786,0
-0.4848130284590098,-0.028643473303467462,0
-0.5147467389095713,-0.029933710450561507,0
-0.5457468318322045,-0.03100009292263322,0
-0.5775809365309174,-0.03183410469871287,0
-0.6100119424183464,-0.03243100588742904,0
-0.6428020844595584,-0.03279014204121201,0
-0.6757171355829905,-0.03291505112343202,0
-0.7085304888927558,-0.03281335330976527,0
-0.7410269192564113,-0.032496430363655494,0
-0.7730058410612615,-0.031978921804850194,0
-0.8042839224873446,-0.03127808142608316,0
-0.8346969702228183,-0.03041304773547375,0
-0.8641010549557498,-0.029404084732931525,0
-0.8923729004836548,-0.028271845527904984,0
-0.9194096026771111,-0.027036702193456347,1
-0.944127775708996,-0.02471817303188479,1
-0.966464512555958,-0.02233673684696207,2
-0.9853742171756831,-0.018909704619725073,0
-1.0028267975783658,-0.017452580402682667,0
-1.0188014938888357,-0.015974696310469865,0
-1.0332852559955512,-0.014483762106715587,0
-1.0462711952457213,-0.012985939250170086,0
-1.0577571441499078,-0.011485948904186534,0
-1.0677443473804789,-0.00998720323057109,2
-1.074236298529316,-0.006491951148836989,2
-1.077236469975208,-0.0030001714458920835,2
-1.0767467858402662,0.00048968413494169,2
-1.072766918293494,0.003979867546772078,2
-1.0652944023068693,0.0074725159866247046,2
-1.054325569745607,0.010968832561262205,2
-1.0398573087598586,0.014468260985748544,2
-1.0218896538901558,0.017967654869702816,2
-1.000429201068571,0.0214604528215849,2
-0.9754933147908361,0.02493588627773475,2
-0.9471150476586518,0.028378267132184287,2
-0.9153486222377778,0.0317664254208741,2
-0.8802752317710808,0.03507339046669698,2
-0.8420088047932998,0.03826642697778101,2
-0.8007012612669169,0.041307543526382856,2
-0.7565466849626011,0.04415457630431569,2
-0.7097837764301551,0.046762908532445996,2
-0.6606959644920519,0.049087811938103215,2
-0.6096086687592397,0.051087295732812225,2
-0.5568834331361562,0.052725235623083504,2
-0.5029089772187597,0.053974455917396455,2
-0.44808959517125085,0.05481938204750885,2
-0.3928317009724811,0.055257894198769725,2
-0.33752959634718444,0.055302104625296666,2
-0.28255165840340013,0.05497793794378431,0
-0.23022807821155328,0.052323580191846866,2
-0.17883152375396877,0.05139655445758452,2
-0.12858373348384255,0.05024779027012622,2
-0.07965223334124001,0.048931500142602544,2
-0.032149696801920286,0.047502536539319726,1
0.012864458759916188,0.04501415556183647,1
0.05538047590154066,0.04251601714162447,2
0.096430917466553,0.041050441565012336,2
0.13608524434440417,0.03965432687785116,2
0.1744450344512733,0.038359790106869116,2
0.21163943153364045,0.03719439708236715,1
0.24682102821702834,0.035181596683387883,1
0.2801572343324734,0.03333620611544505,0
0.31082566169490305,0.030668427362429657,1
0.34000447268310846,0.02917881098820539,2
0.36887489737737117,0.028870424694262722,2
0.3976261164794432,0.028751219102072,2
0.4264548701663294,0.028828753686886185,2
0.45556531419088026,0.029110444024550878,1
0.48416904246808057,0.02860372827720033,1
-0.537059957148237,0.0,2
-0.5359590257255097,0.0011009314227272409,2
-0.5337654136692704,0.0021936120562392174,2
-0.5304955636487764,0.0032698500204940226,2
-0.5261739914083924,0.004321572240384027,2
-0.5208331052415613,0.005340886166831085,2
-0.5145129613644193,0.006320143877142026,2
-0.5072609526562561,0.0072520087081630845,2
-0.49913142856519993,0.008129524091056202,2
-0.49018524483798837,0.00894618372721159,2
-0.4804892431209687,0.009696001717019669,2
-0.470115662344573,0.010373580776395663,2
-0.45914148604564586,0.010974176298927189,2
-0.4476477322576938,0.011493753787952109,2
-0.43571869513126404,0.011929037126429743,2
-0.4234411498388329,0.012277545292431146,2
-0.41090353437270766,0.012537615466125227,2
-0.3981951233797933,0.012708410992914369,2
-0.3854052100485152,0.012789913331278125,2
-0.372622312176272,0.012782897872243189,2
-0.3599334178665936,0.01268889430967838,2
-0.34742328486358265,0.012510133003010973,2
-0.3351738054171614,0.012249479446421222,2
-0.32326344592595796,0.011910359491203422,2
-0.3117667676000194,0.011496678325938528,2
-0.30075403121469546,0.011012736385323988,2
-0.29029088588074375,0.010463145333951722,0
-0.28243813880756397,0.007852747073179771,0
-0.2772403877087876,0.005197751098776363,0
-0.27472664826202636,0.0025137394467612574,0
-0.2749108065830988,-0.00018415832107241369,0
-0.2777918486336941,-0.0028810420505953065,0
-0.2833538431810855,-0.005561994547391352,0
-0.2915656800252156,-0.008211836844130141,0
-0.30238059027850644,-0.010814910253290856,0
-0.31573550008690304,-0.01335490980839659,0
-0.33155029262751873,-0.015814792540615703,0
-0.34972707438216805,-0.0181767817546493,0
-0.37014955890453477,-0.020422484522366745,0
-0.39268269240903886,-0.022533133504504095,0
-0.4171726480562689,-0.024489955647230055,0
-0.4434473074385079,-0.026274659382238982,0
-0.4713173267762416,-0.027870019337733674,0
-0.5005778512921321,-0.02926052451589043,0
-0.5310108955203802,-0.030433044228248142,0
-0.5623883534303056,-0.03137745790992542,0
-0.5944755456572306,-0.032087192226924986,0
-0.6270351586330801,-0.032559612975849535,0
-0.6598313890216017,-0.03279623038852151,0
-0.6926340825286884,-0.03280269350708676,0
-0.7252226525001145,-0.03258856997142607,0
-0.7573895812526433,-0.03216692875252875,0
-0.7889433430986745,-0.031553761846031224,0
-0.8197106371708955,-0.030767294072220983,0
-0.8495378735714604,-0.029827236400564845,0
-0.8782919110304549,-0.028754037458994505,0
-0.9058600921744584,-0.027568181144003556,0
-0.932149659553375,-0.02628956737891668,1
-0.9560866598010173,-0.02393700024764219,2
-0.9766164685064667,-0.020529808705449442,2
-0.9937021121331296,-0.01708564362666299,0
-1.009319881541157,-0.015617769408027341,0
-1.0234537741646872,-0.014133892623530068,0
-1.0360940064851154,-0.01264023232042829,0
-1.0472356256752307,-0.011141619190115196,0
-1.0568772448816546,-0.009641619206423938,2
-1.0630199180992932,-0.006142673217638628,2
-1.0656654071952236,-0.002645489095930466,2
-1.0648147322539618,0.0008506749412618185,2
-1.0604675481070407,0.004347184146921196,2
-1.0526223447427001,0.00784520336434058,2
-1.041277472440384,0.011344872302316192,2
-1.0264329944101944,0.014844478030189599,2
-1.0080933654383442,0.018339628971850156,2
-0.986270919541583,0.021822445896761234,2
-0.960990118123471,0.02528080141811195,2
-0.932292458602942,0.028697659520529023,2
-0.9002418698159913,0.03205058878695069,2
-0.8649303259918713,0.03531154382412004,2
-0.8264833024623311,0.03844702352954014,2
-0.7850645872699733,0.0414187151923578,2
-0.7408798750640887,0.04418471220588461,2
-0.694178530866305,0.04670134419778369,2
-0.6452529505624803,0.04892558030382465,2
-0.5944350845390608,0.05081786602341951,2
-0.5420899358927178,0.05234514864634296,2
-0.4886061746619464,0.0534837612307714,2
-0.43438437616582937,0.054221798496117,2
-0.3798237258725141,0.05456065029331527,2
-0.32530826295738724,0.05451546291512687,2
-0.2711938059527546,0.05411445700463264,2
-0.21779659905196339,0.05339720690079123,2
-0.16538446157501058,0.0524121374769528,2
-0.11417087467405201,0.05121358690095857,2
-0.06431207218008334,0.04985880249396868,2
-0.015906883366605097,0.04840518881347824,0
0.029001151482272086,0.04490803484887718,1
0.07141864236538085,0.04241749088310877,2
0.11239329607402979,0.04097465370864893,2
0.15200872131697302,0.039615425242943224,2
0.19037962257258248,0.038370901255609456,2
0.22764730917870607,0.03726768660612358,1
0.2629756970523592,0.035328387873653104,1
0.296542567289253,0.03356687023689383,0
0.327535184312879,0.030992617023626014,1
0.3571406594525935,0.029605475139714496,2
0.3865489436325443,0.029408284179950787,2
0.41595806958493,0.029409125952385734,2
0.4455738480583088,0.02961577847337884,1
0.4746097687846629,0.029035920726354077,1
-0.533143720481038,0.0,2
-0.5320721431770331,0.0010715773040048655,2
-0.5299370224601346,0.002135120716898478,2
-0.5267543677562941,0.003182654703840514,2
-0.5225480464647717,0.004206321291522415,2
-0.5173496056287004,0.005198440836071386,2
-0.5111980308219614,0.006151574806739048,2
-0.5041394401491442,0.00705859067281716,2
-0.49622671160975484,0.007912728539389407,2
-0.48751904291340864,0.008707668696346177,2
-0.47808144414639026,0.009437598767018362,2
-0.46798416543329735,0.0100972787130929,2
-0.45730206381770244,0.010682101615594897,2
-0.44611391587060895,0.01118814794709352,2
-0.4345016848625716,0.011612231008037337,2
-0.42254975352537716,0.011951931337194438,2
-0.41034413530186375,0.01220561822351343,2
-0.397971678373767,0.012372456928096768,2
-0.38551927753599124,0.012452400837775787,2
-0.37307310906609586,0.012446168469895392,2
-0.3607179030896405,0.012355205976455338,2
-0.3485362665927337,0.012181636496906869,2
-0.3366080682645197,0.011928198328213943,2
-0.32500989389164137,0.011598174372878358,2
-0.31381457823307246,0.01119531565856893,2
-0.3030908163522956,0.010723761880776814,2
-0.2929028544494973,0.010187961902798283,0
-0.2853102574792886,0.00759259697020868,0
-0.2803564502385194,0.0049538072407692285,0
-0.2780693083970362,0.002287141841483223,0
-0.27846157814142486,-0.0003922697443886486,0
-0.28153107896257895,-0.0030695008211540703,0
-0.28726066847029985,-0.00572958950772091,0
-0.29561797286154495,-0.008357304391245103,0
-0.3065549113493415,-0.010936938487796529,0
-0.3200070669889503,-0.013452155639608832,0
-0.33589297917428484,-0.015885912185334534,0
-0.35411345345105505,-0.018220474276770204,0
-0.37455100052456003,-0.02043754707350497,0
-0.39706952629380554,-0.022518525769245495,0
-0.42151439604797813,-0.024444869754172587,0
-0.4477129864061411,-0.02619859035816296,0
-0.4754758166582869,-0.02776283025214582,0
-0.5045983166625858,-0.029122500004298873,0
-0.5348632429520966,-0.030264926289510823,0
-0.5660437018154788,-0.03118045886338219,0
-0.5979066832953626,-0.031862981479883805,0
-0.6302169599247632,-0.032310276629400655,0
-0.6627411653195991,-0.032524205394835935,0
-0.695251846007701,-0.03251068068810183,0
-0.7275312783196649,-0.03227943231196395,0
-0.7593748609870451,-0.031843582667380146,0
-0.7905939304086685,-0.0312190694216235,0
-0.8210178940249352,-0.03042396361626662,0
-0.8504956312086056,-0.029477737183670378,0
-0.8788961638079474,-0.028400532599341815,0
-0.9061086443136289,-0.02721248050568152,0
-0.9320417447413201,-0.02593310042769109,1
-0.9556225519936802,-0.02358080725236015,2
-0.9757971096528104,-0.02017455765913025,2
-0.9925288011171238,-0.016731691464313466,0
-1.0077940398465093,-0.015265238729385497,0
-1.0215767254081984,-0.01378268556168917,0
-1.0338667921354516,-0.012290066727253196,0
-1.0446588578240512,-0.010792065688599512,2
-1.0519509960181457,-0.007292138194094488,2
-1.0557433884043563,-0.0037923923862106,2
-1.0560366023480687,-0.00029321394371233274,2
-1.052830695189563,0.0032059071585057606,2
-1.0461251450110627,0.006705550178500221,2
-1.0359196077706703,0.01020553724039233,2
-1.022215501303872,0.013704106466798285,2
-1.0050184127079358,0.017197088595936293,2
-0.9843413120674006,0.020677100640535205,2
-0.9602085275778015,0.02413278448959911,2
-0.9326603908102842,0.02754813676751732,2
-0.9017583936984552,0.030901997111828897,2
-0.867590611439614,0.034167782258841185,2
-0.8302770433203503,0.03731356811926362,2
-0.7899744184410515,0.04030262487929885,2
-0.7468799247047001,0.04309449373635139,2
-0.7012332727932382,0.04564665191146191,2
-0.6533165299821126,0.04791674281112553,2
-0.603451274360128,0.04986525562198462,2
-0.5519928367818758,0.05145843757825218,2
-0.49932170118562036,0.052671135596255456,2
-0.44583248272139686,0.0534892184642235,2
-0.39192123496837405,0.0539112477530228,2
-0.3379720829615904,0.05394915200678362,2
-0.2843442815723428,0.05362780138924759,2
-0.23136073417624914,0.052983547396093664,2
-0.17929878958605733,0.052061944590191804,2
-0.12838381583413447,0.050914973751922867,2
-0.07878569594359022,0.04959811989054424,2
-0.030618069696830882,0.04816762624675934,1
0.01506009563143651,0.04567816532826739,1
0.058240812098603295,0.043180716467166785,2
0.09995959149809144,0.04171877939948815,2
0.1402899401308486,0.040330348632757175,2
0.17933845397214612,0.03904851384129752,2
0.21724014939995057,0.03790169542780443,1
0.2531542412552057,0.035914091855255105,1
0.2872553179923977,0.03410107673719198,0
0.3187286493885189,0.03147333139612126,1
0.34876038016936267,0.03003173078084374,2
0.37854012738802306,0.029779747218660384,2
0.40826594972228863,0.029725822334265566,2
0.4381439316783204,0.029877981956031762,1
0.46738799968262523,0.02924406800430484,1
0.4962124821011339,0.028824482418508632,1
-0.4964845866398585,0.0,2
-0.49568771887610036,0.0007968677637581459,2
-0.49409993950946807,0.0015877793666323014,2
-0.4917331127465269,0.002366826762941143,2
-0.48860491460450034,0.0031281981420265754,2
-0.4847386885955315,0.003866226008968878,2
-0.48016325350533684,0.004575435090194658,2
-0.47491266370505036,0.0052505898002864594,2
-0.4690259228497624,0.005886740855287946,2
-0.462546652391499,0.0064792704582634295,2
-0.45552271706025355,0.00702393533124544,2
-0.4480058103195154,0.0075169067407381465,2
-0.44005100374224954,0.007954806577265893,2
-0.43171626522613843,0.008334738516111101,2
-0.4230619519106422,0.008654313315496183,2
-0.41415028450648195,0.008911667404160255,2
-0.4050448104354266,0.009105474071055303,2
-0.39580986364694803,0.009234946788478582,2
-0.3865100291831151,0.00929983446383291,2
-0.3772096204755207,0.009300408707594387,2
-0.36797217696904644,0.009237443506474265,2
-0.35885998898826976,0.00911218798077667,2
-0.34993365582413233,0.008926333164137438,2
-0.34125168186867566,0.008681973955456682,2
-0.3328701143243832,0.008381567544292496,2
-0.3248422246297339,0.008027889694649267,2
-0.31721823434405705,0.00762399028567685,2
-0.31004508488997945,0.007173149454077624,2
-0.30336624932084877,0.006678835569130691,2
-0.2972215832132452,0.006144666107603554,0
-0.29364721091835705,0.0035743722948881713,0
-0.29266390139561826,0.0009833095227387814,0
-0.29427733619769564,-0.0016134348020773533,0
-0.2984781856320904,-0.004200849434394748,0
-0.3052419843467442,-0.0067637987146537985,0
-0.3145288206903512,-0.009286836343606993,0
-0.32628287693798486,-0.011754056247633645,0
-0.3404318791516878,-0.014149002213702942,0
-0.35688653508841717,-0.016454655936729335,0
-0.37554005482152947,-0.018653519733112293,0
-0.396267859878742,-0.020727805057212546,0
-0.4189275907497848,-0.022659730871042776,0
-0.44335951765051845,-0.02443192690073366,0
-0.4693874439665685,-0.02602792631605004,0
-0.49682016528902684,-0.027432721322458335,0
-0.5254535102272309,-0.028633344938204013,0
-0.5550729447274968,-0.02961943450026599,0
-0.5854566735672305,-0.03038372883973373,0
-0.6163791263875538,-0.030922452820323253,0
-0.6476146768869483,-0.03123555049939456,0
-0.6789414178793485,-0.03132674099240023,0
-0.7101448055028616,-0.031203387623513164,0
-0.7410209942943732,-0.030876188791511567,0
-0.7713797098415394,-0.030358715547166137,0
-0.8010465436527296,-0.029666833811190306,0
-0.8298646005068604,-0.02881805685413071,0
-0.8576954760337028,-0.0278308755268424,0
-0.8844195862501214,-0.026724110216418632,0
-0.9099359071019603,-0.02551632085183889,0
-0.9341612082748721,-0.024225301172911863,1
-0.956028880901029,-0.021867672626156874,0
-0.9764894789982437,-0.020460598097214646,2
-0.9935061123592164,-0.017016633360972706,0
-1.0090551068313856,-0.015548994472169146,0
-1.0231204504709275,-0.014065343639542028,0
-1.0356923129767246,-0.012571862505797015,0
-1.046765664502884,-0.011073351526159505,0
-1.0563390181274621,-0.00957335362457802,2
-1.062413311815318,-0.006074293687856054,2
-1.0649902096438713,-0.002576897828553247,2
-1.0640706681371956,0.0009195415066756696,2
-1.0596543288450215,0.00441633929217409,2
-1.0517397350269282,0.007914593818093348,2
-1.0403253733088753,0.011414361718052877,2
-1.0254115428738293,0.01491383043504603,2
-1.007003050127591,0.018408492746238292,2
-0.9851127108453848,0.021890339282206316,2
-0.9597656097821586,0.025347101063226147,2
-0.9310040156687772,0.028761594113381445,2
-0.8988927753721259,0.03211124029665131,2
-0.8635249162242301,0.0353678591478958,2
-0.8250270769898651,0.038497839234365026,2
-0.7835642796316581,0.04146279735820699,2
-0.7393434676622374,0.04422081196942072,2
-0.6926152002266313,0.04672826743560604,2
-0.6436729330525653,0.048942267174065884,2
-0.592849459789166,0.05082347326339926,2
-0.5405103344934731,0.05233912529569294,2
-0.4870444269121613,0.05346590758131174,2
-0.43285212777381593,0.0541922991383454,2
-0.3783320525306481,0.054520075243167807,2
-0.32386731707712973,0.05446473545351838,2
-0.2698125250728417,0.05405479200428805,2
-0.21648249727088967,0.053330027801952035,2
-0.1641435145876069,0.052338982683282784,2
-0.11300749784610134,0.05113601674150555,2
-0.06322918160673074,0.04977831623937059,2
-0.014906023360161724,0.04832315824656902,0
0.029919634102130624,0.04482565746229235,1
0.07225535563048227,0.04233572152835165,2
0.11314958194637711,0.04089422631589485,2
0.15268646236621325,0.03953688041983612,2
0.1909810619331693,0.03829459956695606,2
0.22817488876598105,0.037193826832811756,1
0.2634319163727967,0.035257027606815684,1
0.29692985598331384,0.03349793961051712,0
0.32785579989508706,0.030925943911773238,1
0.3573966030754437,0.0295408031803566,2
0.3867419008116871,0.029345297736243416,2
0.41608936706157446,0.029347466249887384,2
0.4456444197264338,0.029555052664859385,1
0.4746201295107595,0.028975709784325683,1
-0.4192329554893218,0.0,0
-0.42100297294875294,-0.001770017459431123,0
-0.4245303673225817,-0.0035273943738287693,0
-0.4297898844597014,-0.005259517137119685,0
-0.43674371779456417,-0.006953833334862791,0
-0.44534161785123977,-0.008597900056675574,0
-0.45552106974262524,-0.010179451891385489,0
-0.46720756232263255,-0.011686492580007306,0
-0.4803149745111307,-0.013107412188498134,0
-0.4947461036954428,-0.014431129184312108,0
-0.5103933578045006,-0.015647254109057734,0
-0.5271396266425317,-0.016746268838031136,0
-0.5448593395971593,-0.01771971295462757,0
-0.5634197064125448,-0.018560366815385577,0
-0.5826821261135842,-0.01926241970103936,0
-0.6025037373634637,-0.019821611249879603,0
-0.6227390726311867,-0.020235335267722906,0
-0.6432417696247107,-0.020502696993524076,0
-0.6638662874453514,-0.020624517820640727,0
-0.6844695724960022,-0.020603285050650764,0
-0.7049126206104974,-0.020443048114495245,0
-0.7250618870300111,-0.020149266419513607,0
-0.7447905042084806,-0.019728617178469493,0
-0.7639792781455064,-0.019188773937025838,0
-0.7825174459971128,-0.018538167851606408,0
-0.800303190030661,-0.017785744033548146,0
-0.8172439145853733,-0.016940724554712242,0
-0.8332563027810879,-0.016012388195714548,0
-0.8482661777462099,-0.01500987496512206,0
-0.8622081988454178,-0.013942021099207794,0
-0.8750254267647309,-0.012817227919313154,0
-0.8866687925457393,-0.011643365781008302,0
-0.8970965050819346,-0.010427712536195358,0
-0.9062734296025033,-0.009176924520568694,0
-0.914170466692974,-0.007897037090470575,0
-0.9207639578285549,-0.006593491135580982,0
-0.9260351395553574,-0.005271181726802517,0
-0.9299696646008249,-0.00393452504546744,1
-0.931557204500177,-0.0015875398993521008,1
-0.9307936843316253,0.0007635201685516901,2
-0.9266810572598183,0.00411262707180704,2
-0.9192300555432978,0.007451001716520512,2
-0.9084610286881276,0.010769026855170227,2
-0.8944054319186195,0.014055596769508107,2
-0.8771079048266562,0.017297527091963305,2
-0.8566288447693652,0.02047906005729101,2
-0.8330473370279615,0.023581507741403697,2
-0.8064642546908959,0.026583082337065647,2
-0.777005289009588,0.02945896568130789,2
-0.7448236219303443,0.03218166707924364,2
-0.7101019159423947,0.03472170598794962,2
-0.6730532837332448,0.037048632209149925,2
-0.6339209230425171,0.03913236069072767,2
-0.5929761694210595,0.04094475362145762,2
-0.5505148339170782,0.04246133550398127,2
-0.5068518472790822,0.0436629866379961,2
-0.46231440977073274,0.04453743750834941,2
-0.4172340199642201,0.045080389806512626,2
-0.371937896852133,0.04529612311208706,2
-0.32674039053141934,0.045197506320713704,2
-0.2819349813374965,0.04480540919392281,2
-0.23778739462521453,0.04414758671228196,2
-0.1945302229348361,0.043257171690378425,2
-0.152359274968157,0.042170947966679126,2
-0.11143169191157695,0.040927583056580036,2
-0.07186571343582598,0.03956597847575096,2
-0.033741857014280195,0.03812385642154579,2
0.00289479674450574,0.036636653758785935,2
0.03803154477599134,0.0351367480314856,2
0.07168454714528619,0.03365300236929484,2
0.10389513714323378,0.03221058999794759,2
0.13472618197065156,0.03083104482741778,2
0.1642586624096899,0.029532480439038347,2
0.19258858532582787,0.028329922916137985,2
0.2198242957910763,0.027235710465248412,2
0.24608421799790473,0.02625992220682843,2
0.2714950260920656,0.02541080809416089,2
0.29619022662564454,0.024695200533578914,2
0.3203091219903462,0.024118895364701687,2
0.3439961172320945,0.023686995241748252,2
0.36740032943255513,0.02340421220046065,2
0.3906754579146398,0.02327512848208467,2
0.41397987364739736,0.02330441573275754,2
0.4374768863497192,0.023497012702321872,1
0.46033514703467254,0.022858260684953335,1
0.48272177387034704,0.02238662683567451,1
-0.5181742901241875,0.0,2
-0.5172149719695903,0.000959318154597198,2
-0.5153035294154754,0.0019114425541149611,2
-0.5124542947863732,0.002849234629102221,2
-0.5086886281926735,0.003765666593699691,2
-0.5040347504177355,0.004653877774938016,2
-0.4985275186044525,0.005507231813283017,2
-0.49220814398014817,0.006319374624304326,2
-0.48512385126852786,0.007084292711620314,2
-0.47732748017016025,0.007796371098367606,2
-0.4688770303417575,0.008450449828402777,2
-0.4598351526311017,0.009041877710655772,2
-0.45026859086044846,0.009566561770653249,2
-0.4402475801021758,0.01002101075827267,2
-0.42984520904268686,0.010402371059488913,2
-0.41913675556044616,0.010708453482240725,2
-0.4081990059286774,0.010937749631768745,2
-0.3971095689819695,0.011089436946707916,2
-0.3859461970708932,0.011163371911076237,2
-0.3747861256132281,0.011160071457665103,2
-0.3637054425150397,0.011080683098188378,2
-0.3527784976990073,0.010926944816032404,2
-0.34207736149717993,0.0107011362018274,2
-0.3316713388278473,0.010406022669332667,2
-0.3216265439909948,0.01004479483685249,2
-0.312005538705626,0.009621005285368781,2
-0.3028670337984232,0.009138504907202761,2
-0.2942656528519298,0.008601380946493419,0
-0.28825175423068605,0.006013898621243768,0
-0.2848599215211049,0.003391832709581163,0
-0.2841094276845851,0.000750493836519814,0
-0.286004514261011,-0.0018950865764258869,0
-0.290534454841786,-0.004529940580775051,0
-0.2976733959750837,-0.007138941133297654,0
-0.30737999275046357,-0.009706596775379875,0
-0.31959688002734604,-0.012216887276882457,0
-0.3342500429639226,-0.014653162936576508,0
-0.35124817118027407,-0.016998128216351466,0
-0.3704820981195145,-0.019233926939240413,0
-0.39182443907918774,-0.021342340959673252,0
-0.41512954580246153,-0.023305106723273804,0
-0.440233890291871,-0.025104344489409475,0
-0.46695697395988556,-0.02672308366801455,0
-0.49510282969994296,-0.028145855740057395,0
-0.5244621448128082,-0.029359315112865197,0
-0.5548149846638046,-0.030352839850996436,0
-0.5859340450070236,-0.031119060343219023,0
-0.6175883109907665,-0.03165426598374283,0
-0.6495469593457113,-0.03195864835494482,0
-0.6815833128999376,-0.03203635355422624,0
-0.7134786473250251,-0.031895334425087504,0
-0.7450256602366967,-0.031547012911671654,0
-0.7760314408793255,-0.03100578064262884,0
-0.8063198204651215,-0.030288379585795996,0
-0.835733032955469,-0.029413212490347486,0
-0.8641326672505409,-0.02839963429507194,0
-0.8913999385687492,-0.027267271318208296,0
-0.9174353448752083,-0.026035406306459105,0
-0.9421578010724403,-0.02472245619723206,1
-0.9645033587036121,-0.022345557631171867,2
-0.9834254537891938,-0.018922095085581604,0
-1.0008931618973453,-0.01746770810815166,0
-1.0168849523272572,-0.01599179042991185,0
-1.0313870727389833,-0.014502120411726152,0
-1.0443920047998536,-0.013004932060870219,0
-1.0558970254099702,-0.011505020610116556,0
-1.0659028973813416,-0.01000587197137148,2
-1.0724127045821061,-0.006509807200764651,2
-1.075429661167243,-0.003016956585136708,2
-1.074955579228761,0.0004740819384818182,2
-1.0709901604985914,0.003965418730169753,2
-1.0635311075579297,0.007459052940661674,2
-1.0525750553487465,0.010956052209183166,2
-1.0381193284549555,0.014455726893791055,2
-1.0201645286627992,0.017954799792156233,2
-0.9987179456890773,0.02144658297372183,2
-0.9737977567030073,0.024920188986070055,2
-0.9454379329205591,0.02835982378244814,2
-0.9136937011949072,0.031744231725651835,2
-0.8786473153028969,0.03504638589201034,2
-0.8404137807310179,0.03823353457187892,2
-0.7991460604537175,0.041267720277300454,2
-0.7550391879675583,0.044106872486159195,2
-0.7083326555671484,0.0467065324004099,2
-0.6593104616523655,0.04902219391478294,2
-0.6082983172428496,0.051012144409515944,2
-0.5556577401365502,0.052640577106299304,2
-0.5017770913063834,0.053880648830166855,2
-0.4470599882326952,0.05471710307368814,2
-0.3919118950875909,0.055148093145104334,2
-0.33672596234255275,0.05518593274503815,2
-0.2818693047789155,0.0548566575636373,0
-0.2296708383590485,0.05219846641986699,2
-0.17840205746351667,0.05126878089553184,2
-0.12828368530759948,0.0501183721559172,2
-0.07948244905093686,0.04880123625666262,2
-0.03211047747814041,0.047371971572796455,1
0.01277308480835044,0.04488356228649085,1
0.055158482326833506,0.04238539751848307,2
0.09607802946885499,0.04091954714202149,2
0.13560070824216325,0.03952267877330824,2
0.17382740993012977,0.038226701687966526,2
0.21088640727783797,0.03705899734770819,1
0.24592925965907256,0.035042852381234585,1
0.27912221597929854,0.03319295632022599,0
0.30964161875753216,0.03051940277823359,2
0.3396642828026553,0.030022664045123167,2
0.36937638712873294,0.029712104326077623,2
0.3989726503415955,0.02959626321286257,2
0.4286558420069152,0.02968319166531968,2
0.4586365507876253,0.02998070878071008,1
0.4881331211785002,0.02949657039087495,1
-0.5196683803814425,0.0,2
-0.51869785766251,0.0009705227189325032,2
-0.516764090503815,0.0019337671586950001,2
-0.513881579891638,0.0028825106121769997,2
-0.5100719379254258,0.003809641966212172,2
-0.5053637193994288,0.004708218525997003,2
-0.4997921955910788,0.005571523808350023,2
-0.49339906938135353,0.006393126209725257,2
-0.4862321312388517,0.007166938142501836,2
-0.4783448563427149,0.007887274896136756,2
-0.4697959441932526,0.008548912149462283,2
-0.4606488034238903,0.009147140769362315,2
-0.45097098611322667,0.009677817310663615,2
-0.4408335776036862,0.010137408509540482,2
-0.4303105495454938,0.010523028058192382,2
-0.4194780854729075,0.01083246407258633,2
-0.40841388955593927,0.011064195916968245,2
-0.39719649013983765,0.011217399416101632,2
-0.38590455019470193,0.011291939945135712,2
-0.37461619678976693,0.011288353404935012,2
-0.3634083811607109,0.011207815629056029,2
-0.35235627987386614,0.01105210128684473,2
-0.34153274606678347,0.010823533807082656,2
-0.3310078178508022,0.010524928215981291,2
-0.3208482888119663,0.010159529038835853,2
-0.3111173432682311,0.009730945543735199,2
-0.30187425666131146,0.009243086606919648,2
-0.2931741592998958,0.008700097361415639,0
-0.2870678597294524,0.006106299570443407,0
-0.28359037233972445,0.003477487389727951,0
-0.2827613940115359,0.0008289783281885512,0
-0.2845855937687558,-0.001824199757219913,0
-0.2890526837735823,-0.004467090004826468,0
-0.29613726408817,-0.007084580314587699,0
-0.30579845786175724,-0.009661193773587278,0
-0.3179793774961718,-0.012180919634414525,0
-0.3326064852533235,-0.014627107757151703,0
-0.3495889327220157,-0.016982447468692218,0
-0.3688179811336667,-0.019229048411651035,0
-0.3901666168268707,-0.02134863569320402,0
-0.41348948101497174,-0.023322864188101013,0
-0.4386232282102777,-0.02513374719530596,0
-0.4653874114612598,-0.026764183250982065,0
-0.4935859642298232,-0.02819855276856344,0
-0.5230093090675966,-0.029423344837773337,0
-0.553437074902046,-0.030427765834449352,0
-0.5846413522367688,-0.031204277334722905,0
-0.6163903648463329,-0.031749012609564045,0
-0.6484523940909629,-0.03206202924462997,0
-0.6805997636694506,-0.03214736957848775,0
-0.7126126825766171,-0.03201291890716652,0
-0.744282753701117,-0.03167007112449977,0
-0.7754159833949782,-0.03113322969386118,0
-0.8058351693307831,-0.030419185935804994,0
-0.8353815941262707,-0.02954642479548756,0
-0.8639160040502418,-0.028534409923971178,0
-0.8913188996849467,-0.027402895634704934,0
-0.9174902042206275,-0.026171304535680843,0
-0.9423484025232658,-0.02485819830263821,1
-0.9648292596003479,-0.022480857077082167,2
-0.9838860551135254,-0.019056795513177543,0
-1.001487809112986,-0.017601753999460432,0
-1.017613031832393,-0.016125222719407195,0
-1.0322480945825288,-0.014635062750135645,0
-1.0453856711316192,-0.013137576549090514,0
-1.0570232846133492,-0.01163761348172999,0
-1.0671619841481041,-0.010138699534755043,2
-1.0738051663516566,-0.006643182203552425,2
-1.0769563089354308,-0.0031511425837741657,2
-1.0766174077199815,0.0003389012154492222,2
-1.0727882373748419,0.003829170345139626,2
-1.06546643084802,0.007321806526821954,2
-1.0546483780910276,0.0108180527569923,2
-1.040330949849773,0.014317428241254489,2
-1.0225140520296692,0.017816897820103858,2
-1.0012040054232263,0.021310046606442836,2
-0.9764177194037443,0.024786286019482014,2
-0.9481875820150132,0.028230137388731136,2
-0.9165669196351613,0.031620662379851804,2
-0.8816357869338152,0.034931132701346145,2
-0.8435067369995926,0.03812904993422262,2
-0.8023301041175002,0.0411766328820924,2
-0.7582982278364074,0.044031876281092716,2
-0.7116479843946304,0.04665024344177707,2
-0.662661001661447,0.04898698273318332,2
-0.6116610438538852,0.050999957807561856,2
-0.559008275113783,0.05265276874010221,2
-0.5050904343184273,0.0539178407953558,2
-0.4503113347664906,0.05477909955193668,2
-0.39507747336927257,0.05523386139721801,2
-0.33978381623415804,0.05529365713511452,2
-0.284799955291312,0.05498386094284601,0
-0.23245777243670795,0.05234218285460406,2
-0.18103191883782382,0.05142585359888413,2
-0.13074634757406342,0.0502855712637604,2
-0.08177091502039457,0.048975432553668846,2
-0.03422063601481804,0.04755027900557653,1
0.0108428057581548,0.04506344177297284,1
0.05340757003692273,0.04256476427876793,2
0.0945043548728973,0.04109678483597457,2
0.13420094307244498,0.03969658819954769,2
0.17259742055763055,0.03839647748518558,2
0.20982161292984303,0.03722419237221247,1
0.24502494860202956,0.035203335672186545,1
0.2783738328724953,0.03334888427046572,0
0.309044998114949,0.0306711652424537,1
0.33821584292934426,0.029170844814395254,2
0.36706688945322163,0.02885104652387738,2
0.3957866216014728,0.02871973214825118,2
0.42457107976545944,0.028784458163986597,2
0.45362370712827926,0.029052627362819834,1
0.4821553676214944,0.02853166049321517,1
-0.41854553023445734,0.0,0
-0.42032045109388677,-0.0017749208594294527,0
-0.4238576256333836,-0.0035371745394968215,0
-0.42913174580033275,-0.005274120166949164,0
-0.43610492266568895,-0.006973176865356216,0
-0.4447267943095835,-0.00862187164389453,0
-0.4549347014769897,-0.010207907167406194,0
-0.46665395490875444,-0.01171925343176472,0
-0.4797982201484488,-0.013144265239694338,0
-0.49427004502254435,-0.014471824874095525,0
-0.5099615516727721,-0.015691506650227796,0
-0.5267553089729459,-0.016793757300173722,0
-0.5445253926266292,-0.017770083653683343,0
-0.5631386297301334,-0.018613237103504154,0
-0.5824560128754201,-0.019317383145286797,0
-0.6023342569500556,-0.01987824407463548,0
-0.622627460774888,-0.020293203824832344,0
-0.6431888267035194,-0.02056136592863143,0
-0.6638723852382798,-0.020683558534760484,0
-0.684534669259496,-0.020662284021216136,0
-0.7050362839033908,-0.020501614643894762,0
-0.7252433233239449,-0.020207039420554126,0
-0.7450285940035476,-0.019785270679602663,0
-0.764272615089677,-0.019244021086129402,0
-0.7828643783937881,-0.01859176330411108,0
-0.8007018631107855,-0.017837484716997455,0
-0.8176923120079369,-0.016990448897151452,0
-0.8337522859899767,-0.01605997398203982,0
-0.848807522029384,-0.015055236039407286,0
-0.8627926251904731,-0.013985103161089084,0
-0.8756506288610388,-0.01285800367056581,0
-0.887332458529336,-0.011681829668297113,0
-0.8977963338418331,-0.010463875312497104,0
-0.9070071416579274,-0.009210807816094289,0
-0.914935809806736,-0.007928668148808587,0
-0.9215587076429386,-0.006622897836202655,0
-0.926857095626913,-0.005298387983974431,0
-0.9308166422748696,-0.003959546647956614,1
-0.9324270231109679,-0.0016103808360982959,1
-0.9316841338232923,0.0007428892876755779,2
-0.9275898609646894,0.004094272858602906,2
-0.9201548111629216,0.007435049801767767,2
-0.9093991474494132,0.010755663713508466,2
-0.8953540782946199,0.014045069154793333,2
-0.8780639396328327,0.01729013866178714,2
-0.857588774942044,0.020475164690788736,2
-0.8340072758868311,0.023581499055212937,2
-0.8074198968696036,0.026587379017227526,2
-0.7779519043627744,0.029467992506829147,2
-0.7457560724286673,0.03219583193410712,2
-0.7110146986964956,0.03474137373217173,2
-0.6739406017432221,0.03707409695327341,2
-0.6347767830541279,0.03916381868909426,2
-0.5937945035332769,0.040982279520850984,2
-0.5512896386429508,0.0425048648903261,2
-0.5075773310675938,0.04371230757535692,2
-0.4629851380660318,0.044592193001562024,2
-0.4178450461626905,0.0451400919033413,2
-0.3724848682768704,0.045360177885820134,2
-0.32721962075034944,0.04526524752652095,2
-0.2823434834744454,0.04487613727590409,2
-0.23812287419123496,0.044220609283210414,2
-0.1947910324898171,0.043331841701417864,2
-0.15254433603146741,0.0422466964583497,2
-0.1115403915930842,0.04100394443838322,2
-0.07189778412449482,0.039642607468589365,2
-0.033697247242001294,0.03820053688249353,2
0.00301605319044123,0.036713300432442524,2
0.03822945595867511,0.03521340276823388,2
0.07195928248983073,0.033729826531155624,2
0.10424713719275142,0.032287854702920685,2
0.1351562576429136,0.030909120450162194,2
0.16476808411592886,0.029611826473015246,2
0.19317916309148234,0.02841107897555347,2
0.22049845199856496,0.027319288907082635,2
0.24684505460406794,0.02634660260550297,2
0.27234638821329915,0.025501333609231232,2
0.2971367642820527,0.024790376068753568,2
0.3213563515950972,0.02421958731304446,2
0.34515048412823696,0.02379413253313979,2
0.36866927242702896,0.023518788298792014,2
0.3920674763341685,0.023398203907139543,2
0.41550459692594544,0.02343712059177691,2
0.4391451455215526,0.023640548595607165,1
0.46215904670683117,0.0230139011852786,1
0.4847147546549801,0.02255570794814894,1
-0.5305537005974701,0.0,2
-0.5295015424445801,0.001052158152889975,2
-0.5274051158540727,0.002096426590507493,2
-0.5242801423320479,0.0031249735220247594,2
-0.5201500585630787,0.004130083768969145,2
-0.5150458397104256,0.005104218852653118,2
-0.5090057608383706,0.006040078872055021,2
-0.5020750946190641,0.006930666219306536,2
-0.49430574385391374,0.007769350765150335,2
-0.4857558081581014,0.008549935695812335,2
-0.47648908542227797,0.00926672273582342,2
-0.4665745103312228,0.00991457509105513,2
-0.4560855341969394,0.010488976134283429,2
-0.4450994525281573,0.010986081668782099,2
-0.4336966889564293,0.011402763571727956,2
-0.4219600462023286,0.01173664275410075,2
-0.4099739365245106,0.01198610967781797,2
-0.3978236053959528,0.012150331128557795,2
-0.38559436287259485,0.012229242523357947,2
-0.37337083718021397,0.012223525692380888,2
-0.36123626441741263,0.012134572762801324,2
-0.34927182698190584,0.011964437435506813,2
-0.33755605145068474,0.011715775531221127,2
-0.3261642743014981,0.011391777149186672,2
-0.31516818120292567,0.010996093098572397,2
-0.30463542278793604,0.010532758414989645,2
-0.2946293070262062,0.010006115761729807,0
-0.2872085656751125,0.007420741351093708,0
-0.28241583578438445,0.00479272989072807,0
-0.28027822723610374,0.00213760854828073,0
-0.2808077213213568,-0.0005294940852530409,0
-0.2840013565957475,-0.0031936352743906996,0
-0.28984118237810774,-0.00583982578236028,0
-0.29829398476233904,-0.008452802384231312,0
-0.30931081442749514,-0.011016829665156082,0
-0.3228263693376337,-0.013515554910138552,0
-0.3387583078451418,-0.01593193850750811,0
-0.35700658755337217,-0.018248279708230328,0
-0.37745294086965125,-0.020446353316279066,0
-0.3999606073734602,-0.0225076665038089,0
-0.42437444362314153,-0.024413836249681332,0
-0.45052152071445284,-0.026147077091311314,0
-0.4782122974053631,-0.027690776690910274,0
-0.5072424218601569,-0.029030124454793853,0
-0.537395169745934,-0.030152747885777164,0
-0.5684444742157136,-0.031049304469779562,0
-0.6001584496748246,-0.03171397545911087,0
-0.6323032626676153,-0.03214481299279072,0
-0.6646471662603493,-0.032343903592734015,0
-0.6969644942198896,-0.03231732795954036,0
-0.7290394110563765,-0.0320749168364869,0
-0.7606692336031193,-0.031629822546742896,0
-0.7916671762688428,-0.030997942665723366,0
-0.821864420104651,-0.030197243835808227,0
-0.851111458832509,-0.02924703872785806,0
-0.87927872644792,-0.028167267615410954,0
-0.9062565555017874,-0.026977829053867315,0
-0.9319545490530765,-0.02569799355128905,1
-0.9553004709668446,-0.023345921913768046,2
-0.9752407997220592,-0.019940328755214648,2
-0.9917391525829387,-0.01649835286087946,0
-1.006772026584928,-0.015032874001989466,0
-1.0203232630732595,-0.013551236488331418,0
-1.032382620219264,-0.01205935714600461,0
-1.0429444461333641,-0.010561825914099977,2
-1.0500064755448584,-0.007062029411494308,2
-1.0535685937189574,-0.003562118174098985,2
-1.053631168518712,-6.257479975458648e-05,2
-1.0501942089576195,0.003436959561092503,2
-1.043257350420371,0.006936858537248361,2
-1.0328206665393882,0.010436683880982787,2
-1.0188863076145946,0.013934358924793576,2
-1.0014609604437499,0.017425347170844856,2
-0.9805591095274546,0.020901850916295248,2
-0.9562070501195297,0.024352059407924904,2
-0.9284475555884993,0.027759494531030306,2
-0.8973450328748818,0.031102522713617596,2
-0.8629909115048826,0.03435412136999913,2
-0.8255089096360524,0.03748200186883024,2
-0.7850597175072431,0.04044919212880921,2
-0.7418445542167441,0.043215163290499,2
-0.6961070136335891,0.045737540583155004,2
-0.6481326467572799,0.04797436687630921,2
-0.5982458524757909,0.04988679428148898,2
-0.5468038728064667,0.051441979669324206,2
-0.49418799544727643,0.05261587735919027,2
-0.4407924128489359,0.053395582598340534,2
-0.3870115099648265,0.05378090288410939,2
-0.33322658421985485,0.05378492574497161,2
-0.27979308786738877,0.053433496352466074,2
-0.22702940382569348,0.05276368404169529,2
-0.1752079397807435,0.05182146404494996,2
-0.12454900350305775,0.05065893627768576,2
-0.07521757305777024,0.04933143044528751,2
-0.027322763296550902,0.04789480976121934,1
0.01808044026408482,0.04540320356063572,1
0.060987320574236066,0.042906880310151246,2
0.10243592813667304,0.041448607562436984,2
0.14250165719600022,0.04006572905932719,2
0.1812923786956731,0.0387907214996729,2
0.21894382803399176,0.03765144933831867,1
0.25461545003935493,0.03567162200536317,1
0.28848161998861993,0.03386616994926498,0
0.3197270362611307,0.03124541627251076,1
0.34953697597743855,0.02980993971630784,2
0.3790999769916441,0.02956300101420557,2
0.4086128621260334,0.029512885134389343,2
0.4382803549916992,0.029667492865665782,1
0.46731492369435385,0.029034568702654646,1
0.49592936652563246,0.02861444283127863,1
-0.5010661972610135,0.0,2
-0.5002350629259759,0.0008311343350377088,2
-0.4985790129956054,0.0016560499303704137,2
-0.4961104351359357,0.002468577859669701,2
-0.492847786241795,0.0032626488941407527,2
-0.4888154427699052,0.004032343471889793,2
-0.4840435011106692,0.004771941659235988,2
-0.47856752824930476,0.005475972861364436,2
-0.4724282633867778,0.006139264862526947,2
-0.465671271798875,0.006756991587902759,2
-0.45834655299975846,0.00732471879911655,2
-0.4505081062171393,0.00783844678261914,2
-0.44221345723431993,0.008294648982819387,2
-0.4335231517490419,0.00869030548527803,2
-0.42450022146880756,0.00902293028023432,2
-0.41520963013051565,0.0092905913382919,2
-0.4057177074237478,0.009491922706767852,2
-0.396091579344913,0.00962612807883481,2
-0.38639860376109536,0.009692975583817674,2
-0.3767058198845577,0.009692783876537662,2
-0.36707941994063154,0.009626399943926172,2
-0.35758425056594056,0.009495169374690962,2
-0.3482833504357424,0.009300900130198185,2
-0.33923752934300433,0.00904582109273805,2
-0.33050499250639337,0.008732536836610951,2
-0.3221410123468787,0.008363980159514664,2
-0.31419764842262854,0.007943363924250185,2
-0.30672351472523707,0.007474133697391454,2
-0.2997635921843741,0.006959922540862949,0
-0.29535908305776293,0.004404509126611144,0
-0.29353571251843735,0.0018233705393256002,0
-0.29430404968480317,-0.0007683371663657927,0
-0.29765964669906825,-0.003355597014265079,0
-0.3035829796810451,-0.005923332981976864,0
-0.3120391983811239,-0.008456218700078795,0
-0.3229777141804377,-0.010938515799313826,0
-0.33633167809165554,-0.013353963911217842,0
-0.35201742072695297,-0.01568574263529745,0
-0.3699339435977592,-0.017916522870806258,0
-0.38996256398833395,-0.020028620390574733,0
-0.4119668221027533,-0.022004258114419376,0
-0.4357927572613258,-0.023825935158572533,0
-0.4612696479644486,-0.02547689070312277,0
-0.48821128776675654,-0.026941639802307966,0
-0.5164178354667003,-0.028206547699943744,0
-0.5456782360519467,-0.029260400585246343,0
-0.5757731617499089,-0.030094925697962186,0
-0.606478375403511,-0.030705213653602105,0
-0.6375683769413534,-0.031090001537842367,0
-0.668820163435654,-0.03125178649430058,0
-0.70001691838403,-0.031196754948376055,0
-0.7309514485417254,-0.030934530157695393,0
-0.7614292064342345,-0.030477757892509106,0
-0.7912707706863898,-0.02984156425215531,0
-0.8203136997328204,-0.029042929046430556,0
-0.8484137216270633,-0.02810002189424285,0
-0.8754452679675514,-0.027031546340488054,0
-0.901301398842614,-0.02585613087506254,0
-0.9258931951612808,-0.024591796318666818,1
-0.9481487135077866,-0.02225551834650589,2
-0.9670137922001121,-0.01886507869232547,0
-0.9844508539242562,-0.01743706172414419,0
-1.0004320779271723,-0.015981224002915913,0
-1.0149378654566696,-0.01450578752949732,0
-1.0279553515833484,-0.013017486126678718,0
-1.0394770020036908,-0.011521650420342477,0
-1.0494993229714538,-0.010022320967762944,2
-1.0560217035432045,-0.006522380571750764,2
-1.0590449600525265,-0.0030232565093220322,2
-1.0585697954579631,0.00047516459456341427,2
-1.054596085661602,0.00397370979636134,2
-1.0471229916459723,0.007473094015629476,2
-1.0361498976928831,0.010973093953089302,2
-1.0216781766838996,0.014471721008983439,2
-1.0037137785300236,0.017964398153876016,2
-0.982270622159872,0.021443156370151602,2
-0.9573747404844716,0.024895881675400456,2
-0.9290690774439323,0.028305663040539226,2
-0.8974187645699494,0.03165031287398291,2
-0.8625166127844062,0.03490215178554321,2
-0.8244884499164868,0.03802816286791936,2
-0.7834978290264502,0.04099062089003669,2
-0.7397495479011621,0.04374828112528801,2
-0.6934913827859109,0.046258165115251146,2
-0.6450134775654345,0.04847790522047643,2
-0.5946449646101339,0.050368512955300496,2
-0.5427476304456631,0.051897334164470864,2
-0.48970675884841003,0.05304087159725309,2
-0.4359196396327131,0.05378711921569694,2
-0.38178255712211023,0.05413708251060282,2
-0.3276772983182687,0.05410525880384154,2
-0.2739582945385644,0.053719003779704295,2
-0.22094141374807547,0.05301688079048894,2
-0.16889517669078097,0.052046237057294505,2
-0.11803483403256723,0.050860342658213736,2
-0.06851938482251252,0.04951544921005471,2
-0.020451303637705538,0.04806808118480698,1
0.02512148144922826,0.0455727850869338,1
0.06820136292570864,0.04307988147648037,2
0.10983339064641696,0.04163202772070833,2
0.15009990788925992,0.04026651724284295,2
0.18911563340099316,0.03901572551173325,2
0.2270230346424295,0.03790740124143636,1
0.26298818581033756,0.035965151167908056,1
0.29719188580767736,0.03420369999733981,0
0.32882511868778264,0.03163323288010528,1
0.35907926871748364,0.030254150029701013,2
0.3891490119935484,0.03006974327606474,2
0.41923750263593546,0.030088490642387077,2
0.4495560082645853,0.030318505628649874,1
0.47932374856385185,0.029767740299266557,1
-0.5487304285851529,0.0,2
-0.5475421197099595,0.0011883088751933732,2
-0.5451743901353038,0.002367729574655663,2
-0.541644956418484,0.0035294337168198103,2
-0.5369802424521082,0.004664713966375831,2
-0.5312151944386684,0.005765048013439816,2
-0.5243930282543521,0.006822166184316256,2
-0.5165649051807522,0.00782812307359991,2
-0.5077895322203363,0.008775372960415815,2
-0.4981326841388201,0.009656848081516197,2
-0.48766664600016146,0.010466038138658658,2
-0.4764695772196984,0.011197068780463034,2
-0.4646248009361441,0.011844776283554289,2
-0.4522200256136503,0.01240477532249381,2
-0.4393465090046935,0.012873516608956826,2
-0.42609817767897495,0.01324833132571855,2
-0.41257071799392486,0.013527459685050081,2
-0.3988606564105697,0.013710061583355117,2
-0.38506444825183406,0.013796208158735692,2
-0.37127759423249845,0.01378685401933562,2
-0.35759380331475754,0.013683790917740893,2
-0.3441042186989953,0.013489584615762235,2
-0.3308967211639347,0.013207497535060616,2
-0.3180553207071266,0.012841400456808108,2
-0.30565964373398397,0.012395676973142651,2
-0.29378451914984755,0.011875124584136415,0
-0.2844996628694563,0.009284856280391232,0
-0.2778581825630972,0.00664148030635912,0
-0.27389728646483785,0.003960896098259347,0
-0.27263884845544406,0.0012584380093937962,0
-0.2740897680327146,-0.0014509195772705544,0
-0.27824208825961866,-0.004152320226904063,0
-0.2850728599277124,-0.006830771668093767,0
-0.2945437654960982,-0.009470905568385734,0
-0.3066005414848144,-0.012056775988716243,0
-0.32117226240509933,-0.014571720920284921,0
-0.33817057213286483,-0.016998309727765497,0
-0.3574889685007735,-0.019318396367908656,0
-0.3790022618675472,-0.02151329336677372,0
-0.40256633614451365,-0.023564074276966454,0
-0.4280183386947487,-0.02545200255023507,0
-0.45517741147825297,-0.027159072783504254,0
-0.4838460485500798,-0.028668637071826805,0
-0.5138121248475369,-0.0299660762974571,0
-0.5448515904808799,-0.03103946563334298,0
-0.5767317679752204,-0.03188017749434041,0
-0.6092151333903099,-0.032483365415089435,0
-0.6420634131633262,-0.03284827977301629,0
-0.6750417937135565,-0.032978380550230384,0
-0.7079230254372821,-0.03288123172372562,0
-0.7404912090172463,-0.03256818357996418,0
-0.7725450789605961,-0.03205386994334978,0
-0.8039006428440929,-0.031355563883496834,0
-0.834393088552498,-0.030492445708405168,0
-0.8638779285973832,-0.029484840044885163,0
-0.8922314035907304,-0.02835347499334718,0
-0.9193502108301939,-0.02711880723946342,1
-0.9441506555578376,-0.02480044472764371,1
-0.9665696118876801,-0.022418956329842508,2
-0.9855613470597202,-0.018991735172040093,0
-1.0030956995893705,-0.01753435252965037,0
-1.0191519011690375,-0.01605620157966692,0
-1.0337169463128335,-0.014565045143796057,0
-1.046784035603465,-0.013067089290631578,0
-1.0583511268177916,-0.011567091214326721,0
-1.0684196174268479,-0.010068490609056322,2
-1.0749931730557543,-0.006573555628906292,2
-1.078075415361126,-0.0030822423053718812,2
-1.077668376226633,0.0004070391344929568,2
-1.0737717751212978,0.003896601105335152,2
-1.0663831144395373,0.007388660681760544,2
-1.0554985935803955,0.01088452085914175,2
-1.041114847888369,0.014383745692026603,2
-1.0232315184266867,0.017883329461682182,2
-1.001854647852614,0.021376870574072757,2
-0.9770008713972462,0.024853776455367807,2
-0.9487023255795572,0.028298545817688935,2
-0.9170121277022046,0.03169019787735259,2
-0.8820101862519161,0.035001941450288516,2
-0.8438089909066282,0.03820119534528792,2
-0.8025589128277977,0.04125007807883054,2
-0.7584524415220906,0.044106471305707134,2
-0.7117267216715527,0.046725719850537833,2
-0.6626637635430355,0.04906295812851726,2
-0.6115878114026604,0.051075952140375074,2
-0.558859578532971,0.052728232869689445,2
-0.5048673825722652,0.053992195960705834,2
-0.45001559813376985,0.05485178443849533,2
-0.3947112162664318,0.05530438186733807,2
-0.33934958335979803,0.05536163290663377,2
-0.2843005195271181,0.05504906383267996,0
-0.23189595691100356,0.052404562616114536,2
-0.18041042683918054,0.051485530071823014,2
-0.13006758423167908,0.05034284260750148,2
-0.08103682151573052,0.049030762715948556,2
-0.03343254357881526,0.04760427793691526,1
0.011684298338814014,0.045116841917629276,1
0.054302675980998825,0.04261837764218481,2
0.09545415410336192,0.04115147812236309,2
0.1352074379866405,0.03975328388327859,2
0.17366357933033405,0.03845614134369354,2
0.21095140448447855,0.03728782515414449,1
0.24622337295264451,0.035271968468165965,1
0.2796469298502565,0.033423556897612026,0
0.3103998587852554,0.030752928934998848,1
0.3396606078501193,0.0292607490648639,2
0.36861077372463347,0.028950165874514145,2
0.39743996302764023,0.028829189303006746,2
0.42634538942803357,0.028905426400393334,2
0.45553171972246603,0.029186330294432475,1
0.48421108754333003,0.02867936782086398,1
-0.5280333491646789,0.0,2
-0.5270000908440108,0.0010332583206681925,2
-0.5249413231016807,0.002058767742329995,2
-0.5218724862802987,0.0030688368213820354,2
-0.5178165965709265,0.004055889709372259,2
-0.5128040710294531,0.005012525541473308,2
-0.5068724916220639,0.005931579407389184,2
-0.5000663067068766,0.006806184915187372,2
-0.4924364687378053,0.00762983796907127,2
-0.4840400077783458,0.008396460959459461,2
-0.47493954163248187,0.009100466145863987,2
-0.4652027249923626,0.009736816640119278,2
-0.4549016418837409,0.010301083108621698,2
-0.44411214774194596,0.010789494141794902,2
-0.43291316952898384,0.011198978212962092,2
-0.42138597424756036,0.011527195281423463,2
-0.40961341786157135,0.011772556385989015,2
-0.3976791878508627,0.011934230010708632,2
-0.38566705329576884,0.012012134555093857,2
-0.3736601364296406,0.012006916866128276,2
-0.3617402189889976,0.011919917440642958,2
-0.34998709545547096,0.01175312353352667,2
-0.3384779834935037,0.011509111961967237,2
-0.32728699965500524,0.011190983838498484,2
-0.3164847058873538,0.010802293767651442,2
-0.30613772969953273,0.010346976187821065,2
-0.2963084581685105,0.00982927153102226,0
-0.2890548034477261,0.0072536547207843905,0
-0.28441862691489045,0.004636176532835683,0
-0.2824262843136637,0.001992342601226771,0
-0.28308900432333506,-0.0006627200096713656,0
-0.28640305845134134,-0.0033140541280062877,0
-0.2923497040409969,-0.005946645589655594,0
-0.30089490645775474,-0.00854520241675784,0
-0.3119888706686969,-0.01109396421094219,0
-0.32556543591452014,-0.013576565245823229,0
-0.3415414091846717,-0.015975973270151524,0
-0.3598159325253676,-0.018274523340695892,0
-0.38026999414488155,-0.020454061619513977,0
-0.4027662017390993,-0.022496207594217783,0
-0.4271489361875288,-0.02438273444842947,0
-0.45324499274716273,-0.02609605655963394,0
-0.4808647938416387,-0.027619801094475965,0
-0.5098042225647988,-0.02893942872316017,0
-0.5398470809074246,-0.030042858342625794,0
-0.5707681252133231,-0.030921044305898454,0
-0.6023365788954904,-0.031568453682167326,0
-0.6343199753968338,-0.03198339650134341,0
-0.6664881490856975,-0.032168173688863703,0
-0.6986171732741602,-0.032129024188462633,0
-0.7304930455532265,-0.03187587227906629,0
-0.7619149409590796,-0.03142189540585314,0
-0.7926978900510141,-0.030782949091934454,0
-0.8226747865082076,-0.029976896457193456,0
-0.8516976809156899,-0.029022894407482274,0
-0.8796383676617296,-0.027940686746039764,0
-0.9063883150790969,-0.026749947417367248,0
-0.9318580216788112,-0.02546970659971426,1
-0.9549759020755045,-0.023117880396693383,2
-0.9746888530908592,-0.019712951015354675,0
-0.9929607182513693,-0.018271865160510204,0
-1.0097656038478535,-0.01680488559648412,0
-1.025086235831779,-0.015320631983925493,0
-1.0389123660396629,-0.013826130207883822,0
-1.051239268456087,-0.012326902416424014,0
-1.0620663546443916,-0.010827086188304559,2
-1.0693959275851288,-0.007329572940737312,2
-1.073231042116409,-0.003835114531280306,2
-1.073573777377644,-0.0003427352612348877,2
-1.0704243352406415,0.003149442137002462,2
-1.0637809598377075,0.006643375402934104,2
-1.0536406776529206,0.010140282184786936,2
-1.0400008624847261,0.013639815168194474,2
-1.0228616299575934,0.017139232527132578,2
-1.0022290571385315,0.020632572819061855,2
-0.9781191991995648,0.024109857938966684,2
-0.9505628323719443,0.027556366827620492,2
-0.9196107873498713,0.03095204502207295,2
-0.8853396492017985,0.03427113814807284,2
-0.8478574927112079,0.03748215649059058,2
-0.8073092064964397,0.04054828621476823,2
-0.7638808538858228,0.04342835261061681,2
-0.7178024496751653,0.04607840421065761,2
-0.6693485302424427,0.04845391943272261,2
-0.6188359880004015,0.05051254224204117,2
-0.5666188449809048,0.05221714301949672,2
-0.513079946402105,0.053538898578799766,2
-0.45861992594945933,0.05446002045264562,2
-0.40364416621197435,0.05497575973748497,2
-0.3485487734425292,0.05509539276944516,2
-0.2937067376811384,0.05484203576139081,0
-0.24145542030189948,0.052251317379238944,2
-0.19007640173887239,0.05137901856302709,2
-0.1398018263422655,0.05027457539660689,2
-0.09081057894833713,0.04899124739392837,2
-0.04322713012138318,0.04758344882695396,1
0.0018773108403875374,0.045104440961770714,2
0.045481791450383356,0.04360448060999582,2
0.08760950765328028,0.042127716202896924,2
0.12832307646857402,0.040713568815293734,2
0.16771962031283713,0.03939654384426312,2
0.2059260047886757,0.038206384475838566,2
0.24309447051893432,0.037168465730258615,1
0.278398806044057,0.03530433552512264,1
0.31202556140508586,0.033626755361028854,0
0.3431699373080578,0.0311443759029719,1
0.3730262156589207,0.029856278350862926,2
0.40279121508103494,0.02976499942211425,2
0.4326698630601243,0.02987864797908932,1
0.461874970603923,0.02920510754379873,1
0.4906197905956578,0.028744819991734796,1
-0.40879764246783096,0.0,0
-0.4106417303950954,-0.0018440879272644524,0
-0.41431687491663227,-0.0036751445215368935,0
-0.41979702999052865,-0.005480155073896378,0
-0.42704317653693835,-0.007246146546409708,0
-0.4360034053825463,-0.008960228845607932,0
-0.44661306427823994,-0.010609658895693664,0
-0.4587949965442829,-0.012181932266042979,0
-0.4724599012981211,-0.013664904753838183,0
-0.4875068448309372,-0.015046943532816085,0
-0.5038239492431317,-0.016317104412194465,0
-0.521289277874045,-0.017465328630913296,0
-0.539771927599309,-0.01848264972526407,0
-0.5591333262712457,-0.019361398671936633,0
-0.5792287203097197,-0.020095394038474056,0
-0.5999088238390734,-0.020680103529353705,0
-0.6210215880905969,-0.021112764251523475,0
-0.6424140393325394,-0.02139245124194246,0
-0.6639341264681764,-0.021520087135637037,0
-0.6854325164486631,-0.021498389980486678,0
-0.7067642771293907,-0.021331760680727646,0
-0.7277903930088303,-0.021026115879439596,0
-0.7483790688100681,-0.020588675801237848,0
-0.7684067881083696,-0.02002771929830153,0
-0.7877591079622692,-0.019352319853899604,0
-0.8063311845097356,-0.01857207654746641,0
-0.824028037594736,-0.0176968530850003,0
-0.8407645737785302,-0.016736536183794212,0
-0.8564653959582484,-0.015700822179718202,0
-0.8710644339830594,-0.014599038024811002,0
-0.8845044341428845,-0.013440000159825015,0
-0.8967363464584464,-0.012231912315561904,2
-0.9057186477336424,-0.008982301275196041,0
-0.9134227718977873,-0.007704124164144881,0
-0.919825534899496,-0.006402763001708759,0
-0.9249086037232264,-0.0050830688237303405,0
-0.9286580331326822,-0.00374942940945585,1
-0.9300638842771893,-0.0014058511445070743,1
-0.9291225069441599,0.0009413773330294211,2
-0.9248363407519059,0.0042861661922539394,2
-0.9172167296016254,0.007619611150280557,2
-0.9062847911199732,0.010931938481652241,2
-0.8920729302481442,0.014211860871828965,2
-0.8746269347400154,0.01744599550812872,2
-0.8540085546231476,0.020618380116867747,2
-0.8302984248275589,0.02371012979558875,2
-0.803599141130357,0.02669928369720188,2
-0.7740382478033861,0.029560893326970865,2
-0.7417708473812002,0.03226740042218588,2
-0.7069815081899071,0.03478933919129312,2
-0.6698851350850451,0.037096373104862045,2
-0.6307264946366676,0.039158640448377434,2
-0.5897781561857461,0.04094833845092145,2
-0.5473367267332647,0.04244142945248147,2
-0.503717413090308,0.043619313642956715,2
-0.4592471212740095,0.04447029181629853,2
-0.41425647444670416,0.04499064682730538,2
-0.3690712670342963,0.04518520741240782,2
-0.32400394807756794,0.0450673189567284,2
-0.2793457262375531,0.04465822184001482,2
-0.23535981224882435,0.04398591398872876,2
-0.19227617725174737,0.043083634997076986,2
-0.15028803345681832,0.04198814379492904,2
-0.10955006694276963,0.04073796651404869,2
-0.07017829761517694,0.03937176932759268,2
-0.03225132646535444,0.0379269711498225,2
0.004187337224378709,0.03643866368973315,2
0.039126198166689496,0.03493886094231079,2
0.07258226151259954,0.033456063345910045,2
0.10459735813358273,0.032015096620983195,2
0.13523452995350646,0.030637171819923734,2
0.16457463941820924,0.02934010946470278,2
0.19271331345184528,0.028138674033636055,2
0.219758286086654,0.0270449726348087,2
0.245827167170517,0.026068881083863012,2
0.2710456372343054,0.025218470063788415,2
0.29554604974969195,0.02450041251538653,2
0.3194664101048935,0.02392036035520156,2
0.34294969399077124,0.02348328388587772,2
0.36614346491503336,0.023193770924262093,2
0.38919974982466193,0.023056284909628563,2
0.4122751321084718,0.023075382283809846,2
0.43553102156205453,0.02325588945358275,1
0.4581340603672923,0.022603038805237768,1
0.48024926399853973,0.022115203631247436,1
-0.5996481694835841,0.0,2
-0.5980827342826325,0.0015654352009516264,2
-0.5949633065984911,0.0031194276841414173,2
-0.5903127244080003,0.004650582190490795,2
-0.5841651213481588,0.006147603059841526,2
-0.5765657660350706,0.007599355313088172,2
-0.5675708279232133,0.00899493811185727,2
-0.5572470550820823,0.010323772841131083,2
-0.5456713485156014,0.011575706566480918,2
-0.5329302186051136,0.012741129910487833,2
-0.5191191120128267,0.013811106592286891,2
-0.5043416018861197,0.014777510126707015,2
-0.48870844023596705,0.01563316165015262,2
-0.4723364785387222,0.016371961697244853,2
-0.45534747039269285,0.01698900814602933,2
-0.43786677780197597,0.01748069259071689,2
-0.42002200966354486,0.01784476813843113,2
-0.40194162663048233,0.01808038303306255,2
-0.38375355015293344,0.018188076477548887,2
-0.36558381477617635,0.018169735376757104,2
-0.34755530154850367,0.018028513227672672,2
-0.3297865867549702,0.017768714793533456,2
-0.31239093447428723,0.01739565228068294,2
-0.295475454169576,0.016915480304711253,2
-0.2791404363006731,0.01633501786890291,2
-0.26347887045452695,0.015661565846146117,1
-0.24957614235904174,0.013902728095485211,2
-0.23650480183980085,0.013071340519240889,0
-0.22633015710417978,0.010174644735621085,0
-0.21910103013607982,0.0072291269680999515,0
-0.21485101036117973,0.00425001977490007,0
-0.21359941159659487,0.0012515987645848564,0
-0.21535185983255536,-0.0017524482359604836,0
-0.22010046984130943,-0.004748610008754064,0
-0.22782359834095653,-0.007723128499647085,0
-0.23848519091049392,-0.010661592569537392,0
-0.2520337696836465,-0.013548578773152565,0
-0.2684011394244701,-0.01636736974082359,0
-0.2875009206416885,-0.01909978121721837,0
-0.30922704867705453,-0.021726128035366048,0
-0.3334524047446753,-0.024225356067620774,0
-0.3600277650272696,-0.026575360282594298,0
-0.3887812625593416,-0.02875349753207203,0
-0.41951854891326246,-0.030737286353920843,0
-0.4520238146264287,-0.032505265713166254,0
-0.4860617769329275,-0.03403796230649878,0
-0.5213806720871386,-0.035318895154211105,0
-0.5577162028949121,-0.03633553080777347,0
-0.5947962995312701,-0.037080096636358036,0
-0.6323464656843264,-0.037550166153056286,0
-0.6700954154991703,-0.03774894981484388,0
-0.7077806705298199,-0.03768525503064961,0
-0.7451537860813191,-0.0373731155514993,0
-0.7819849128684695,-0.0368311267871504,0
-0.8180664665573795,-0.03608155368891,0
-0.8532157635373674,-0.03514929697998789,0
-0.8872765731115042,-0.03406080957413677,0
-0.9201196217609465,-0.03284304864944234,0
-0.9516421546815577,-0.03152253292061113,2
-0.9797667079542483,-0.02812455327269064,1
-1.0054422398583631,-0.025675531904114843,1
-1.028637360570246,-0.023195120711882886,2
-1.0483363556885859,-0.019698995118340053,2
-1.064535365396763,-0.01619900970817716,0
-1.0792377560903583,-0.014702390693595326,2
-1.0904516868604928,-0.011213930770134458,2
-1.0981866359658938,-0.007734949105401028,2
-1.1024507768093408,-0.004264140843447051,2
-1.103249184422709,-0.0007984076133683532,2
-1.1005828539173785,0.0026663305053305935,2
-1.0944485173311267,0.006134336586251755,2
-1.084839256069524,0.009609261261602796,2
-1.071745917977886,0.01309333809163777,2
-1.0551593563236992,0.016586561654186975,2
-1.035073507776943,0.020085848546756113,2
-1.0114893127127123,0.023584195064230762,2
-0.984419448566658,0.02706986414605424,2
-0.9538937907869957,0.030525657779662266,2
-0.9199654331261783,0.033928357660817386,2
-0.8827169902473424,0.03724844287883593,2
-0.8422667776408319,0.04045021260651045,2
-0.7987743319052043,0.0434924457356276,2
-0.752444623531526,0.04632970837367835,2
-0.7035302577417998,0.04891436578972622,2
-0.6523309927627945,0.05119926497900524,2
-0.5991900579779996,0.053140934784794876,2
-0.5444870353283117,0.05470302264968797,2
-0.4886274532424884,0.055859582085823256,2
-0.43202967517998897,0.05659777806249945,2
-0.3751100601791908,0.05691961500079819,2
-0.3182676416336465,0.05684241854554427,2
-0.2618696471424924,0.0563979944911541,0
-0.2082390469586029,0.053630600183889494,2
-0.1556362682426207,0.052602778715982214,2
-0.10426589949220902,0.05137036875041167,2
-0.05427422169656239,0.04999167779564663,2
-0.00574947802391388,0.04852474367264851,0
0.0392756375251122,0.04502511554902608,1
0.08181808698271897,0.04254244945760677,2
0.12293546883778832,0.04111738185506934,2
0.1627209549348561,0.03978548609706778,2
0.20129845110057004,0.03857749616571394,2
0.2388181225742151,0.03751967147364507,1
0.27445244671246655,0.035634324138251426,1
0.3083873641963313,0.03393491748386474,0
0.3398180188452729,0.03143065464894163,1
0.3699390958041191,0.030121076958846197,2
0.39994810985110746,0.030009014046988348,2
0.4300508667955299,0.030102756944422444,2
0.46046118811988174,0.030410321324351845,1
0.490400803962558,0.029939615842676244,1
-0.5444177093171698,0.0,2
-0.5432616688089548,0.0011560405082150175,2
-0.5409582421121161,0.002303426696838645,2
-0.5375246782605003,0.003433563851615728,2
-0.5329867005187026,0.0045379777417978145,2
-0.5273783226477391,0.005608377870963455,2
-0.5207415987812968,0.006636723866442353,2
-0.5131263034785829,0.007615295302713901,2
-0.5045895387962845,0.008536764682298387,2
-0.49519526612622244,0.009394272670062107,2
-0.48501376207930924,0.010181504046913207,2
-0.47412099980481076,0.010892762274498497,2
-0.46259795970315565,0.011523040101655127,2
-0.45052987635464625,0.012068083348509413,2
-0.43800543143821713,0.01252444491642914,2
-0.4251159052222864,0.012889526215930697,2
-0.41195430163870983,0.013161603583576594,2
-0.39861446378533627,0.013339837853373587,2
-0.3851901977688316,0.01342426601650467,2
-0.37177442298360397,0.013415774785227676,2
-0.3584583661834842,0.013316056800119765,2
-0.3453308150753434,0.013127551108140768,2
-0.33247744475493013,0.012853370320413305,2
-0.31998022728108766,0.012497217473842446,2
-0.3079169312522384,0.012063296028849277,2
-0.2963607146348386,0.01155621661739983,0
-0.287379810520905,0.008980904113933588,0
-0.28102594296683414,0.006353867554070832,0
-0.27733499487251123,0.00369094809432289,0
-0.27632753393700643,0.0010074609355048038,0
-0.27800913845325337,-0.0016816045162469434,0
-0.28237048881626753,-0.004361350363014143,0
-0.28938721539978035,-0.007016726583512796,0
-0.29901951839290597,-0.009632302993125638,0
-0.31121159985782326,-0.012192081464917294,0
-0.32589097210190665,-0.014679372244083366,0
-0.3429677285302009,-0.01707675642829424,0
-0.36233388204100003,-0.019366153510799112,0
-0.383862889814897,-0.021529007773896963,0
-0.4074094897033625,-0.023546599888465476,0
-0.43280996994396914,-0.025400480240606642,0
-0.45988297861337474,-0.02707300866940559,0
-0.4884309510657535,-0.028547972452378775,0
-0.5182421931588137,-0.02981124209306018,0
-0.5490936078911091,-0.0308514147322954,0
-0.5807539977537688,-0.031660389862659684,0
-0.6129878208529895,-0.03223382309922071,0
-0.6455592326311033,-0.03257141177811375,0
-0.6782362132456821,-0.03267698061457881,0
-0.7107945680146804,-0.03255835476899838,0
-0.7430215966796512,-0.032227028664970736,0
-0.7747192552622669,-0.03169765858261574,0
-0.8057066777651877,-0.0309874225029207,0
-0.8358219776630215,-0.03011529989783379,0
-0.8649233040630293,-0.0291013264000078,0
-0.8928891781413967,-0.027965874078367377,0
-0.9196181770577465,-0.02672899891634986,1
-0.9440280621492205,-0.024409885091473994,1
-0.966056738737747,-0.02202867658852648,2
-0.9846591184127385,-0.018602379674991485,0
-1.0018053685512847,-0.017146250138546235,0
-1.017474762956197,-0.01566939440491246,0
-1.0316540895241928,-0.01417932656799576,0
-1.0443361335907344,-0.012682044066541682,0
-1.055518269768456,-0.01118213617772159,0
-1.0652011847922567,-0.00968291502380061,2
-1.0713877454014478,-0.006186560609191161,2
-1.074080886233815,-0.0026931408323671515,2
-1.0732821531892596,0.000798733044555439,2
-1.0689910708120234,0.004291082377236177,2
-1.061205329803532,0.007785741008491444,2
-1.0499217959211455,0.011283533882386414,2
-1.0351383455302743,0.014783450390871299,2
-1.016856530985937,0.01828181454433737,2
-0.995085065790064,0.021771465195872995,2
-0.9698440901678415,0.025240975622222498,2
-0.9411701280265912,0.028673962141250252,2
-0.9091215735700892,0.03204855445650206,2
-0.8737844507700683,0.03533712280002084,2
-0.8352780773431021,0.03850637342696614,2
-0.7937601499502345,0.0415179273928676,2
-0.7494306703284469,0.04432947962178757,2
-0.7025340812900747,0.046896589038372204,2
-0.6533590077991778,0.04917507349089684,2
-0.6022351267417877,0.05112388105739005,2
-0.549526928292696,0.05270819844909167,2
-0.4956244647344112,0.05390246355828484,2
-0.4409315623134306,0.05469290242098059,2
-0.3858523279688966,0.05507923434453401,2
-0.3307770388749463,0.05507528909395032,2
-0.2760685985246728,0.05470844035027349,0
-0.22405065485645825,0.05201794366821456,2
-0.1729889199686205,0.05106173488783774,2
-0.12309801536286111,0.0498909046057594,2
-0.07453856674982931,0.04855944861303179,2
-0.02741687318444711,0.0471216935653822,1
0.017213272070088513,0.044630145254535625,1
0.05934674992221983,0.04213347785213132,2
0.10001974613303347,0.040672996210813626,2
0.13930444489058347,0.039284698757550016,2
0.17730429911957857,0.037999854228995114,2
0.21414955720074802,0.03684525808116946,1
0.24899323773404627,0.03484368053329826,2
0.2830025575848125,0.034009319850766266,0
0.31436005659350225,0.03135749900868971,1
0.3442493110643953,0.029889254470893068,2
0.373857412775655,0.029608101711259674,2
0.40337984764702073,0.029522434871365764,2
0.4330200604204511,0.029640212773430378,1
0.4619892624928957,0.028969202072444602,1
0.490499019575582,0.028509757082686323,1
-0.4058490550260076,0.0,0
-0.40771392544087814,-0.0018648704148705288,0
-0.41143052989331597,-0.0037166044524378364,0
-0.4169726090616968,-0.0055420791683808545,0
-0.4243008162946298,-0.0073282072329329765,0
-0.43336279227116276,-0.00906197597653296,0
-0.44409330242614076,-0.010730510154978,0
-0.4564144658493697,-0.012321163423228903,0
-0.47023610693430234,-0.013821641084932647,0
-0.4854562607390189,-0.015220153804716552,0
-0.5019618595322168,-0.016505598793197938,0
-0.5196296212635461,-0.017667761731329175,0
-0.5383271509489194,-0.018697529685373353,0
-0.5579142537588806,-0.019587102809961184,0
-0.5782444448347503,-0.020330191075869808,0
-0.5991666267024146,-0.02092218186766431,0
-0.620526891941777,-0.0213602652393624,0
-0.6421703978443317,-0.021643505902554743,0
-0.6639432523252606,-0.021772854480928933,0
-0.6856943471841376,-0.02175109485887694,0
-0.707277076299235,-0.021582729115097357,0
-0.7285508823436101,-0.021273806044375072,0
-0.7493825854816993,-0.020831703138089262,0
-0.7696474602075087,-0.020264874725809356,0
-0.7892300407516885,-0.019582580544179697,0
-0.8080246499955397,-0.01879460924385127,0
-0.8259356603846331,-0.01791101038909337,0
-0.8428775069820577,-0.016941846597424558,0
-0.8587744819154332,-0.015896974933375507,0
-0.8735603457696011,-0.014785863854167965,0
-0.8871777949859716,-0.013617449216370495,0
-0.8995778253218385,-0.012400030335866917,2
-0.9087190303322847,-0.00914120501044626,0
-0.9165728837946232,-0.007853853462338465,0
-0.9231162498513131,-0.006543366056689931,0
-0.9283308319860591,-0.005214582134746042,0
-0.9322026913976618,-0.003871859411602657,1
-0.933721849140036,-0.0015191577423742022,1
-0.9328844765195361,0.000837372620499828,2
-0.9286926778954847,0.004191798624051435,2
-0.921157210552066,0.007535467343418734,2
-0.9102983433405452,0.01085886721152086,2
-0.8961473698280095,0.014150973512535664,2
-0.8787487156713811,0.017398654156628383,2
-0.8581625445661767,0.020586171105204467,2
-0.8344677242882681,0.02369482027790855,2
-0.8077649648190482,0.026702759469219878,2
-0.7781798876725536,0.029585077146494575,2
-0.7458657357338205,0.03231415193873308,2
-0.7110053956091665,0.03486034012465402,2
-0.6738123912961347,0.037193004313031804,2
-0.6345305307489448,0.039281860547189865,2
-0.5934319547055691,0.041098576043375745,2
-0.5508134526477186,0.0426185020578504,2
-0.506991067194152,0.0438223854535667,2
-0.46229318802745945,0.04469787916669252,2
-0.4170525130423086,0.04524067498515083,2
-0.3715973972185656,0.045455115823743,2
-0.3262431915637344,0.04535420565483122,2
-0.28128417886352586,0.044959012700208544,2
-0.2369866389503744,0.04429753991315146,2
-0.1935834385884056,0.043403200361968784,2
-0.1512703662851894,0.0423130723032162,2
-0.11020425115813245,0.041066115127056935,2
-0.07050274504968942,0.03970150610844304,2
-0.03224552743098677,0.038257217618702655,2
0.004523378526468197,0.03676890595745497,2
0.03979251466611537,0.035269136139647175,2
0.07357944340801661,0.03378692874190124,2
0.10592703200536155,0.032347588597344934,2
0.13689979291843563,0.030972760913074077,2
0.16658044928239038,0.029680656363954745,2
0.19506683930389232,0.028486390021501936,2
0.22246922596724403,0.0274023866633517,2
0.24890804056538832,0.02643881459814428,2
0.27451206040229914,0.025604019836910803,2
0.2994170015314753,0.0249049411291762,2
0.3237644950306749,0.02434749349919955,2
0.34770140832691754,0.02393691329624266,2
0.3713794698087465,0.023678061481828938,2
0.3949551539112976,0.02357568410255114,2
0.4185897837683746,0.023634629857076993,2
0.4424498083271694,0.023860024558794813,1
0.46570720960012063,0.02325740127295124,1
0.4885326035605348,0.02282539396041415,1
-0.548267299299233,0.0,2
-0.5470824542067058,0.0011848450925272822,2
-0.5447216271855622,0.0023608270211435923,2
-0.5412024847816884,0.003519142403873695,2
-0.536551375921647,0.004651108860041359,2
-0.5308031470042136,0.005748228917433407,2
-0.5240008895078304,0.006802257496383163,2
-0.5161956161578573,0.007805273349973173,2
-0.5074458619391884,0.008749754218668897,2
-0.49781720716468864,0.009628654774499739,2
-0.4873817214228635,0.010435485741825106,2
-0.4762173294714092,0.011164391951454286,2
-0.4644071028958556,0.01181022657555366,2
-0.45203848443587474,0.012368618459980855,2
-0.43920245507182526,0.01283602936404951,2
-0.4259926570090782,0.013209798062747108,2
-0.4125044883413459,0.013488168667732284,2
-0.3988341871809283,0.013670301160417593,2
-0.38507792422296694,0.013756262957961368,2
-0.3713309229375609,0.013747001285405987,2
-0.3576866258122275,0.013644297125333426,2
-0.34423592333570097,0.013450702476526502,2
-0.33106645983914235,0.01316946349655861,2
-0.3182620270739648,0.012804432765177544,2
-0.30590205273249504,0.012359974341469722,2
-0.29406118725470753,0.011840865477787538,0
-0.28480898845352154,0.009252198801185971,0
-0.27819841664545353,0.006610571808068008,0
-0.27426653900609776,0.0039318776393557405,0
-0.27303509038694185,0.001231448619155943,0
-0.27451082954625405,-0.0014757391593122303,0
-0.27868565418503194,-0.004174824638777897,0
-0.2855364632869121,-0.006850809101880179,0
-0.2950247805428775,-0.009488317255965405,0
-0.3070961777129377,-0.012071397170060175,0
-0.3216795611203667,-0.014583383407429061,0
-0.3386864072184743,-0.017006846098107625,0
-0.3580100529354286,-0.01932364571695429,0
-0.37952516135771935,-0.021515108422290777,0
-0.4030874908867767,-0.023562329529057364,0
-0.42853409378464785,-0.025446602897871134,0
-0.4556840558424424,-0.02714996205779459,0
-0.48433986153783093,-0.02865580569538848,0
-0.5142894288424297,-0.029949567304598797,0
-0.5453088071717243,-0.031019378329294564,0
-0.5771654753553271,-0.03185666818360287,0
-0.6096221202273919,-0.03245664487206477,0
-0.6424407276635622,-0.03281860743617023,0
-0.6753867834153606,-0.03294605575179844,0
-0.7082333659852568,-0.03284658256989613,0
-0.740764920309157,-0.032531554323900154,0
-0.7727805281205273,-0.032015607811370354,0
-0.804096534430853,-0.03131600631032574,0
-0.8345484432513761,-0.030451908820523094,0
-0.8639920522817368,-0.02944360903036064,0
-0.8923038490330574,-0.028311796751320544,0
-0.9193807344861844,-0.027076885453127027,1
-0.9441391717708577,-0.02475843728467328,1
-0.9665161468628629,-0.022376975092005237,2
-0.9854659968776808,-0.018949850014817905,0
-1.0029585958314216,-0.017492598953740834,0
-1.0189731796951498,-0.01601458386372813,0
-1.033496720126156,-0.014523540431006267,0
-1.0465223720285597,-0.013025651902403778,0
-1.0580480290594645,-0.01152565703090475,0
-1.0680750104682069,-0.01002698140874229,2
-1.074606893792631,-0.006531883324424099,2
-1.0776472241666137,-0.003040330373982752,2
-1.0771979780932386,0.0004492460733750859,2
-1.073258850475102,0.003939127618136649,2
-1.0658273598678834,0.007431490607218639,2
-1.054899772779336,0.010927587088547155,2
-1.0404728530585396,0.014426919720796516,2
-1.0225464420630956,0.017926410995444095,2
-1.0011268643207827,0.021419577742312897,2
-0.9762311268085103,0.024895737512272316,2
-0.9478918332391841,0.028339293569326213,2
-0.9161626648209676,0.03172916841821652,2
-0.8811241857808327,0.03503847904013492,2
-0.842889620484099,0.03823456529673373,2
-0.8016101312587318,0.041279489225367186,2
-0.7574790224000683,0.04413110885866361,2
-0.7107342342238325,0.04674478817623569,2
-0.6616585029691897,0.04907573125464287,2
-0.6105766750875415,0.05108182788164821,2
-0.5578498903145374,0.05272678477300416,2
-0.5038666739823625,0.05398321633217487,2
-0.44903136199584964,0.054835311986512876,2
-0.39375065282583166,0.05528070917001798,2
-0.33841936105032105,0.05533129177551061,2
-0.2834065709682149,0.05501279008210613,0
-0.2310433260459997,0.05236324492221523,2
-0.17960320585611356,0.05144012018988614,2
-0.1293088858961781,0.05029431995993546,2
-0.0803288042663552,0.04898008162982288,2
-0.032776480210072644,0.04755232405628256,1
0.012287919960116973,0.04506440017018962,1
0.05485401860894041,0.042566098648823436,2
0.09595389177251326,0.041099873163572845,2
0.13565663207859657,0.039702740306083326,2
0.17406356128890219,0.03840692921030561,2
0.21130366902202335,0.03724010773312118,1
0.2465294837923995,0.03522581477037615,1
0.2799084335666629,0.03337894977426338,0
0.3106182149569281,0.03070978139026519,1
0.3398371307605903,0.029218915803662232,2
0.36874659097595797,0.02890946021536765,2
0.39753598520219596,0.028789394226238017,2
0.42640228576332667,0.028866300561130733,2
0.45554989891779435,0.02914761315446766,1
0.48419068311063307,0.02864078419283873,1
-0.4161701358225792,0.0,0
-0.41796197485368575,-0.0017918390311065342,0
-0.42153289465551813,-0.0035709198018323562,0
-0.4268574027761899,-0.005324508120671768,0
-0.4338973283420347,-0.007039925565844831,0
-0.4426019242090832,-0.008704595867048463,0
-0.4529080360711077,-0.010306111862024533,0
-0.4647403632947769,-0.011832327223669201,0
-0.47801183826477,-0.0132714749699931,0
-0.4926241504658014,-0.01461231220103138,0
-0.5084684381732183,-0.015844287707416936,0
-0.5254261644482126,-0.0169577262749943,0
-0.5433701853754832,-0.01794402092727062,0
-0.5621660076632998,-0.018795822287816608,0
-0.5816732206475479,-0.019507212984248096,0
-0.6017470754251287,-0.02007385477758084,0
-0.6222401724365838,-0.02049309701145505,0
-0.6430042094647944,-0.020764037028210655,0
-0.6638917357027584,-0.02088752623796397,0
-0.684757854962305,-0.02086611925954661,0
-0.7054618225465189,-0.020703967584213872,0
-0.7258684856534285,-0.020406663106909657,0
-0.7458495258652434,-0.0199810402118149,0
-0.765284473426344,-0.01943494756110052,0
-0.7840614755473885,-0.018777002121044523,0
-0.8020778137676572,-0.01801633822026875,0
-0.8192401774319227,-0.017162363664265445,0
-0.8354647107642257,-0.01622453333230299,0
-0.8506768592909275,-0.015212148526701878,0
-0.8648110472090882,-0.014134187918160672,0
-0.8778102207081393,-0.012999173499051124,0
-0.8896252934399367,-0.01181507273179737,0
-0.9002145296465155,-0.010589236206578805,0
-0.9095428983237803,-0.009328368677264798,0
-0.9175814286647455,-0.008038530340965085,0
-0.9243065932963965,-0.006725164631651079,0
-0.9296997418436028,-0.0053931485472062946,0
-0.9337466033843239,-0.004046861540721048,1
-0.9354368725797617,-0.00169026919543781,1
-0.934766347906749,0.0006705246730127784,2
-0.9307366888387917,0.00402965906795724,2
-0.9233580691625122,0.007378619676279527,2
-0.9126500065426064,0.010708062619905714,2
-0.8986428529777291,0.01400715356487736,2
-0.8813798879088429,0.017262965068886107,2
-0.8609199208006446,0.020459967108198293,2
-0.8373402674776366,0.023579653323008088,2
-0.8107399149649018,0.02660035251273471,2
-0.7812426362368088,0.029497278728093053,2
-0.7489997653632213,0.032242870873587445,2
-0.7141923044125433,0.03480746095067803,2
-0.6770320177869751,0.0371602866255682,2
-0.6377611895170111,0.03927082826996395,2
-0.5966507839546571,0.04111040556235399,2
-0.5539968636111169,0.04265392034354017,2
-0.5101152734791944,0.04388159013192249,2
-0.465334782037556,0.04478049144163837,2
-0.4199890488251308,0.04534573321242524,2
-0.3744079360820473,0.04558111274308348,2
-0.32890876942912994,0.04549916665291738,2
-0.28378816229331993,0.04512060713581002,2
-0.23931494870641196,0.04447321358690799,2
-0.19572463331317919,0.04359031539323276,2
-0.1532155921465317,0.04250904116664751,2
-0.11194707411627018,0.041268518030261506,2
-0.07203888960484274,0.03990818451142744,2
-0.03357254896020682,0.03846634064463592,2
0.003406461024623865,0.03697900998483068,2
0.03888560155305643,0.03547914052843257,2
0.07288173381119306,0.033996132258136635,2
0.10543738554232698,0.03255565173113392,2
0.13661706469152154,0.031179679149194568,2
0.1665037935204853,0.02988672882896375,2
0.19519598056505508,0.028692187044569776,2
0.222804699407705,0.027608718842649937,2
0.2494514044939558,0.02664670508625079,2
0.2752660853069116,0.02581468081295578,2
0.3003858401389239,0.02511975483201231,2
0.32495383788306337,0.024567997744139466,2
0.3491186289432482,0.02416479106018483,2
0.37303376282580203,0.02391513388255383,2
0.3968576687062054,0.023823905880403368,2
0.42075375496116774,0.023896086254962322,2
0.4448906832164092,0.024136928255241462,1
0.4684427709372176,0.02355208772080839,1
0.49158307373160454,0.023140302794386936,1
-0.4266672470525382,0.0,0
-0.4283840309064755,-0.0017167838539372767,0
-0.43180525385952434,-0.003421222953048889,0
-0.4369062597696651,-0.005101005910140757,0
-0.4436501544103866,-0.00674389464072149,0
-0.4519879313136836,-0.008337776903296996,0
-0.46185866775163376,-0.009870736437950143,0
-0.4731898119222239,-0.011331144170590165,0
-0.4858975839279691,-0.01270777200574521,0
-0.49988751239494167,-0.013989928466972536,0
-0.5150551253996637,-0.015167613004722033,0
-0.5312868087652138,-0.016231683365550184,0
-0.5484608369939635,-0.017174028228749718,0
-0.5664485726017947,-0.017987735607831172,0
-0.5851158191142881,-0.018667246512493418,0
-0.6043243023643927,-0.019208483250104585,0
-0.6239332449725005,-0.01960894260810771,0
-0.6438009909552969,-0.01986774598279642,0
-0.66378663212172,-0.019985641166423117,0
-0.6837515858445943,-0.01996495372287436,0
-0.7035610751856146,-0.019809489341020326,0
-0.723085467075507,-0.019524391889892367,0
-0.7422014318429162,-0.01911596476740919,0
-0.7607928971044344,-0.01859146526151824,0
-0.7787517799674785,-0.017958882863044083,0
-0.79597849270664,-0.01722671273916152,0
-0.8123822276739535,-0.016403734967313486,0
-0.8278810364795909,-0.015498808805637407,0
-0.8424017259378714,-0.014520689458280528,0
-0.8558795986593299,-0.013477872721458482,0
-0.868258069451459,-0.012378470792129047,0
-0.8794881900200043,-0.011230120568545372,0
-0.8895281141193576,-0.010039924099353295,0
-0.8983425336361205,-0.008814419516762886,0
-0.9059021134754113,-0.007559579839290764,0
-0.9121829499044364,-0.0062808364290251155,1
-0.9161660734916243,-0.0039831235871878885,1
-0.9178398766641226,-0.0016738031724982975,2
-0.916199579945858,0.0016402967182646134,2
-0.9112498665650529,0.00494971338080504,2
-0.9030052070153122,0.008244659549740768,2
-0.8914908263581303,0.011514380657181902,2
-0.8767442736439547,0.014746552714175597,2
-0.8588175212758496,0.017926752368105064,2
-0.8377794849430905,0.02103803633275918,2
-0.8137188115951397,0.02406067334795082,2
-0.7867467355105529,0.026972076084586856,2
-0.7569997550760905,0.029746980434462302,2
-0.7246418424170128,0.0323579126590777,2
-0.6898658738946725,0.03477596852234037,2
-0.6528939722930516,0.03697190160162084,2
-0.6139764908668467,0.03891748142620484,2
-0.5733894510452424,0.0405870398216043,2
-0.5314303682714957,0.04195908277374676,2
-0.4884125539563947,0.04301781431510097,2
-0.4446581464926892,0.043754407463705534,2
-0.4004902750530874,0.04416787143960183,2
-0.3562248698546977,0.044265405198389667,2
-0.3121626807566567,0.04406218909804098,2
-0.26858204288846654,0.04358063786819018,2
-0.22573283804461597,0.04284920484385059,2
-0.1838319612505086,0.04190087679410737,2
-0.14306043867936347,0.04077152257114514,2
-0.10356218293437522,0.039498255744988255,2
-0.06544423695893592,0.038117945975439306,2
-0.028778262392569344,0.036665974566366576,2
0.00639702350733367,0.035175285899903014,2
0.04007276976459212,0.03367574625725845,2
0.07226655982707922,0.032193790062487106,2
0.10301887275134805,0.03075231292426884,2
0.1323896333435709,0.02937076059222286,2
0.160454994476846,0.02806536113327509,2
0.1873044461707799,0.02684945169393392,2
0.21303830481026054,0.025733858639480627,2
0.2377656034179637,0.024727298607703164,2
0.2616023800598536,0.023836776641889868,2
0.28467034526627283,0.02306796520641926,2
0.30709589939185916,0.02242555412558633,2
0.3290094656177038,0.021913566225844623,2
0.35054510241411446,0.02153563679641071,2
0.37184035951119654,0.021295257097082052,2
0.3930363427534242,0.02119598324222767,2
0.4142779548184258,0.021241612065001574,2
0.4357142799829683,0.021436325164542545,1
0.45649908134410727,0.020784801361138954,1
0.4767840268292571,0.020284945485149822,1
0.49671901481275793,0.019934987983500844,1
-0.4910761393686153,0.0,2
-0.4903196723255833,0.0007564670430320085,2
-0.4888123841273457,0.001507288198237638,2
-0.4865655205567884,0.002246863570557263,2
-0.48359583536743406,0.0029696851893543483,2
-0.4799254525894398,0.003670382777994238,2
-0.47558168340502627,0.004343769184413541,2
-0.4705967982141051,0.004984885190921153,2
-0.4650077549160804,0.005589043298024716,2
-0.45885588496856977,0.0061518699475105795,2
-0.45218653944043785,0.006669345528131897,2
-0.44504869803335695,0.007137841407080911,2
-0.43749454486843975,0.007554153164917225,2
-0.4295790156769045,0.007915529191535242,2
-0.4213593218434204,0.008219693833484065,2
-0.41289445747171327,0.008464864371707124,2
-0.40424469621966497,0.008649761252048306,2
-0.39547108503725575,0.00877361118240923,2
-0.38663494209764054,0.008836142939615184,2
-0.3777973661158955,0.008837575981745062,2
-0.36901876389434557,0.008778602221549935,2
-0.360358402327837,0.008660361566508573,2
-0.35187399027312605,0.008484412054710944,2
-0.3436212946741286,0.008252695598997465,2
-0.33565379419027963,0.00796750048384897,2
-0.32802237235651055,0.007631421833769086,2
-0.3207750510704291,0.007247321286081461,2
-0.31395676401325373,0.006818287057175331,2
-0.3076091685182987,0.006347595494955029,0
-0.30377049344819534,0.0038386750701034033,0
-0.3024635928864262,0.0013069005617691453,0
-0.30369620144455,-0.0012326085581238085,0
-0.3074610248246827,-0.003764823380132699,0
-0.3137356543555328,-0.006274629530850114,0
-0.3224823161435747,-0.00874666178804192,0
-0.33364748708738373,-0.011165170943809016,0
-0.34716143056174753,-0.013513943474363823,0
-0.362937723137728,-0.01577629257598043,0
-0.3808728590058301,-0.01793513586810216,0
-0.40084602924437396,-0.01997317023854386,0
-0.42271917696519773,-0.02187314772082375,0
-0.44633742496816303,-0.023618248002965306,0
-0.47152995854907415,-0.025192533580911128,0
-0.49811142206572334,-0.026581463516649168,0
-0.5258838545252403,-0.027772432459516973,0
-0.5546391490270369,-0.02875529450179662,0
-0.5841619770421846,-0.029522828015147703,0
-0.6142330759981911,-0.030071098956006466,0
-0.644632762670559,-0.030399686672367927,0
-0.6751445102193004,-0.030511747548741468,0
-0.7055584167698901,-0.03041390655058966,0
-0.7356743996163521,-0.030115982846461987,0
-0.7653049704937035,-0.029630570877351433,0
-0.7942774808746309,-0.0289725103809274,0
-0.8224357673287812,-0.02815828645415028,0
-0.8496411704489375,-0.02720540312015625,0
-0.8757729417835617,-0.026131771334624215,0
-0.9007280877239321,-0.0249551459403704,0
-0.9244207249274481,-0.023692637203516012,2
-0.9447810377044276,-0.02036031277697947,0
-0.9637584279362894,-0.01897739023186187,0
-0.9813137335322126,-0.01755530559592324,0
-0.997417712981105,-0.01610397944889236,0
-1.0120495185201088,-0.01463180553900377,0
-1.0251952092590515,-0.013145690738942657,0
-1.0368463441802254,-0.011651134921173843,0
-1.0469986844137602,-0.010152340233534857,2
-1.05365102509221,-0.006652340678449813,2
-1.056803834288435,-0.00315280919622502,2
-1.0564576815704025,0.0003461527180324475,2
-1.0526124934779937,0.003845188092408764,2
-1.0452676352463297,0.0073448582316638965,2
-1.034422818916024,0.010844816330305726,2
-1.0200798382910996,0.014342980624924555,2
-1.0022451260209122,0.017834712270187434,2
-0.9809331124246167,0.02131201359629548,2
-0.9561703348400893,0.024762777584527405,2
-0.9280001963837312,0.028170138456358067,2
-0.8964882020191821,0.03151199436454906,2
-0.8617274090625221,0.03476079295666004,2
-0.8238437251548153,0.037883683907706814,2
-0.7830005825287453,0.04084314262606999,2
-0.7394024336607496,0.04359814886799557,2
-0.6932964765471603,0.04610595711358934,2
-0.6449720555417509,0.04832442100540946,2
-0.5947573170918566,0.0502147384498942,2
-0.5430129338867139,0.0517443832051427,2
-0.49012302680098885,0.05288990708572503,2
-0.43648376601391803,0.05363926078707079,2
-0.38249045558001,0.05399331043390805,2
-0.32852413059048086,0.053966324989529114,2
-0.27493877076549833,0.05358535982498253,2
-0.22205014064444245,0.05288863012105587,2
-0.17012702648887157,0.05192311415557088,2
-0.11938530835818753,0.05074171813068403,2
-0.0699849523577023,0.04940035600048522,2
-0.022029697167761098,0.047955255189941204,1
0.023431015745260173,0.04546071291302127,1
0.06639790250612565,0.042966886760865484,2
0.10791422315489788,0.041516320648772226,2
0.14806041516883334,0.04014619201393546,2
0.18694920017740885,0.038888785008575524,2
0.22472097375343952,0.03777177357603066,1
0.26053967291494845,0.035818699161508934,1
0.29458393711591646,0.03404426420096802,0
0.3260425638173399,0.031458626701423485,1
0.35610474922663427,0.030062185409294367,2
0.3859629289136425,0.0298581796870082,2
0.41581792308846177,0.029854994174819266,2
0.44587857308471596,0.030060649996254202,1
0.47536158868827283,0.0294830156035569,1
-0.4168211888078692,0.0,0
-0.41860839483568063,-0.0017872060278113922,0
-0.42217007344671803,-0.003561678611037374,0
-0.4274807824416634,-0.005310708994945365,0
-0.434502427809979,-0.007021645368315632,0
-0.4431843674748966,-0.008681939664917569,0
-0.45346358222346594,-0.010279214748569375,0
-0.46526493835351046,-0.011801356130044505,0
-0.4785015685491508,-0.013236630195640371,0
-0.4930753969274499,-0.01457382837829909,0
-0.508877830853295,-0.01580243392584504,0
-0.5257906359793749,-0.016912805126079903,0
-0.5436870022710618,-0.017896366291686883,0
-0.5624327980424659,-0.018745795771404082,0
-0.5818879970532693,-0.019455199010803365,0
-0.6019082515099289,-0.020020254456659593,0
-0.6223465725169339,-0.020438321007005003,0
-0.6430550702639108,-0.02070849774697694,0
-0.6638866999882729,-0.020831629724362064,0
-0.6846969572061998,-0.020810257217926995,0
-0.7053454671523584,-0.0206485099461585,0
-0.7256974186736211,-0.020351951521262835,0
-0.7456248014377125,-0.019927382764091384,0
-0.7650074163736296,-0.01938261493591708,0
-0.7837336416911578,-0.01872622531752824,0
-0.8017009495186287,-0.017967307827470934,0
-0.8188161801301043,-0.017115230611475525,0
-0.8349955910852834,-0.016179410955179187,0
-0.8501647068237176,-0.015169115738434104,0
-0.8642580000700659,-0.01409329324634829,0
-0.8772184398118533,-0.012960439741787387,0
-0.8889969418087104,-0.011778501996857003,0
-0.8995517569295346,-0.010554815120824243,0
-0.9088478305139445,-0.009296073584409831,0
-0.9168561628539891,-0.008008332340044657,0
-0.9235531971961046,-0.006697034342115559,0
-0.9289202577127401,-0.005367060516635502,0
-0.9329430559486172,-0.004022798235876979,1
-0.9346112804843963,-0.0016682245357792095,1
-0.9339207557590878,0.0006905247253084978,2
-0.929873202993923,0.004047552765164835,2
-0.922478914398327,0.007394288595595962,2
-0.9117575846596743,0.01072132973865265,2
-0.897739801092251,0.014017783567423215,2
-0.8804691337981924,0.01727066729405867,2
-0.8600047321736367,0.02046440162455569,2
-0.8364242915458975,0.02358044062773927,2
-0.8098272042937071,0.026597087252190316,2
-0.7803376566925915,0.029489547601115645,2
-0.7481073822094406,0.032230274483150904,2
-0.7133177433877254,0.034789638821715284,2
-0.676180799433127,0.03713694395459833,2
-0.6369390371216608,0.03924176231146631,2
-0.5958635080931465,0.04107552902851431,2
-0.5532502291332541,0.042613278959892406,2
-0.5094148574412627,0.043835371691991344,2
-0.464685833035684,0.04472902440557869,2
-0.4193963589883347,0.045289474047349315,2
-0.37387573636176685,0.04552062262656785,2
-0.3284406567814589,0.04543507958030795,2
-0.2833870641933882,0.045053592588070686,2
-0.2389831266965285,0.04440393749685972,2
-0.1954637235991052,0.043519403097423304,2
-0.1530266781909695,0.0424370454081357,2
-0.11183078412082594,0.041195894070143554,2
-0.07199551086291747,0.03983527325790846,2
-0.03360215121658612,0.03839335964633135,2
0.003303900102984314,0.036906051319570435,2
0.03871007422380316,0.03540617412081885,2
0.07263308719324621,0.03392301296944304,2
0.10511521581523825,0.03248212862199204,2
0.13622062135011173,0.031105405534873492,2
0.1660318933974169,0.02981127204730516,2
0.19464693057061966,0.02861503717320276,2
0.2221762264631721,0.02752929589255242,2
0.24874059090457393,0.02656436444140183,2
0.27446930777976214,0.025728716875188212,2
0.29949871075110446,0.02502940297134231,2
0.32397114550999917,0.024472434758894684,2
0.3480342799418479,0.024063134431848737,2
0.37184072012349906,0.023806440181651192,2
0.3955478888793991,0.023707168755900045,2
0.41931812341334945,0.023770234533950312,2
0.4433189482185593,0.024000824805209795,1
0.46672347811513337,0.023404529896574093,1
0.48970351004682544,0.022980031931692076,1
