cartPos|type=float|role=input,cartVel|type=float|role=input,action|type=int|role=output|min=0|max=2
-0.5891279887498433,0.0,2
-0.587639679149615,0.0014883096002283223,2
-0.5846740121024526,0.0029656670471624146,2
-0.5802528394791348,0.004421172623317824,2
-0.5744088041418047,0.005844035337330018,2
-0.5671851675863308,0.0072236365554739935,2
-0.5586355638429897,0.008549603743341017,2
-0.5488236677869047,0.00981189605608499,2
-0.5378227655555812,0.011000902231323512,2
-0.5257152157721565,0.012107549783424598,2
-0.5125917927940802,0.013123422978076376,2
-0.4985509071855692,0.014040885608510977,2
-0.48369770384715166,0.014853203338417536,2
-0.4681430443876383,0.015554659459513348,2
-0.45200238693300626,0.016140657454632057,2
-0.43539458308766277,0.016607803845343473,2
-0.41844061761728046,0.01695396547038232,2
-0.4012623210580077,0.01717829655927276,2
-0.3839810884160305,0.017281232641977146,2
-0.3667166380947396,0.0172644503212909,2
-0.3495858440524874,0.017130794042252206,0
-0.33470167103278864,0.01488417301969873,0
-0.322159606797611,0.012542064235177616,0
-0.31203804404098984,0.010121562756621162,0
-0.3043987853551936,0.007639258685796241,0
-0.2992875743781366,0.005111210977057048,0
-0.29673457023542044,0.002553004142716117,0
-0.2967547003819058,-2.01301464853856e-05,0
-0.29934784747610793,-0.002593147094202125,0
-0.30449884787901105,-0.00515100040290312,0
-0.31217730195458526,-0.007678454075574208,0
-0.32233721893026734,-0.01015991697568206,0
-0.33491654101843843,-0.01257932208817108,0
-0.34983661199810573,-0.014920070979667317,0
-0.3670016733971335,-0.01716506139902778,0
-0.38629848532392097,-0.01929681192678747,0
-0.40759617708820506,-0.02129769176428408,0
-0.4307464331167802,-0.023150256028575143,0
-0.45558411060714027,-0.024837677490360092,0
-0.48192836579700093,-0.026344255189860662,0
-0.5095843356747759,-0.02765596987777495,0
-0.5383453828890953,-0.02876104721431941,0
-0.5679958666220748,-0.0296504837329795,0
-0.5983143558002852,-0.030318489178210506,0
-0.629077158656528,-0.030762802856242773,0
-0.6600620097969195,-0.03098485114039151,0
-0.6910517370939907,-0.030989727297071192,0
-0.7218377285942269,-0.030785991500236212,0
-0.7522230344713882,-0.03038530587716125,0
-0.782024968685293,-0.029801934213904882,0
-0.8110771152215066,-0.029052146536213626,0
-0.8392306892273995,-0.02815357400589293,0
-0.8663552484996604,-0.027124559272260887,0
-0.8923387908469153,-0.025983542347254904,0
-0.9170873044676634,-0.024748513620748175,0
-0.9405238599241998,-0.023436555456536435,0
-0.9625873434088527,-0.022063483484652768,0
-0.9832309328837618,-0.020643589474909185,0
-1.0024204132122152,-0.019189480328453308,0
-1.0201324158033391,-0.017712002591123887,0
-1.0363526547354789,-0.016220238932139794,0
-1.0510742166834275,-0.014721561947948525,2
-1.0622959477004925,-0.011221731017064954,2
-1.0700202428468615,-0.007724295146368883,2
-1.0742503955510105,-0.004230152704149082,2
-1.0749887771212718,-0.0007383815702612139,2
-1.0722358426221763,0.0027529344990955833,2
-1.0659899576129888,0.006245885009187573,2
-1.0562480445401663,0.009741913072822463,2
-1.0430070529143187,0.013240991625847506,2
-1.0262662588389728,0.01674079407534595,2
-1.0060303919830236,0.02023586685594922,2
-0.9823135666745471,0.023716825308476568,2
-0.9551439537413718,0.02716961293317521,2
-0.9245690674589887,0.030574886282383144,2
-0.8906614563912438,0.033907611067744904,2
-0.8535244812674866,0.0371369751237572,2
-0.8132977469832345,0.04022673428425202,2
-0.7701616469697383,0.04313610001349618,2
-0.7243404021306027,0.04582124483913563,2
-0.6761029639246281,0.04823743820597455,2
-0.6257612310599678,0.05034173286466029,2
-0.5736652192892655,0.05209601177070232,2
-0.520195119462805,0.05347009982646059,2
-0.4657505466137649,0.05444457284904004,2
-0.4107376609355882,0.0550128856781767,2
-0.35555515325461895,0.0551825076809693,2
-0.3005802621103953,0.05497489114422366,2
-0.24615598452201815,0.05442427758837713,2
-0.19258045876379565,0.053575525758222504,2
-0.1400991787434803,0.052481280020315345,2
-0.08890031766413768,0.051198861079342614,2
-0.039113070608846195,0.049787247055291486,2
0.009191367321782051,0.04830443793062825,2
0.05599675560606671,0.04680538828428466,2
0.1013373369212012,0.045340581315134486,2
0.14529256030281437,0.04395522338161318,2
0.18798153411144963,0.04268897380863526,2
0.22955762490372902,0.04157609079227939,1
0.26920349044561326,0.03964586554188424,2
0.30812128806798794,0.03891779762237466,2
0.34653322943578524,0.03841194136779728,2
0.3846787571856856,0.0381455277499004,1
0.4218122850347671,0.037133527849081485,0
0.4571942227919072,0.03538193775714009,0
0.4910814140431712,0.03388719125126398,0
-0.4069218125515359,0.0,0
-0.40877912961080437,-0.0018573170592684283,0
-0.41248066528899174,-0.0037015356781873532,0
-0.4180002373135463,-0.00551957202455456,0
-0.4252986174254795,-0.0072983801119331955,0
-0.43432360909363743,-0.00902499166815797,0
-0.4450101884804071,-0.010686579386769628,0
-0.4572807369448509,-0.012270548464443812,0
-0.4710453958751218,-0.013764658930270894,0
-0.48620257430074676,-0.015157178425624971,0
-0.5026396362572902,-0.016437061956543497,0
-0.520233788200092,-0.017594151942801804,0
-0.5388531771197326,-0.01861938891964052,0
-0.5583581979573423,-0.019505020837609743,0
-0.5786029953360267,-0.020244797378684322,0
-0.599437130669067,-0.0208341353330404,0
-0.6207073726904582,-0.021270242021391127,0
-0.6422595586998712,-0.021552186009412985,0
-0.6639404664749095,-0.021680907775038238,0
-0.6855996336970853,-0.02165916722217582,0
-0.707091063225864,-0.021491429528778742,0
-0.7282747584876744,-0.02118369526181039,0
-0.7490180429891994,-0.02074328450152496,0
-0.7691966304980901,-0.020178587508890653,0
-0.7886954265125313,-0.019498796014441284,0
-0.8074090559659411,-0.018713629453409802,0
-0.8252421255024008,-0.017833069536459717,0
-0.8421092401744988,-0.01686711467209801,0
-0.8579348034394776,-0.01582556326497875,0
-0.8726526355800297,-0.014717832140552162,0
-0.8862054491765857,-0.013552813596556034,0
-0.8985442212732021,-0.012338772096616386,0
-0.9096275008338587,-0.011083279560656587,0
-0.9194206874831451,-0.009793186649286448,2
-0.9258953138757486,-0.006474626392603504,2
-0.9290336566403234,-0.003138342764574799,2
-0.9288274417710637,0.00020621486925976934,2
-0.9252772065666369,0.0035502352044267604,2
-0.9183923417617816,0.006884864804855277,2
-0.9081918123267931,0.010200529434988498,2
-0.894705530047445,0.013486282279348156,2
-0.8779763224202213,0.01672920762722372,2
-0.858062408143229,0.01991391427699227,2
-0.8350402482326934,0.02302215991053555,2
-0.8090075940185807,0.02603265421411273,2
-0.7800865018768018,0.02892109214177889,2
-0.7484260353632751,0.03166046651352673,2
-0.7142043372139228,0.034221698149352255,2
-0.6776297374991921,0.03657459971473078,2
-0.6389405816125274,0.03868915588666461,2
-0.5984035219883043,0.04053705962422321,2
-0.5563101240448722,0.042093397943432025,2
-0.5129717845732759,0.043338339471596384,2
-0.4687131340335084,0.04425865053976744,2
-0.42386426825762114,0.04484886577588725,2
-0.3787523005030614,0.045111967754559695,2
-0.33369281443668697,0.04505948606637447,2
-0.2889818146530458,0.044710999783641195,2
-0.24488871042182198,0.04409310423122382,2
-0.2016507426909429,0.043237967730879075,2
-0.1594690981289496,0.04218164456199329,2
-0.11850677675627763,0.040962321372671966,2
-0.07888811913387676,0.03961865762240087,2
-0.04069977516295477,0.038188343970921995,2
-0.003992819025568264,0.036706956137386504,2
0.031214316463966142,0.03520713548953441,2
0.06493240519836796,0.033718088734401824,2
0.09719777657724551,0.03226537137887756,2
0.12806868034818075,0.030870903770935237,2
0.15762184332144485,0.029553162973264106,2
0.18594933911895323,0.02832749579750838,2
0.21315584428701545,0.02720650516806222,2
0.23935631537729835,0.026200471090282895,2
0.2646740923827282,0.025317777005429865,2
0.28923941340822384,0.024565321025495645,2
0.31318831222839544,0.023948898820171604,2
0.33666186277830074,0.023473550549905308,2
0.3598057310142659,0.023143868235965155,2
0.3827699935121215,0.022964262497855582,2
0.40570918239592507,0.02293918888380358,1
0.4277825166710123,0.022073334275087248,1
0.4491470844382517,0.021364567767239398,2
0.4709578957146459,0.021810811276394226,1
0.492375539397259,0.02141764368261308,1
-0.47346181088317935,0.0,2
-0.4728364218834145,0.0006253889997648195,2
-0.4715902806826159,0.0012461412007986315,2
-0.4697326225035517,0.0018576581790642167,2
-0.46727720443704823,0.0024554180665034555,0
-0.46624219111045256,0.0010350133265956576,0
-0.4666352325406499,-0.0003930414301973372,0
-0.4684534241518406,-0.0018181916111906784,0
-0.47168332188144474,-0.0032298977296041547,0
-0.47630101328516505,-0.004617691403720302,0
-0.48227224875498154,-0.005971235469816507,0
-0.48955263975188307,-0.007280390996901533,0
-0.4980879330267233,-0.00853529327484018,0
-0.5078143708970225,-0.009726437870299247,0
-0.5186591475652975,-0.010844776668275033,0
-0.5305409700879112,-0.011881822522613697,0
-0.5433707299157126,-0.012829759827801364,0
-0.5570522870271905,-0.013681557111477933,0
-0.5714833637804994,-0.01443107675330893,0
-0.5865565400556941,-0.01507317627519476,0
-0.6021603354692509,-0.01560379541355672,0
-0.6181803589037418,-0.016020023434490896,0
-0.6345005008013862,-0.016320141897644365,0
-0.651004140073336,-0.01650363927194972,0
-0.6675753354340015,-0.016571195360665522,0
-0.6840999707002232,-0.016524635266221742,0
-0.7004668251524868,-0.01636685445226355,0
-0.71656854332312,-0.016101718170633255,0
-0.7323024832841386,-0.015733939961018625,0
-0.7475714282666646,-0.015268944982526012,0
-0.7622841527967259,-0.014712724530061366,0
-0.7763558410049474,-0.014071688208221508,0
-0.7897083609206978,-0.013352519915750437,0
-0.8022704040296906,-0.012562043108992735,0
-0.813977503893169,-0.011707099863478447,0
-0.8247719510423929,-0.010794447149223858,0
-0.8346026236261002,-0.009830672583707253,0
-0.8434247544436768,-0.008822130817576601,0
-0.8511996551541319,-0.007774900710455005,0
-0.8578944177653617,-0.006694762611229772,0
-0.8634816121537551,-0.005587194388393427,2
-0.8659389965140403,-0.0024573843602851814,2
-0.8652569774552972,0.0006820190587430832,2
-0.8614382058791074,0.0038187715761897677,2
-0.8544976897022445,0.006940516176862904,2
-0.8444634169953656,0.01003427270687879,2
-0.8313774530933405,0.013085963902025054,2
-0.8152974436292045,0.01608000946413604,2
-0.796298421572517,0.018999022056687524,2
-0.7744747806047072,0.0218236409678098,2
-0.7499422414036682,0.024532539201038994,2
-0.7228396052225141,0.027102636181154063,2
-0.693330065792466,0.029509539430048085,2
-0.6616018425041233,0.03172822328834273,2
-0.627867911625686,0.03373393087843729,2
-0.5923646531979304,0.03550325842775554,2
-0.5553493011456611,0.037015352052269336,2
-0.5170961800736763,0.03825312107198471,2
-0.47789182537495134,0.03920435469872497,2
-0.4380291995774516,0.039862625797499704,2
-0.3978013200624802,0.04022787951497142,2
-0.35749468453290956,0.04030663552957066,2
-0.3173829083455693,0.040111776187340256,2
-0.2777209670125489,0.03966194133302042,2
-0.23874037164042075,0.038980595372128134,2
-0.2006455065038738,0.038094865136546946,2
-0.16361124293452184,0.037034263569351966,2
-0.1277818298092711,0.03582941312525072,2
-0.09327096301012233,0.034510866799148776,2
-0.06016286403762434,0.033108098972497994,2
-0.028514155322429756,0.03164870871519458,2
0.0016436947082711442,0.0301578500307009,2
0.03030157513339876,0.028657880425127617,2
0.05746977803350363,0.02716820290010487,2
0.0831750452088672,0.025705267175363578,2
0.10745773789475754,0.024282692685890336,2
0.13036921505063964,0.022911477155882105,2
0.15196947375973807,0.021600258709098444,2
0.17232507886713502,0.020355605107396955,2
0.1915073885937308,0.01918230972659576,2
0.20959106814663,0.01808367955289922,2
0.22665287354889802,0.017061805402267996,2
0.24277068210833122,0.016117808559433202,2
0.25802274320453716,0.015252061096205924,2
0.27248712255436625,0.014464379349829073,2
0.2862413141106913,0.013754191556325072,2
0.2993619956982023,0.013120681587511026,2
0.31192490696933173,0.01256291127112938,2
0.32400483096919763,0.012079923999865927,2
0.3356756633220099,0.01167083235281223,2
0.3470105556579817,0.011334892335971848,2
0.3580821223088616,0.011071566650879898,2
0.36896270146897064,0.010880579160109018,2
0.37972466392905485,0.010761962460084205,2
0.39044076413878137,0.010716100209726503,2
0.4011845297433864,0.01074376560460507,2
0.4120306868743272,0.010846157130940783,2
0.4230556193517055,0.011024932477378294,2
0.4343378605676098,0.011282241215904307,2
0.44595861714092705,0.011620756573317258,2
0.4580023234242676,0.012043706283340564,2
0.47055722553793017,0.012554902113662555,2
0.4837159927104349,0.013158767172504747,2
0.49757635218941265,0.013860359478977763,2
-0.5419965312304583,0.0,2
-0.5408586181088254,0.0011379131216329489,2
-0.5385913140052344,0.002267304103591035,2
-0.5352116037718735,0.003379710233360942,2
-0.5307448149445438,0.004466788827329594,2
-0.5252244349273593,0.005520380017184541,2
-0.5186918625135394,0.006532572413819842,2
-0.5111960906187085,0.007495771894830834,2
-0.5027933173992538,0.008402773219454663,2
-0.49354648381854643,0.00924683358070736,2
-0.4835247372091248,0.01002174660942162,2
-0.4728028224051796,0.010721914803945205,2
-0.46146040447793857,0.011342417927241059,2
-0.4495813298384588,0.011879074639479802,2
-0.437252835280954,0.012328494557504767,2
-0.4245647172055627,0.012688118075391266,2
-0.41160847556003743,0.012956241645525304,2
-0.39847644877164023,0.013132026788397196,2
-0.3852609569396137,0.013215491832026503,2
-0.3720534707179183,0.01320748622169545,2
-0.35894382259871566,0.013109648119202623,0
-0.34801947574261316,0.010924346856102479,0
-0.3393519191192981,0.008667556623315111,0
-0.3329969166604273,0.006355002458870784,0
-0.32899479241445423,0.004002124245973074,0
-0.32737068942058367,0.001624102993870541,0
-0.3281347545230656,-0.0007640651024819565,0
-0.33128221819268266,-0.003147463669617032,0
-0.336793356627164,-0.005511138434481316,0
-0.3446333421308673,-0.007839985503703337,0
-0.35475200625836134,-0.010118664127494029,0
-0.36708355764616624,-0.012331551387804878,0
-0.381546311929058,-0.014462754282891763,0
-0.3980425035454055,-0.016496191616347484,0
-0.4164582573229924,-0.018415753777586894,0
-0.436663800181855,-0.02020554285886264,0
-0.45851398889368417,-0.021850188711829147,0
-0.4818492177757343,-0.023335228882050117,0
-0.5064967503146904,-0.024647532538956074,0
-0.5322724917783161,-0.025775741463625684,0
-0.5589831877115615,-0.02671069593324541,0
-0.5864289986851986,-0.027445810973637103,0
-0.6144063683807274,-0.027977369695528758,0
-0.6427110739391889,-0.028304705558461506,0
-0.6711413280087867,-0.02843025406959779,0
-0.6995007936555983,-0.028359465646811563,0
-0.7276013773520202,-0.02810058369642204,0
-0.7552656810536859,-0.027664303701665633,0
-0.7823290197810048,-0.02706333872731897,0
-0.8086409428496242,-0.026311923068619396,0
-0.8340662311110204,-0.02542528826139626,0
-0.8584853755355777,-0.024419144424557337,0
-0.8817945711087413,-0.023309195573163532,0
-0.9039052822268216,-0.022110711118080384,0
-0.9247434505989525,-0.02083816837213078,0
-0.9442484241371655,-0.01950497353821299,0
-0.9623716862915482,-0.018123262154382775,0
-0.9790754611009911,-0.016703774809442885,0
-0.9943312614242671,-0.015255800323275996,2
-1.0061184378978323,-0.01178717647356527,2
-1.0144245746590728,-0.008306136761240528,2
-1.0192427849546633,-0.004818210295590538,2
-1.0205697816244843,-0.0013269966698210233,2
-1.018404750732145,0.0021650308923393973,2
-1.012749040577581,0.00565571015456395,2
-1.0036066689187748,0.00914237165880625,2
-0.9909856436691133,0.012621025249661508,2
-0.974900081766239,0.016085561902874367,2
-0.9553730926017951,0.019526989164443797,2
-0.9324403620722104,0.022932730529584815,2
-0.9061543276516136,0.026286034420596776,2
-0.8765887724442569,0.02956555520735667,2
-0.843843588544864,0.032745183899392946,2
-0.8080493732387707,0.035794215306093245,2
-0.7693714371634198,0.0386779360753509,2
-0.7280127388258649,0.041358698337554886,2
-0.6842152363544951,0.04379750247136981,2
-0.6382591869391324,0.045956049415362715,2
-0.5904600431081302,0.0477991438310022,2
-0.5411627956214929,0.0492972474866372,2
-0.4907338789333195,0.050428916688173446,2
-0.4395510498181916,0.05118282911512787,2
-0.3879919205546212,0.05155912926357043,2
-0.33642201977165964,0.051569900782961545,2
-0.2851833242447338,0.05123869552692585,2
-0.23458413726052452,0.0505991869842093,2
-0.18489099887183544,0.04969313838868908,2
-0.13632304225081865,0.048567956621016775,2
-0.08904891375761267,0.047274128493205975,2
-0.04318610532956892,0.04586280842804375,2
0.001197655462670498,0.04438376079223942,2
0.04408143239165189,0.04288377692898139,2
0.08548703817254345,0.041405605780891565,2
0.12547440969473347,0.03998737152219003,2
0.16413681774201594,0.03866240804728246,2
0.20159623610250607,0.037459418360490125,2
0.2379990988280631,0.036402862725557046,2
0.2735125859251217,0.03551348709705857,2
0.30832150319890983,0.03480891727378814,2
0.3426257631342579,0.03430425993534807,2
0.37663842936612624,0.034012666231868306,0
0.40858425454580555,0.03194582517967931,0
0.4386844855426223,0.030100230996816774,0
0.467154725076447,0.028470239533824698,1
0.4952036543849146,0.028048929308467575,1
-0.579503148582773,0.0,2
-0.5780858285989942,0.001417319983778778,2
-0.5752616731249505,0.0028241554740436525,2
-0.571051595332357,0.004210077792593368,2
-0.5654868222687253,0.005564773063631825,2
-0.5586087150450665,0.006878107223658834,2
-0.5504685157641578,0.008140199280908707,2
-0.5411270116054167,0.00934150415874109,2
-0.5306541062535318,0.0104729053518848,2
-0.5191282898726225,0.011525816380909297,2
-0.5066360011295478,0.01249228874307478,2
-0.49327087829314187,0.013365122836405877,2
-0.4791329009972515,0.014137977295890409,2
-0.46432742955684264,0.014805471440408852,2
-0.4489641543729205,0.01536327518392215,2
-0.43315597349170804,0.01580818088121245,2
-0.4170178213112863,0.016138152180421767,2
-0.4006654752972138,0.0163523460140725,2
-0.3842143699996966,0.016451105297517192,2
-0.36777844840553897,0.016435921594157618,2
-0.3514690796106625,0.016309368794876485,0
-0.33739406903229363,0.014075010578368827,0
-0.3256440871889562,0.011749981843337406,0
-0.316293024521617,0.009351062667339198,0
-0.30939844811122685,0.0068945764103901476,0
-0.30500207084074515,0.004396377270481701,0
-0.3031301576992834,0.0018719131414617297,0
-0.3037938117058651,-0.0006636540065816745,0
-0.3069891020024955,-0.0031952902966303777,0
-0.31269701800690014,-0.005707916004404614,0
-0.3208832553469751,-0.008186237340074972,0
-0.3314978609600465,-0.010614605613071431,0
-0.3444747855270115,-0.012976924566964958,0
-0.35973141043106593,-0.015256624904054448,0
-0.3771681324978461,-0.017436722066780132,0
-0.3966681013901309,-0.019499968892284836,0
-0.41809720997341293,-0.021429108583282005,0
-0.4413044355074397,-0.023207225534026737,0
-0.4661226177463048,-0.02481818223886509,0
-0.4923697382711279,-0.026247120524823104,0
-0.5198507340939335,-0.027480995822805502,0
-0.5483598396356928,-0.028509105541759304,0
-0.5776834079392682,-0.029323568303575458,0
-0.6076031189711111,-0.029919711031842867,0
-0.6378994452365837,-0.03029632626547262,0
-0.6683552175858343,-0.030455772349250537,0
-0.6987591207787394,-0.030403903192905125,0
-0.7289089509760462,-0.030149830197306916,0
-0.7586144854197909,-0.029705534443744637,0
-0.7876998455556344,-0.029085360135843473,0
-0.8160052744656475,-0.02830542891001308,0
-0.8433882926234249,-0.027383018157777283,0
-0.8697242376401286,-0.026335945016703752,0
-0.8949062296951571,-0.02518199205502848,0
-0.9188446319635529,-0.023938402268395855,0
-0.9414660933217424,-0.02262146135818945,0
-0.9627122690869458,-0.021246175765203542,0
-0.9825383157332632,-0.019826046646317364,0
-1.0009112492716632,-0.01837293353840006,0
-1.0178082463517075,-0.016896997080044364,0
-1.0332149541151825,-0.015406707763474865,0
-1.0471238610776379,-0.013908906962455302,2
-1.0575327681011832,-0.01040890702354543,2
-1.0644428767164318,-0.006910108615248479,2
-1.0678563303495592,-0.003413453633127443,2
-1.0677745837790362,8.174657052301875e-05,2
-1.0641975991065697,0.003576984672466521,2
-1.0571238649977734,0.007073734108796217,2
-1.046551239288753,0.010572625709020346,2
-1.0324786182790708,0.014072621009682144,2
-1.0149084341519878,0.017570184127083107,2
-0.9938499699609578,0.021058464191030087,2
-0.96932345458837,0.024526515372587723,2
-0.941364853694722,0.027958600893647968,2
-0.9100312041440507,0.031333649550671354,2
-0.8754062489413548,0.034624955202695935,2
-0.8376060224902745,0.037800226451080325,2
-0.7967839239201617,0.04082209857011278,2
-0.7531347191685072,0.043649204751654604,2
-0.7068968572650909,0.04623786190341627,2
-0.6583525026934811,0.04854435457160982,2
-0.6078247991147642,0.05052770357871696,2
-0.5556721008241057,0.05215269829065855,2
-0.502279223602398,0.053392877221707734,2
-0.4480461340278327,0.05423308957456523,2
-0.3933748499282731,0.05467128409955963,2
-0.3386555899835453,0.054719259944727844,2
-0.2842533261209095,0.054402263862635795,2
-0.23049583005115407,0.05375749606975542,2
-0.1776640797796879,0.05283175027146616,2
-0.12598555584185733,0.05167852393783058,2
-0.0756305834295431,0.05035497241231424,2
-0.026711536771076537,0.04891904665846656,2
0.02071553253756584,0.04742706930864238,2
0.06664742804209078,0.045931895504524936,2
0.11112912844015851,0.044481700398067724,2
0.15424848068969924,0.04311935224954072,2
0.19613075721855738,0.04188227652885816,2
0.23693344854192178,0.04080269132336438,2
0.27684154001315286,0.03990809147123108,2
0.3160634101503033,0.039221870137150436,2
0.35482739471073244,0.03876398456042915,1
0.39237898645529545,0.037551591744563045,1
0.42897165208957144,0.03659266563427602,0
0.46386410829935,0.03489245620977852,0
0.49731094856143465,0.03344684026208468,0
-0.4653847303884485,0.0,0
-0.46681911970822215,-0.0014343893197736575,0
-0.4696773000797793,-0.002858180371557167,0
-0.4739381300707136,-0.004260829990934307,0
-0.47957003862050346,-0.005631908549789828,0
-0.4865312033359965,-0.006961164715493033,0
-0.4947698022235764,-0.00823859888757994,0
-0.5042243489618152,-0.009454546738238815,0
-0.5148241220974853,-0.010599773135670055,0
-0.5264896975341697,-0.01166557543668448,0
-0.5391335913281418,-0.012643893793972039,0
-0.5526610161760894,-0.013527424847947628,0
-0.5669707502614311,-0.014309734085341693,0
-0.5819561116278756,-0.014985361366444558,0
-0.5975060253807749,-0.015549913752899224,0
-0.6135061652597114,-0.016000139878936448,0
-0.6298401459862711,-0.016333980726559783,0
-0.6463907387477515,-0.01655059276148039,0
-0.6630410796266611,-0.016650340878909625,0
-0.6796758399930836,-0.016634760366422398,0
-0.6961823289453329,-0.016506488952249324,0
-0.7124515007422264,-0.01626917179689351,0
-0.7283788445823323,-0.015927343840105905,0
-0.7438651396841888,-0.01548629510185652,0
-0.7588170649539712,-0.014951925269782356,0
-0.7731476591096802,-0.014330594155709052,0
-0.786776633501998,-0.013628974392317854,0
-0.7996305456363132,-0.01285391213431521,0
-0.8116428462598702,-0.012012300623556916,0
-0.8227538166459027,-0.011110970386032636,0
-0.8329104153071339,-0.010156598661231194,0
-0.8420660548259608,-0.009155639518826815,0
-0.850180329896043,-0.008114275070082212,0
-0.8572187171788876,-0.007038387282844621,0
-0.8631522663642519,-0.005933549185364277,2
-0.865957300063402,-0.002805033699150078,2
-0.8656228593238428,0.0003344407395592724,2
-0.8621502428282395,0.0034726164956032095,2
-0.8555530622195684,0.006597180608671142,2
-0.8458578104019951,0.00969525181757321,2
-0.8331049097567625,0.012752900645232608,2
-0.8173501758314569,0.01575473392530568,2
-0.7986665984363845,0.018683577395072346,2
-0.7771463064612664,0.021520291975118167,2
-0.7529025467934216,0.024243759667844787,2
-0.7260714748659822,0.026831071927439422,2
-0.6968135296835307,0.02925794518245145,2
-0.6653141560251471,0.03149937365838364,2
-0.6317836475724959,0.03353050845265111,2
-0.5964559224057041,0.035327725166791876,2
-0.5595861090558439,0.036869813349860184,2
-0.5214469147257255,0.03813919433011851,2
-0.4823238592400542,0.03912305548567126,2
-0.4425095751701978,0.039814284069856445,2
-0.40229747934282345,0.04021209582737435,2
-0.3619751964572083,0.04032228288561515,2
-0.3218181485720697,0.04015704788513863,2
-0.2820837087892275,0.03973443978284221,2
-0.2430062563985738,0.039077452390653716,2
-0.20479337499926023,0.03821288139931355,2
-0.16762332093025328,0.03717005406900695,2
-0.1316437744015933,0.03597954652865998,2
-0.09697178534688239,0.034671989054710924,2
-0.06369475060719045,0.033277034739691944,2
-0.031872213085832185,0.03182253752135826,2
-0.001538256091574465,0.03033395699425772,2
0.0272957275227438,0.028833983614318263,2
0.05463808834270823,0.027342360819964433,2
0.08051395889165697,0.02587587054894873,2
0.10496240366000398,0.02444844476834701,2
0.1280337701364449,0.02307136647644093,2
0.149787297689252,0.02175352755280711,2
0.17028901405822355,0.02050171636897156,2
0.18960992815372285,0.019320914095499294,2
0.20782451253828355,0.01821458438456071,2
0.22500945866451957,0.01718494612623602,2
0.24124268174391583,0.016233223079396262,2
0.2566025490869618,0.015359867343045962,2
0.27116730503038555,0.014564755943423796,2
0.2850146664284264,0.013847361398040815,2
0.2982215645551607,0.013206898126734291,2
0.3108640117062207,0.01264244715106001,2
0.32301707348413305,0.012153061777912347,2
0.33475493048379423,0.011737856999661175,2
0.34615101572130014,0.011396085237505927,2
0.3572782165846623,0.011127200863362184,2
0.3682091322825054,0.01093091569784313,2
0.3790163797062447,0.010807247423739261,2
0.3897729422975119,0.010756562591267234,2
0.4005525579280516,0.010779615630539675,2
0.4114301429571725,0.010877585029120885,2
0.42248225053109106,0.011052107573918564,2
0.43378756181932193,0.011305311288230882,2
0.4454274092226954,0.011639847403373458,2
0.45748633059487814,0.012058921372182722,2
0.47005265313067807,0.012566322535799906,2
0.4832191046969123,0.013166451566234277,2
0.49708344888554873,0.013864344188636427,2
-0.5214846519887264,0.0,2
-0.5205005078094959,0.000984144179230535,2
-0.5185396003040955,0.0019609075054003097,2
-0.5156166351566461,0.002922965147449406,2
-0.5117535303411638,0.0038631048154823787,2
-0.5069792461687408,0.004774284172422961,2
-0.5013295568307876,0.005649689337953171,2
-0.49484676241959047,0.0064827944111971614,2
-0.4875793408092161,0.007267421610374348,2
-0.4795815395360751,0.007997801273141038,2
-0.47091290892293286,0.008668630613142202,2
-0.4616377791023493,0.00927512982058356,2
-0.45182468524197317,0.009813093860376163,2
-0.44154574705270516,0.010278938189267983,2
-0.4308760104480401,0.010669736604665081,2
-0.41989276088418515,0.010983249563854946,2
-0.40867481931164495,0.011217941572540219,2
-0.3973018326886879,0.011372986622957056,2
-0.38585357154904437,0.011448261139643546,2
-0.37440924711821616,0.011444324430828214,0
-0.3650468599132992,0.009362387204916923,0
-0.35782927645811147,0.0072175834551877335,0
-0.3528043474759341,0.005024928982177367,0
-0.35000505813581123,0.0027992893401228396,0
-0.3494496635086909,0.0005553946271203425,0
-0.3511417751142131,-0.0016921116055221754,0
-0.3550703790396931,-0.003928603925479983,0
-0.36120978171647933,-0.006139402676786264,0
-0.3695194952375477,-0.008309713521068355,0
-0.37994408930049606,-0.010424594062948378,0
-0.39241305062616044,-0.012468961325664406,0
-0.40684070211717266,-0.014427651491012227,0
-0.4231262420825889,-0.016285539965416276,0
-0.44115396753500535,-0.01802772545241641,0
-0.46079374392207456,-0.019639776387069183,0
-0.4819017759967299,-0.021108032074655336,0
-0.5043217206255619,-0.022419944628831966,0
-0.5278861625913848,-0.023564441965822875,0
-0.552418450041358,-0.02453228744997322,0
-0.5777348591220718,-0.025316409080713795,0
-0.6036470301203131,-0.02591217099824131,0
-0.6299645930228418,-0.026317562902528787,0
-0.6564978816695148,-0.02653328864667305,0
-0.6830606249090642,-0.026562743239549286,0
-0.7094725017396806,-0.026411876830616444,0
-0.735561455499927,-0.026088953760246482,0
-0.7611656787201749,-0.025604223220247965,0
-0.786135203174494,-0.02496952445431914,0
-0.8103330562566967,-0.024197853082202726,0
-0.8336359721163783,-0.023302915859681635,0
-0.8559346713562593,-0.022298699239881002,0
-0.8771337444298424,-0.021199073073583045,0
-0.8971511898918711,-0.02001744546202878,0
-0.9159176688615634,-0.018766478969692333,0
-0.9333755416906877,-0.017457872829124223,0
-0.9494777526422783,-0.01610221095159061,0
-0.9641866244480949,-0.014708871805816572,0
-0.9774726180977752,-0.013285993649680305,2
-0.9873131052400491,-0.009840487142273938,2
-0.9936938281412139,-0.0063807229011647575,2
-0.9966066867527633,-0.0029128586115494902,2
-0.9960482837852237,0.0005584029675396091,2
-0.9920192558954177,0.004029027889805949,2
-0.9845244021106481,0.007494853784769647,2
-0.9735736074411881,0.0109507946694599,2
-0.959183545724075,0.014390061717113113,2
-0.941380126600028,0.01780341912404702,2
-0.9202016230610105,0.02117850353901748,2
-0.8957023750391858,0.024499248021824675,2
-0.8679569095170104,0.027745465522175366,2
-0.8370642497571161,0.03089265975989426,2
-0.8031521103917862,0.03391213936532992,2
-0.7663806008903574,0.03677150950142884,2
-0.7269450018544783,0.03943559903587911,2
-0.6850771549119794,0.041867846942498906,2
-0.6410450365550164,0.044032118356962996,2
-0.5951501835569204,0.04589485299809604,2
-0.547722806557718,0.04742737699920235,2
-0.49911465722860604,0.04860814932911197,2
-0.4496899737094271,0.04942468351917893,2
-0.3998150754200393,0.049874898289387785,2
-0.34984736405439515,0.04996771136564414,2
-0.3001245731777646,0.04972279087663055,2
-0.2509550752518876,0.049169497925877007,2
-0.202609909374036,0.0483451658778516,2
-0.15531696690794636,0.04729294246608964,2
-0.10925751133186261,0.04605945557608375,2
-0.06456496023282407,0.044692551099038545,2
-0.021325658439774464,0.043239301793049606,2
0.020418757925113863,0.04174441636488833,2
0.060667863237366206,0.04024910531225234,2
0.09945826100846819,0.038790397771101985,2
0.13685912000034245,0.037400858991874265,2
0.1729677526699948,0.03610863266965237,2
0.20790547632226086,0.034937723652266064,2
0.24181391631163382,0.033908439989372964,2
0.274851840277086,0.033037923965452166,2
0.3071925557681074,0.03234071549102142,2
0.3390218607377598,0.0318293049696524,2
0.37053650536916516,0.03151464463140535,2
0.40194310175070797,0.03140659638154281,1
0.432457401911445,0.03051430016073704,0
0.46129662723516923,0.028839225323724224,1
0.4896713022786401,0.028374675043470864,1
-0.46603078654230534,0.0,0
-0.4674604033327746,-0.0014296167904692754,0
-0.4703090703744879,-0.0028486670417132796,0
-0.4745557098978758,-0.004246639523387955,0
-0.48016884680550986,-0.005613136907634043,0
-0.4871067874089006,-0.006937940603390772,0
-0.49531787155622825,-0.008211084147327635,0
-0.5047408081079047,-0.009422936551676468,0
-0.5153051039816666,-0.010564295873761915,0
-0.5269315959748507,-0.01162649199318407,0
-0.5395330922316829,-0.012601496256832188,0
-0.5530151266233869,-0.013482034391703993,0
-0.5672768246352445,-0.014261698011857624,0
-0.582211873912139,-0.014935049276894508,0
-0.5977095868085905,-0.015497712896451573,0
-0.6136560365964498,-0.01594644978785934,0
-0.6299352439038016,-0.016279207307351794,0
-0.646430385964921,-0.01649514206111938,0
-0.6630249987441813,-0.01659461277926028,0
-0.6796041412188316,-0.016579142474650355,0
-0.6960554921680734,-0.016451350949241737,0
-0.7122703526480301,-0.016214860479956697,0
-0.7281445317015569,-0.01587417905352685,0
-0.7435790983954506,-0.015434566693893611,0
-0.7584809895483616,-0.01490189115291105,0
-0.7727634690326851,-0.01428247948432353,0
-0.7863464408465732,-0.013582971813888067,0
-0.7991566238669948,-0.012810183020421601,0
-0.8111276010160189,-0.011970977149024049,0
-0.8221997593147851,-0.011072158298766222,0
-0.8323201398869096,-0.010120380572124452,0
-0.8414422184258198,-0.009122078538910255,0
-0.8495256370546808,-0.00808341862886093,0
-0.8565359080297258,-0.007010270975045047,0
-0.8624441085403425,-0.005908200510616673,2
-0.8652265841185617,-0.0027824755782191986,2
-0.8648724255217684,0.0003541585967932778,2
-0.8613830130453256,0.003489412476442693,2
-0.854772074924375,0.0066109381209506195,2
-0.8450662564836724,0.009705818440702597,2
-0.8323061667669013,0.012760089716771068,2
-0.8165478379925036,0.015758328774397666,2
-0.7978644995908339,0.01868333840166967,2
-0.7763485330467172,0.021515966544116732,2
-0.7521134380037968,0.02423509504292048,2
-0.7252956074810102,0.026817830522786676,2
-0.6960556856912478,0.029239921789762393,2
-0.6645792721707349,0.03147641352051289,2
-0.6310767473330441,0.03350252483769074,2
-0.5957820325325665,0.035294714800477626,2
-0.5589501645796445,0.036831867952921885,2
-0.5208536579477575,0.038096506631886976,2
-0.4817777394655295,0.039075918482228036,2
-0.442014656520981,0.03976308294454848,2
-0.40185736375108466,0.04015729276989631,2
-0.36159296785431017,0.040264395896774524,2
-0.32149634247463954,0.040096625379670604,2
-0.2818243092109973,0.039672033263642194,2
-0.24281071962752312,0.039013589583474194,2
-0.20466267762325951,0.0381480420042636,2
-0.16755802784809995,0.037104649775159565,2
-0.13164412157744496,0.035913906270655,2
-0.09703777177893197,0.03460634979851298,2
-0.06382623429722639,0.033211537481705584,2
-0.03206900655406687,0.03175722774315952,2
-0.0018002179937871288,0.030268788560279744,2
0.026968607025233283,0.02876882501902041,2
0.054245609771866946,0.027277002746633663,2
0.08005564361874595,0.025810033846879014,2
0.10443743176208585,0.0243817881433399,2
0.12744092514721092,0.023003493385125064,2
0.1491249171168618,0.02168399196965087,2
0.1695549443594767,0.02043002724261493,2
0.18880148278295145,0.019246538423474742,2
0.20693843169680887,0.01813694891385742,2
0.22404186943290055,0.01710343773609168,2
0.24018905736106128,0.01614718792816072,2
0.25545766623006966,0.015268608869008405,2
0.26992519803558956,0.014467531805519889,2
0.28366857746635993,0.013743379430770338,2
0.29676388883417415,0.013095311367814232,2
0.3092862368169727,0.012522347982798571,2
0.32130971202275305,0.012023475205780341,2
0.33290744509805903,0.011597733075305972,2
0.34415173571748525,0.011244290619426245,2
0.3551142452149102,0.01096250949742495,2
0.36586624380749433,0.010751998592584112,2
0.37647890530042555,0.010612661492931195,2
0.38702364384030435,0.010544738539878792,2
0.39757248871206763,0.010548844871763299,2
0.4081984943542007,0.010626005642133039,2
0.4189761837021064,0.010777689347905657,2
0.429982023654761,0.011005839952654655,2
0.44129493187851054,0.011312908223749536,2
0.45299681428165905,0.011701882403148527,2
0.4651731322615547,0.012176317979895651,2
0.47791349816333933,0.01274036590178463,2
0.4913122961848221,0.013398798021482763,2
-0.5880322062488106,0.0,2
-0.5865519593456879,0.0014802469031226183,2
-0.5836023653253353,0.00294959402035264,2
-0.5792051708834668,0.004397194441868523,2
-0.5733928601002757,0.005812310783191124,2
-0.5662084810817545,0.007184379018521172,2
-0.5577053988796299,0.008503082202124536,2
-0.5479469631122738,0.009758435767356112,2
-0.5370060782826875,0.010940884829586254,2
-0.5249646657937248,0.012041412488962767,2
-0.5119130091569645,0.013051656636760322,2
-0.4979489778171507,0.013964031339813797,2
-0.48317713016962266,0.014771847647528034,2
-0.46770770239921716,0.01546942777040549,2
-0.4516554962634286,0.016052206135788543,2
-0.4351386853448661,0.016516810918562493,2
-0.418277565040461,0.01686112030440514,2
-0.40119327609792077,0.017084288942540188,2
-0.38400653440507176,0.017186741692849,2
-0.3668364006824238,0.017170133722647973,2
-0.34979912260484375,0.017037278077580032,0
-0.33500707876392355,0.014792043840920222,0
-0.32255521064230147,0.012451868121622064,0
-0.3125214014608026,0.010033809181498867,0
-0.30496697557913627,0.007554425881666327,0
-0.2999372224329722,0.005029753146164057,0
-0.2974618629951044,0.002475359437867788,0
-0.29755539471605735,-9.35317209529306e-05,0
-0.30021727137589715,-0.00266187665983979,0
-0.3054318961675155,-0.0052146247916183075,0
-0.3131684288332029,-0.007736532665687386,0
-0.32338043015573187,-0.010212001322528978,0
-0.3360053889208368,-0.012624958765104942,0
-0.35096419680303836,-0.014958807882201573,0
-0.36816065435944234,-0.017196457556403952,0
-0.38748110496686006,-0.019320450607417716,0
-0.40879430132666017,-0.021313196359800113,0
-0.4319516092007287,-0.023157307874068535,0
-0.45678764365939845,-0.024836034458669696,0
-0.4831214132902643,-0.026333769630865863,0
-0.5107580176019083,-0.027636604311643952,0
-0.5394909037812387,-0.028732886179330328,0
-0.5691046441483223,-0.029613740367083686,0
-0.5993781496331566,-0.030273505484834304,0
-0.6300881927733312,-0.030710043140174507,0
-0.6610130815093028,-0.030924888735971618,0
-0.691936306869827,-0.0309232253605242,0
-0.7226499860751745,-0.030713679205347566,0
-0.7529579378307694,-0.030307951755594816,0
-0.7826782563961808,-0.0297203185654115,0
-0.8116452911832569,-0.028967034787076035,0
-0.8397109838266879,-0.02806569264343099,0
-0.8667455594134748,-0.027034575586786895,0
-0.892637608156948,-0.025892048743473308,0
-0.9172936249472694,-0.024656016790321388,0
-0.9406370952380407,-0.023343470290771343,0
-0.9626072265265472,-0.021970131288506455,0
-0.9831574263626947,-0.020550199836147493,0
-1.002253622258109,-0.0190961958954145,0
-1.0198725082608981,-0.01761888600278912,0
-1.035999789463029,-0.01612728120213089,0
-1.0506284811685185,-0.014628691705489501,2
-1.0617573052997442,-0.011128824131225692,2
-1.0693885138992725,-0.007631208599528187,2
-1.0735252603898318,-0.00413674649055926,2
-1.0741698007454517,-0.0006445403556199145,2
-1.0713225210366832,0.002847279708768339,2
-1.064981786129701,0.006340734906982181,2
-1.0551446085176623,0.009837177612038837,2
-1.0418081413738207,0.013336467143841669,2
-1.024972000987416,0.01683614038640477,2
-1.004641415762144,0.020330585225272087,2
-0.980831176905963,0.023810238856180912,2
-0.9535703251578516,0.02726085174811143,2
-0.9229074448895564,0.03066288026829512,2
-0.8889163507342104,0.03399109415534612,2
-0.8517018459842509,0.03721450474995944,2
-0.8114051162843636,0.04029672969988727,2
-0.7682082145165559,0.043196901767807806,2
-0.7223370189865798,0.045871195529976046,2
-0.6740620376624059,0.04827498132417387,2
-0.6236965149817595,0.050365522680646396,2
-0.5715914915112338,0.05210502347052566,2
-0.5181277649767059,0.05346372653452795,2
-0.46370506917958654,0.05442269579711932,2
-0.4087291629712678,0.054975906208318735,2
-0.3535978281087384,0.055131334862529434,2
-0.2986869425652836,0.054910885543454774,2
-0.24433778401477638,0.05434915855050723,2
-0.19084652923729567,0.05349125477748071,2
-0.13845659400680083,0.05238993523049484,2
-0.08735407669016859,0.05110251731663224,2
-0.037666203784381756,0.049687872905786835,2
0.010537613003076318,0.048203816787458074,2
0.05724267890098985,0.04670506589791353,2
0.10248451744336823,0.04524183854237838,2
0.14634358774262676,0.04385907029925854,2
0.18893974785594347,0.04259616011331672,2
0.23042687509041893,0.041487127234475445,2
0.27098792678190387,0.040561051691484926,2
0.3108306065240649,0.03984267974216106,2
0.350183699676045,0.03935309315198012,1
0.3882940604873735,0.038110360811328535,1
0.4254172743267338,0.0371232138393603,0
0.4608147281654643,0.03539745383873052,0
0.49474408091406946,0.03392935274860515,0
-0.4946025511052796,0.0,2
-0.49381974862362776,0.000782802481651838,2
-0.4922599918755554,0.0015597567480723753,2
-0.4899349299011044,0.002325061974451039,2
-0.48686191780401816,0.0030730120970862296,2
-0.48306387470468126,0.0037980430993369216,2
-0.4785690946432219,0.004494780061459343,2
-0.47341101093968097,0.005158083703540931,2
-0.46762791492995875,0.005783096009722237,2
-0.46126263055671873,0.006365284373240048,2
-0.4543621469957018,0.006900483561016939,2
-0.4469772123163827,0.007384934679319102,2
-0.43916189207330986,0.007815320243072875,2
-0.4309730976503321,0.008188794422977751,2
-0.42247009007525893,0.008503007575073135,2
-0.4137139658245625,0.00875612425069645,2
-0.4047671317852613,0.008946834039301212,2
-0.3956927769797794,0.009074354805481919,2
-0.3865543488468451,0.00913842813293433,2
-0.37741504178068463,0.009139307066160472,0
-0.3703373052535299,0.007077736527154735,0
-0.36536895602042224,0.004968349233107674,0
-0.3625432624449234,0.002825693575498848,0
-0.3618790327697997,0.0006642296751236854,0
-0.36338067614215186,-0.0015016433723521292,0
-0.3670382181044679,-0.003657541962316048,0
-0.37282726619607665,-0.005789048091608727,0
-0.38070893548119517,-0.007881669285118527,0
-0.3906297574497822,-0.009920821968587026,0
-0.40252160801938014,-0.011891850569597961,0
-0.4163017004435502,-0.01378009242417005,0
-0.43187269590567007,-0.0155709954621199,0
-0.44912298755384383,-0.017250291648173786,0
-0.46792721192875975,-0.018804224374915895,0
-0.48814703461489806,-0.02021982268613833,0
-0.5096322443793244,-0.0214852097644264,0
-0.5322221724814505,-0.02258992810212607,0
-0.5557474323209027,-0.023525259839452188,0
-0.5800319508626021,-0.024284518541699374,0
-0.6048952395770277,-0.024863288714425676,0
-0.630154831458745,-0.02525959188171723,0
-0.6556287944499163,-0.025473962991171373,0
-0.681138222244975,-0.025509427795058666,0
-0.7065096021421745,-0.025371379897199484,0
-0.7315769664965063,-0.025067364354331725,0
-0.7561837485539118,-0.02460678205740551,0
-0.7801842832804113,-0.024000534726499535,0
-0.8034449169486798,-0.023260633668268436,0
-0.8258447132272716,-0.022399796278591812,0
-0.8472757660336783,-0.021431052806406618,0
-0.8676431486339724,-0.02036738260029418,0
-0.8868645432146873,-0.019221394580714955,0
-0.9048696049159775,-0.018005061701290143,0
-0.9215991192103689,-0.016729514294391453,0
-0.937004012116958,-0.015404892906589142,0
-0.9510442699257788,-0.01404025780882079,0
-0.9636878198598208,-0.012643549934041893,2
-0.9729094163904796,-0.009221596530658844,2
-0.9786928420492291,-0.005783425658749603,2
-0.9810288772188168,-0.0023360351695877013,2
-0.9799140066593697,0.0011148705594471297,2
-0.9753498930108664,0.004564113648503284,2
-0.9673436283424371,0.008006264668429255,2
-0.9559087585481548,0.011434869794282272,2
-0.9410670577269896,0.014841700821165203,2
-0.9228510064649623,0.01821605126202733,2
-0.9013068955489147,0.02154411091604757,2
-0.8764984326035625,0.02480846294535221,2
-0.8485106728895386,0.027987759714023903,2
-0.817454029330562,0.031056643558976648,2
-0.7834680468709485,0.03398598245961354,2
-0.7467245630246959,0.03674348384625257,2
-0.7074298346040401,0.03929472842065585,2
-0.6658252071438971,0.041604627460142915,2
-0.622185954428494,0.04363925271540311,2
-0.5768180306993576,0.04536792372913648,2
-0.5300526561355692,0.046765374563788424,2
-0.4822388804919278,0.04781377564364135,2
-0.43373450871487695,0.04850437177705087,2
-0.38489598435708566,0.04883852435779128,2
-0.33606796993280397,0.048828014424281724,2
-0.2875734076311721,0.04849456230163188,2
-0.23970477921985625,0.04786862841131587,2
-0.19271712437448793,0.04698765484536832,2
-0.14682315530873075,0.045893969065757184,2
-0.10219056524162105,0.04463259006710969,2
-0.058941409687394204,0.04324915555422685,2
-0.017153272351829237,0.04178813733556497,2
0.02313817439429556,0.040291446746124795,2
0.06193564169243343,0.03879746729813787,2
0.09927614024165413,0.03734049854922069,2
0.13522669883684707,0.03595055859519296,2
0.16988017189742596,0.034653473060578886,2
0.20335134509973066,0.033471173202304694,2
0.23577347564807466,0.03242213054834399,2
0.2672953417275433,0.03152186607946868,2
0.29807882650858025,0.03078348478103693,2
0.32829702544058326,0.030218198932002983,2
0.35813283968701215,0.029835814246428876,2
0.38777800089877995,0.029645161211767794,0
0.41543246038157194,0.027654459482792007,0
0.4412898350611735,0.02585737467960155,1
0.46653614685344136,0.02524631179226788,1
0.49135657616569695,0.024820429312255615,1
-0.5919418613947335,0.0,2
-0.5904328718832684,0.0015089895114650596,2
-0.5874259784162236,0.0030068934670448863,2
-0.5829433008668473,0.004482677549376226,2
-0.5770178868812365,0.005925413985610891,2
-0.5696935422747934,0.007324344606443,2
-0.5610245876769983,0.008668954597795191,2
-0.5510755288646515,0.009949058812346728,2
-0.5399206276955434,0.01115490116910812,2
-0.5276433615469571,0.01227726614858623,2
-0.5143357617480963,0.01330759979886087,2
-0.500097625611976,0.014238136136120207,2
-0.4850356021145122,0.015062023497463852,2
-0.4692621576847532,0.01577344442975897,2
-0.45289443548052116,0.01636772220423204,2
-0.4360530283567037,0.0168414071238175,2
-0.4188606918801559,0.017192336476547786,2
-0.4014410286248752,0.017419663255280687,2
-0.3839171781094955,0.017523850515379677,2
-0.36641054778844806,0.017506630321047413,2
-0.34903961934877803,0.01737092843967002,0
-0.33391886128090553,0.015120758067872497,0
-0.32114516160982715,0.012773699671078406,0
-0.31079821765601273,0.010346943953814422,0
-0.3029410553733322,0.007857162282680494,0
-0.2976205791882111,0.0053204761851211035,0
-0.29486806719534586,0.0027525119928652362,0
-0.29469954461798176,0.00016852257736412564,0
-0.2971159891028721,-0.002416444484890395,0
-0.3021033435571452,-0.004987354454273044,0
-0.3096323350342294,-0.0075289914770841695,0
-0.3196581210141903,-0.010025785979960905,0
-0.33211980668770386,-0.012461685673513575,0
-0.3469398977636035,-0.01482009107589968,0
-0.36402377179022555,-0.01708387402662206,0
-0.38325926554715123,-0.0192354937569257,0
-0.40451648492910486,-0.02125721938195364,0
-0.4276479449553554,-0.023131460026250546,0
-0.45248913930874113,-0.024841194353385693,0
-0.4788596199485809,-0.026370480639839763,0
-0.5065646377305106,-0.027705017781929686,0
-0.5353973559488174,-0.028832718218306814,0
-0.5651416032907772,-0.02974424734195985,0
-0.5955750853663229,-0.030433482075545606,0
-0.6264729302465624,-0.030897844880239465,0
-0.6576114089428298,-0.031138478696267458,0
-0.6887716512325822,-0.031160242289752414,0
-0.7197431736153058,-0.030971522382723587,0
-0.7503270499536636,-0.03058387633835779,0
-0.7803385844753914,-0.030011534521727806,0
-0.8096093871206514,-0.029270802645260035,0
-0.8379887972883244,-0.028379410167672967,0
-0.8653446481910172,-0.027355850902692814,0
-0.8915634053125412,-0.026218757121523967,0
-0.9165497453035404,-0.024986339990999234,0
-0.9402256641725298,-0.023675918868989478,0
-0.9625292155819385,-0.0223035514094086,0
-0.9834129824935881,-0.020883766911649615,0
-1.002842380215277,-0.019429397721688856,0
-1.0207938783365613,-0.017951498121284194,0
-1.0372532153397094,-0.016459337003148125,0
-1.0522136647707738,-0.014960449431064499,2
-1.0636743972621947,-0.011460732491420919,2
-1.0716381833544142,-0.007963786092219538,2
-1.0761086865621288,-0.004470503207714524,2
-1.0770885872311158,-0.000979900668986964,2
-1.0745785327491828,0.0025100544819329227,2
-1.0685769078549854,0.006001624894197342,2
-1.0590804233132984,0.009496484541686934,2
-1.0460855271331997,0.012994896180098676,2
-1.0295906448648102,0.016494882268389507,2
-1.00959924932108,0.019991395543730348,2
-0.9861237402867865,0.023475509034293414,2
-0.9591900766097923,0.026933663676994284,2
-0.9288430427428725,0.030347033866919716,2
-0.895151947860643,0.033691094882229586,2
-0.8582164508216589,0.036935497038984175,2
-0.8181720874522724,0.04004436336938644,2
-0.7751949648280693,0.042977122624203175,2
-0.7295050055208512,0.045689959307218114,2
-0.6813671038612966,0.048137901659554526,2
-0.6310896261361758,0.05027747772512085,2
-0.5790198668354631,0.05206975930071267,2
-0.5255363617448154,0.05348350509064768,2
-0.4710383248399031,0.05449803690491235,2
-0.4159328598052745,0.05510546503462858,2
-0.3606209215479394,0.0553119382573351,2
-0.30548319495954124,0.055137726588398134,2
-0.2508670709921888,0.05461612396735244,2
-0.19707573029451234,0.05379134069767647,2
-0.14436003282783352,0.05271569746667881,2
-0.0929135289534049,0.051446503874428624,2
-0.042870531883922765,0.05004299706948214,2
0.00569311287914933,0.048563644763072095,2
0.05275712226311822,0.04706400938396889,2
0.09835237861963961,0.04559525635652138,2
0.14255567115344042,0.04420329253380083,2
0.18548412411450793,0.04292845296106752,2
0.22728974150987688,0.041805617395368956,1
0.267154368891067,0.0398646273811901,2
0.3062798552834454,0.03912548639237847,2
0.344888484196262,0.03860862891281657,2
0.38322007918704687,0.03833159499078485,1
0.4205296803273241,0.03730960114027723,1
0.4570785224367462,0.03654884210942209,0
0.49213176747942994,0.03505324504268378,0
-0.40441118497397743,0.0,0
-0.4062861654619835,-0.0018749804880060527,0
-0.41002293971874454,-0.003736774256761082,0
-0.41559514613812804,-0.0055722064193834756,0
-0.42296328080118295,-0.007368134663054911,0
-0.43207476797074307,-0.009111487169560112,0
-0.4428640926806484,-0.010789324709905339,0
-0.4552530246995203,-0.012388932018871882,0
-0.4691509657994548,-0.013897941099934552,0
-0.48445545198617673,-0.015304486186721925,0
-0.5010528388418921,-0.01659738685571538,0
-0.5188191913217621,-0.017766352479870056,0
-0.5376213894553666,-0.01880219813360455,0
-0.5573184490021309,-0.019697059546764286,0
-0.5777630421007146,-0.020444593098583742,0
-0.5988031885274341,-0.021040146426719523,0
-0.6202840746999047,-0.02148088617247058,0
-0.642049946402605,-0.02176587170270039,0
-0.6639460135723498,-0.021896067169744775,0
-0.6858203022193332,-0.02187428864698335,0
-0.7075253900538583,-0.021705087834525124,0
-0.7289199684875087,-0.02139457843365041,0
-0.7498701837216966,-0.02095021523418788,0
-0.7702507225674027,-0.020380538845706064,0
-0.7899456231609358,-0.019694900593533106,0
-0.8088488055032904,-0.01890318234235466,0
-0.8268643305292213,-0.01801552502593085,0
-0.8439064082370257,-0.017042077707804467,0
-0.8598991846454387,-0.01599277640841303,0
-0.8747763437053026,-0.014877159059863873,0
-0.8884805638136326,-0.013704220108330044,0
-0.9009628695382919,-0.012482305724659264,0
-0.9121819180087243,-0.011219048470432416,0
-0.9221032566870391,-0.009921338678314798,2
-0.928698585434811,-0.00659532874777189,2
-0.9319502300416782,-0.0032516446068672484,2
-0.9318498139885066,0.00010041605317151654,2
-0.9283975926106256,0.0034522213778810746,2
-0.9216024737654396,0.006795118845185999,2
-0.9114827242754443,0.010119749489995295,2
-0.8980673364885011,0.013415387786943168,2
-0.8813980011628471,0.01666933532565411,2
-0.8615315989753134,0.019866402187533674,2
-0.8385430818187113,0.02298851715660207,2
-0.8125285670226821,0.026014514796029273,2
-0.783608415465434,0.028920151557248034,2
-0.7519300139625799,0.031678401502854205,2
-0.7176699420988455,0.034260071863734406,2
-0.681035184979122,0.036634757119723506,2
-0.6422630680828586,0.03877211689626336,2
-0.6016196482820632,0.04064341980079546,2
-0.5593964003163685,0.042223247965694696,2
-0.515905185945541,0.043491214370827515,2
-0.47147166837406607,0.04443351757147495,2
-0.42642751258587874,0.04504415578818731,2
-0.3811018629876582,0.04532564959822054,2
-0.33581268503709694,0.04528917795056127,2
-0.2908585783617047,0.04495410667539226,2
-0.2465116109401528,0.04434696742155189,2
-0.20301159885717399,0.043500012082978816,2
-0.16056208819818749,0.04244951065898651,2
-0.11932811498968737,0.04123397320850012,2
-0.07943565424447979,0.03989246074520758,2
-0.04097254105416089,0.0384631131903189,2
-0.0039905657028156336,0.03698197535134526,2
0.031491588798304514,0.03548215450112015,2
0.06548489185539366,0.03399330305708914,2
0.09802628300194019,0.03254139114654652,2
0.129175000269355,0.03114871726741481,2
0.15900909955652698,0.029834099287171994,2
0.18762228951079007,0.028613189954263096,2
0.2151211574892063,0.027498867978416212,2
0.24162282247991662,0.026501664990710314,2
0.2672530208721428,0.025630198392226175,2
0.29214460986985447,0.02489158899771165,2
0.31643645968497075,0.024291849815116305,2
0.3402726977188748,0.023836238033904042,2
0.36380226407165456,0.02352956635277976,2
0.3871787363999298,0.023376472328275215,2
0.41056038208475043,0.02338164568482065,1
0.4331103957844916,0.02255001369974121,1
0.45499005146261,0.021879655678118417,1
0.47635876723195464,0.02136871576934461,1
0.4973743677419162,0.02101560050996155,1
-0.5074126517744251,0.0,2
-0.5065340000018391,0.0008786517725859188,2
-0.5047832781480868,0.0017507218537523269,2
-0.5021735975995731,0.0026096805485136274,2
-0.49872449526542006,0.0034491023341530784,2
-0.49446177693930077,0.0042627183261192934,2
-0.4894173079262339,0.005044469013066891,2
-0.48362875086905316,0.005788557057180722,2
-0.47713925113107747,0.006489499737975713,2
-0.4699970707460566,0.007142180385020851,2
-0.4622551728259089,0.0077418979201477525,2
-0.45397075938987325,0.008284413436035632,2
-0.4452047667921535,0.00876599259771979,2
-0.4360213242068247,0.009183442585328778,2
-0.42648718189311413,0.00953414231371057,2
-0.41667111711895893,0.009816064774155189,2
-0.40664332657514085,0.010027790543818086,2
-0.39647481478499363,0.01016851179014719,2
-0.38623678834152636,0.010238026443467264,2
-0.3760000657439361,0.010236722597590292,0
-0.3678345121452795,0.008165553598656543,0
-0.361795135962785,0.006039376182494484,0
-0.3579221894046418,0.003872946558143182,0
-0.35624128483534473,0.0016809045692970834,0
-0.3567634884491553,-0.0005222036138105815,0
-0.3594853655940378,-0.0027218771448825232,0
-0.3643889663873981,-0.004903600793360257,0
-0.3714417551666268,-0.007052788779228723,0
-0.38059650203300005,-0.00915474686637326,0
-0.3917911684768863,-0.011194666443886205,0
-0.40494883096343637,-0.013157662486550072,0
-0.41997769549181685,-0.015028864528380492,0
-0.43677126155873247,-0.01679356606691562,0
-0.45520869474017656,-0.018437433181444106,0
-0.4751554625086619,-0.01994676776848534,0
-0.4964642775238849,-0.02130881501522297,0
-0.5189763765897043,-0.022512099065819427,0
-0.5425231425369946,-0.0235467659472903,0
-0.5669280519658769,-0.024404909428882293,0
-0.5920089062087288,-0.025080854242851912,0
-0.6175802786461976,-0.025571372437468817,0
-0.6434560913186473,-0.025875812672449722,0
-0.6694522200217933,-0.025996128703145945,0
-0.6953890214571024,-0.02593680143530904,0
-0.7210936792289244,-0.025704657771822063,0
-0.7464022771239527,-0.025308597895028265,0
-0.7711615267136016,-0.02475924958964893,0
-0.7952300996448202,-0.02406857293121859,0
-0.8184795403926616,-0.023249440747841403,0
-0.8407947601244765,-0.022315219731814884,0
-0.8620741344448114,-0.02127937432033486,0
-0.8822292455623252,-0.020155111117513804,0
-0.9011843219964915,-0.01895507643416633,0
-0.9188754361839088,-0.01769111418741732,0
-0.9352495226923841,-0.016374086508475418,0
-0.950263278041021,-0.015013755348636849,0
-0.9638819983928546,-0.013618720351833683,0
-0.9760784047015572,-0.012196406308702537,2
-0.9848314972298406,-0.008753092528283445,2
-0.9901282194138143,-0.005296722183973654,2
-0.991961492406888,-0.0018332729930736276,2
-0.9903290109289979,0.0016324814778901344,2
-0.9852328241365551,0.0050961867924428205,2
-0.9766797089036985,0.00855311523285657,2
-0.9646823289543799,0.011997379949318635,2
-0.949261157218492,0.01542117173588781,2
-0.93044711627733,0.018814040941162027,2
-0.90828485905783,0.022162257219500082,2
-0.8828365664290883,0.02544829262874174,2
-0.854186079426118,0.028650487002970217,2
-0.8224431138646084,0.031742965561509615,2
-0.7877472305691005,0.034695883295508045,2
-0.7502711665099592,0.03747606405914133,2
-0.7102230865083778,0.04004808000158128,2
-0.6678473101686987,0.04237577633967911,2
-0.6234231216095859,0.04442418855911278,2
-0.5772613912013265,0.04616173040825944,2
-0.5296989273979602,0.047562463803366234,2
-0.4810907150097806,0.04860821238817957,2
-0.43180044967360903,0.04929026533617157,2
-0.38219000196825453,0.049610447705354506,2
-0.3326085937798361,0.04958140818841844,2
-0.28338251201461484,0.04922608176522127,2
-0.23480611099380283,0.04857640102081202,2
-0.1871346808800055,0.04767143011379731,2
-0.14057952193639517,0.04655515894361035,2
-0.09530530959861329,0.04527421233778188,2
-0.05142960658569462,0.04387570301291867,2
-0.009024206255237428,0.04240540033045719,2
0.03188211017762326,0.04090631643286069,2
0.07129985317112042,0.03941774299349715,2
0.10927456971770966,0.03797471654658923,2
0.14588242297803236,0.0366078532603227,2
0.18122589804022343,0.03534347506219106,2
0.2154298429767197,0.03420394493649624,2
0.24863797831328288,0.03320813533656319,2
0.2810099437164941,0.032371965403211245,2
0.31271890006280006,0.03170895634630596,2
0.3439496674243426,0.03123076736154251,2
0.3748973527407351,0.03094768531639252,2
0.4057664022015341,0.03086904946079898,0
0.4347699996542142,0.029003597452680115,0
0.4621152385514816,0.02734523889726742,1
0.4890019612198257,0.026886722668344055,1
-0.4740704127761628,0.0,2
-0.47344051017554406,0.0006299026006187606,2
-0.47218537652600007,0.0012551336495440061,2
-0.47031431627868286,0.001871060247317212,2
-0.4678411896704229,0.002473126608260007,0
-0.46678429754926,0.0010568921211628886,0
-0.46715145386399637,-0.00036715631473638994,0
-0.46893994458726496,-0.0017884907232686006,0
-0.47213654190822146,-0.003196597320956516,0
-0.4767175745388799,-0.004581032630658478,0
-0.482649058149192,-0.005931483610312068,0
-0.4898868927110677,-0.00723783456187573,0
-0.4983771355908813,-0.00849024287981361,0
-0.5080563603243727,-0.00967922473349137,0
-0.5188521109385525,-0.010795750614179773,0
-0.530683460334547,-0.0118313493959945,0
-0.5434616785954278,-0.012778218260880766,0
-0.5570910132300276,-0.013629334634599798,0
-0.571469578523124,-0.014378565293096338,0
-0.5864903456628827,-0.015020767139758787,0
-0.6020422195793921,-0.015551873916509343,0
-0.6180111829325139,-0.015968963353121857,0
-0.6342814829234035,-0.016270299990889588,0
-0.6507368330205296,-0.016455350097126138,0
-0.6672615996430328,-0.016524766622503167,0
-0.6837419435506861,-0.01648034390765332,0
-0.700066887206646,-0.016324943655959913,0
-0.7161292825940442,-0.01606239538739812,0
-0.7318266586151364,-0.01569737602109226,0
-0.7470619328994431,-0.015235274284306693,0
-0.7617439791426327,-0.014682046243189615,0
-0.7757880475215606,-0.014044068378927936,0
-0.7891160418465778,-0.013327994325017144,0
-0.8016566625565951,-0.012540620710017306,0
-0.8133454291708138,-0.011688766614218677,0
-0.824124599228019,-0.010779170057205148,0
-0.8339430030196506,-0.00981840379163169,0
-0.8427558145965633,-0.008812811576912691,0
-0.850524279709888,-0.007768465113324583,0
-0.8572154206858532,-0.006691140975965236,0
-0.862801736904819,-0.005586316218965763,2
-0.8652609177276237,-0.0024591808228046695,2
-0.8645833306920572,0.0006775870355664889,2
-0.8607716182800164,0.0038117124120408408,2
-0.8538408095845682,0.006930808695448197,2
-0.8438189404817161,0.010021869102852111,2
-0.8307481458876925,0.01307079459402364,2
-0.8146861560929574,0.016061989794735176,2
-0.7957080953434741,0.01897806074948325,2
-0.7739084451891504,0.021799650154323696,2
-0.7494029995069345,0.02450544568221592,2
-0.7223306061103948,0.027072393396539666,2
-0.6928544667182437,0.029476139392151057,2
-0.6611627591835296,0.031691707534714064,2
-0.6274683598367791,0.03369439934675056,2
-0.5920074847144277,0.035460875122351423,2
-0.5550371382241696,0.0369703464902581,2
-0.5168313534272646,0.03820578479690491,2
-0.4776763208099521,0.03915503261731252,2
-0.43786461813557453,0.039811702674377565,2
-0.3976888555781836,0.0401757625573909,2
-0.357435121080338,0.04025373449784565,2
-0.3173766383054043,0.04005848277493367,2
-0.2777680286943306,0.03960860961107369,2
-0.23884050381308986,0.038927524881240724,2
-0.2007982160272941,0.038042287785795735,2
-0.16381588106602316,0.03698233496127095,2
-0.12803767269460917,0.035778208371413996,2
-0.09357729227874269,0.03446038041586648,2
-0.060519044169474824,0.033058248109267864,2
-0.028919705378677538,0.031599338790797286,2
0.0011890364420266246,0.030108741820704162,2
0.0297977941680501,0.028608757726023476,2
0.05691653421492014,0.02711874004687004,2
0.0825716300855825,0.025655095870662368,2
0.10680303786444564,0.02423140777886314,2
0.12966167903033018,0.022858641165884534,2
0.151207084044881,0.021545405014550812,2
0.17150532385457912,0.020298239809698096,2
0.1906272361112424,0.0191219122566633,2
0.20864693823009028,0.018019702118847885,2
0.22564060961750815,0.016993671387417853,2
0.2416855195938328,0.016044909976324663,2
0.25685927478356646,0.015173755189733679,2
0.27123925920856834,0.014379984425001898,2
0.2849022412949956,0.013662982086427222,2
0.2979241239335692,0.013021882638573602,2
0.3103798161934695,0.012455692259900276,2
0.32234320797915844,0.01196339178568897,2
0.33388723162864853,0.01154402364949007,2
0.34508399704681303,0.011196765418164483,2
0.35600498936807845,0.010920992321265444,2
0.36672132030700355,0.010716330938925116,2
0.37730402626555465,0.010582705958551089,2
0.3878244079199318,0.010520381654377142,2
0.39835440741231537,0.01052999949238358,2
0.4089670204297524,0.010612613017437066,2
0.4197367413657622,0.010769720936009811,2
0.4307400404244393,0.011003299058677097,2
0.44205587192439855,0.01131583149995922,2
0.4537662131574033,0.011710341233004752,2
0.46595663289980704,0.012190419742403766,2
0.47871688798354617,0.012760255083739118,2
0.49214154509376995,0.013424657110223757,2
-0.41059031378590677,0.0,0
-0.4124217340645938,-0.0018314202786870264,0
-0.4160716083298488,-0.003649874265255,0
-0.421514022501806,-0.0054424141719571625,0
-0.42871015994899075,-0.007196137447184782,0
-0.43760838930051127,-0.008898229351520508,0
-0.4481444170831011,-0.010536027782589823,0
-0.4602415320468575,-0.012097114963756428,0
-0.4738109703463562,-0.013569438299498696,0
-0.4887524303112241,-0.014941459964867917,0
-0.5049547621068478,-0.016202331795623623,0
-0.5222968511078054,-0.017342089000957628,0
-0.5406487045176156,-0.018351853409810166,0
-0.559872739212913,-0.01922403469529744,0
-0.5798252558178472,-0.01995251660493412,0
-0.6003580707258861,-0.020532814908038974,0
-0.6213202654279543,-0.020962194702068174,0
-0.6425600023255015,-0.021239736897547205,0
-0.6639263492889715,-0.021366346963470024,0
-0.6852710523330365,-0.021344703044065036,0
-0.7064501972554948,-0.021179144922458287,0
-0.7273257067815814,-0.020875509526086546,0
-0.7477666290686646,-0.020440922287083278,0
-0.7676501853963301,-0.019883556327665423,0
-0.7868625583165166,-0.019212372920186505,0
-0.8052994152408735,-0.01843685692435676,0
-0.8228661752775533,-0.01756676003667994,0
-0.8394780382045375,-0.016611862926984147,0
-0.8550598031871701,-0.015581764982632623,0
-0.8695455109363921,-0.014485707749221947,0
-0.8828779464726284,-0.013332435536236264,0
-0.8950080407491903,-0.012130094276561861,0
-0.9058942084931098,-0.010886167743919513,0
-0.9155016572126492,-0.009607448719539446,0
-0.9238016988819836,-0.008300041669334388,2
-0.9287710917870113,-0.004969392905027778,2
-0.9303966113344208,-0.001625519547409387,2
-0.9286740446051174,0.001722566729303327,2
-0.9236078578031772,0.005066186801940183,2
-0.9152115486046286,0.00839630919854858,2
-0.9035086706770075,0.011702877927621189,2
-0.8885344912969848,0.01497417938002261,2
-0.8703382121751784,0.018196279121806425,2
-0.8489856462546226,0.021352565920555774,2
-0.824562198761779,0.024423447492843517,2
-0.7971759506298551,0.027386248131923946,2
-0.7669605907579637,0.03021535987189141,2
-0.7340778976251899,0.03288269313277386,2
-0.6987194405417102,0.03535845708347975,2
-0.6611071679216786,0.03761227262003165,2
-0.6214925854340605,0.039614582487618066,2
-0.5801543079797604,0.04133827745430003,2
-0.5373938961682244,0.04276041181153604,2
-0.49353005048434406,0.04386384568388035,2
-0.4488914145209174,0.04463863596342666,2
-0.4038084047779198,0.04508300974299761,2
-0.35860460900942637,0.045203795768493434,2
-0.313588353869784,0.045016255139642386,2
-0.2690450237821024,0.04454333008768166,2
-0.22523062027331137,0.04381440350879101,2
-0.1823669028203853,0.04286371745292607,2
-0.14063827626617162,0.04172862655421369,2
-0.10019041590040692,0.040447860365764705,2
-0.06113047432969594,0.03905994157071098,2
-0.023528609936445885,0.037601864393250056,2
0.012579479820622498,0.03610808975706838,2
0.0471893496036842,0.0346098697830617,2
0.08032422946542753,0.03313487986174332,2
0.11203134356517191,0.031707114099744395,2
0.14237833251252374,0.03034698894735183,2
0.1714499305763383,0.02907159806381457,2
0.19934499666880057,0.027895066092462256,2
0.2261739538890635,0.02682895722026293,2
0.2520566578292558,0.02588270394019227,2
0.2771206885810756,0.02506403075181978,2
0.3015000442746,0.02437935569352438,2
0.3253342034409522,0.023834159166352252,2
0.34876751783435367,0.02343331439340149,2
0.37194889500180456,0.023181377167450865,2
0.3950317294731787,0.02308283447137414,2
0.4181740417987275,0.023142312325548805,1
0.4405387848106054,0.022364743011877877,1
0.4622870044694903,0.02174821965888488,1
0.4835779743523733,0.021290969882883058,1
-0.4601444351051271,0.0,0
-0.4616174735330137,-0.0014730384278866175,0
-0.4645526975885577,-0.002935224055544055,0
-0.46892845492852464,-0.0043757573399669306,0
-0.47471240388245634,-0.005783948953931695,0
-0.4818616876722003,-0.007149283789743967,0
-0.4903231823270177,-0.008461494654817462,0
-0.5000338296326932,-0.009710647305675443,0
-0.51092106685496,-0.010887237222266817,0
-0.5229033639712813,-0.011982297116321424,0
-0.5358908766710221,-0.01298751269974069,0
-0.5497862195057441,-0.01389534283472206,0
-0.5644853584862584,-0.014699138980514219,0
-0.579878616461321,-0.015393257975062608,0
-0.5958517782200197,-0.015973161758698683,0
-0.6122872759624282,-0.016435497742408475,0
-0.6290654301388439,-0.016778154176415757,0
-0.6460657161964333,-0.01700028605758937,0
-0.6631680249332993,-0.01710230873686601,0
-0.6802538832403638,-0.017085858307064522,0
-0.6972076031271097,-0.016953719886745912,0
-0.713917330000107,-0.01670972687299729,0
-0.7302759659331662,-0.01635863593305921,0
-0.7461819497282048,-0.015905983795038624,0
-0.7615398824160472,-0.015357932687842343,0
-0.7762609939532552,-0.014721111537208002,0
-0.790263453728227,-0.014002459774971847,0
-0.8034725336666837,-0.013209079938456608,0
-0.8158206379021794,-0.012348104235495674,0
-0.8272472169550047,-0.01142657905282524,0
-0.837698587069159,-0.010451370114154302,0
-0.8471276768254357,-0.009429089756276708,0
-0.8554937234950527,-0.008366046669617011,0
-0.8627619409926323,-0.007268217497579606,0
-0.8689031799255816,-0.006141238932949333,2
-0.8718935983165984,-0.0029904183910168035,2
-0.8717218503413026,0.00017174797529585263,2
-0.8683885829201765,0.003333267421126067,2
-0.8619064648512946,0.006482118068881833,2
-0.8523007468867355,0.009605717964559115,2
-0.8396103214228761,0.012690425463859494,2
-0.8238892191679915,0.01572110225488453,2
-0.8052084463129676,0.01868077285502392,2
-0.7836580294298126,0.021550416883155038,2
-0.7593490980938045,0.024308931336008126,2
-0.7324158003848406,0.026933297708963955,2
-0.7030168191150726,0.029398981269767935,2
-0.6713362434416252,0.03168057567344744,2
-0.6375835585437857,0.03375268489783951,2
-0.6019925513320006,0.035591007211785125,2
-0.5648189958077476,0.0371735555242529,2
-0.5263370759520954,0.03848191985565222,2
-0.4868346190747804,0.039502456877315094,2
-0.44660733469259284,0.04022728438218755,2
-0.4059523655115617,0.040654969181031106,2
-0.3651615397180917,0.040790825793470056,2
-0.32451475298535326,0.04064678673273839,2
-0.2842738971979299,0.04024085578742337,2
-0.24467769300981096,0.03959620418811892,2
-0.2059376858499483,0.03874000715986267,2
-0.1682355466896675,0.0377021391602808,2
-0.13172169844559345,0.036513848244074054,2
-0.09651518275588705,0.03520651568970639,2
-0.06270460138628309,0.03381058136960396,2
-0.03034991679896297,0.03235468458732012,2
0.000515123202785326,0.030865040001748296,2
0.029880166189742062,0.029365042986956736,2
0.05775524672640073,0.027875080536658662,2
0.08416775974645552,0.026412513020054783,2
0.10915954760309944,0.024991787856643924,2
0.1327841945503085,0.023624646947209057,2
0.15510458830255283,0.022320393752244348,2
0.17619077999911598,0.02108619169656314,2
0.1961181518939075,0.01992737189479151,2
0.2149658861127237,0.018847734218816182,2
0.23281571710552657,0.017849830992802886,2
0.24975094400502149,0.016935226899494917,2
0.26585567599639415,0.01610473199137264,2
0.2812142831055396,0.015358607109145451,2
0.29591102576360495,0.014696742658065377,2
0.31002983849816557,0.014118812734560638,2
0.3236542456765093,0.01362440717834374,2
0.33686739005164257,0.013213144375133242,2
0.3497521577064923,0.012884767654849765,2
0.3623913857043904,0.012639227997898081,2
0.3748681412389412,0.012476755534550776,2
0.38726606327670376,0.012397922037762568,2
0.39966975956786893,0.012403696291165157,2
0.4121652534403718,0.012495493872502893,2
0.4248404759696833,0.012675222529311471,2
0.43778579990024735,0.012945323930564101,2
0.4510946120400591,0.013308812139811733,2
0.46486392068884835,0.013769308648789287,2
0.4791949938930146,0.014331073204166244,2
0.4941940228068053,0.014999028913790673,2
-0.5093059390134551,0.0,2
-0.508413102442946,0.0008928365705090833,2
-0.5066341190289598,0.0017789834139861696,2
-0.5039823156191217,0.0026518034098381707,2
-0.5004775507529617,0.003504764866159931,2
-0.49614605605209433,0.004331494700867433,2
-0.4910202240665921,0.005125831985502217,2
-0.48513834240490694,0.005881881661685166,2
-0.47854427439586483,0.006594068009042119,2
-0.47128708719969703,0.007257187196167798,2
-0.4634206291929991,0.00786645800669794,2
-0.4550030595675133,0.008417569625485816,2
-0.44609633434889284,0.008906725218620464,2
-0.43676565438337905,0.009330679965513804,2
-0.42707888216746653,0.009686772215912513,2
-0.4171059356108917,0.009972946556574831,2
-0.40691816783067947,0.010187767780212251,2
-0.39658774278752973,0.010330425043149728,2
-0.386187016927583,0.010400725859946728,2
-0.37578793693922535,0.010399079988357653,0
-0.3674614632615296,0.008326473677695755,0
-0.3612636642045741,0.006197799056955489,0
-0.3572358188720626,0.004027845332511484,0
-0.35540453790973286,0.001831280962329737,0
-0.3557818624457502,-0.00037732453601736944,0
-0.35836531444918324,-0.0025834520034330424,0
-0.36313788607818837,-0.004772571629005108,0
-0.37006797059153185,-0.006930084513343488,0
-0.3791092522648502,-0.00904128167331838,0
-0.3902005866875656,-0.011091334422715374,0
-0.4032659149671918,-0.013065328279626195,0
-0.418214264814578,-0.014948349847386239,0
-0.4349398972600648,-0.0167256324454868,0
-0.4533226589211063,-0.01838276166104147,0
-0.4732285955325821,-0.019905936611475803,0
-0.49451087241936975,-0.02128227688678765,0
-0.5170110318065589,-0.022500159387189234,0
-0.540560596055904,-0.02354956424934512,0
-0.5649830015444018,-0.02442240548849785,0
-0.5900958220887542,-0.02511282054435237,0
-0.6157132161633614,-0.025617394074607207,0
-0.6416485113924429,-0.025935295229081508,0
-0.6677168253794741,-0.02606831398703114,0
-0.6937376156504473,-0.026020790270973287,0
-0.7195370541209092,-0.025799438470461893,0
-0.7449501327062589,-0.025413078585349747,0
-0.7698224250675588,-0.024872292361299925,0
-0.7940114527949096,-0.024189027727350737,0
-0.817387629922441,-0.023376177127531324,0
-0.8398347848846864,-0.02244715496224552,0
-0.8612502815774848,-0.02141549669279846,0
-0.8815447794245235,-0.020294497847038667,0
-0.9006416853682285,-0.01909690594370503,0
-0.9184763583204758,-0.017834672952247325,0
-0.9349951292407647,-0.016518770920288816,0
-0.9501541984846882,-0.01515906924392349,0
-0.9639184674258883,-0.01376426894120005,0
-0.9762603546832175,-0.012341887257329168,2
-0.985158639575196,-0.008898284891978482,2
-0.9906000989215307,-0.005441459346334617,2
-0.9925775085798095,-0.0019774096582788527,2
-0.9910884058852569,0.0014891026945526376,2
-0.9861346372993958,0.004953768585861173,2
-0.9777226991815409,0.00841193811785486,2
-0.9658648657693619,0.011857833412178978,2
-0.9505810826927784,0.015283783076583476,2
-0.9319015822975055,0.01867950039527287,2
-0.9098701449157588,0.022031437381746708,2
-0.8845478853074066,0.025322259608352212,2
-0.8560173850567718,0.02853050025063473,2
-0.8243869219659496,0.03163046309082218,2
-0.7897944726812476,0.034592449284702065,2
-0.7524110959160766,0.03738337676517097,2
-0.7124432562312153,0.039967839684861325,2
-0.6701336407624773,0.04230961546873798,2
-0.6257600710715072,0.044373569690970116,2
-0.5796322307689906,0.046127840302516605,2
-0.5320861159811678,0.04754611478782279,2
-0.4834763530183331,0.04860976296283474,2
-0.43416678211997545,0.04930957089835765,2
-0.3845199331360387,0.04964684898393674,2
-0.334886173159611,0.04963375997642774,2
-0.2855933543039742,0.04929281885563681,2
-0.23693772116606573,0.04865563313790846,2
-0.18917666697288676,0.047761054193178984,2
-0.14252369102045276,0.04665297595243402,2
-0.09714565410825937,0.045378036912193394,2
-0.053162197155466086,0.043983456952793286,2
-0.010647012574142994,0.04251518458132309,2
0.03036944718612341,0.041016459760266404,2
0.06989627568344847,0.039526828497325056,2
0.10797786484463769,0.038081589161189214,2
0.14468947725547449,0.03671161241083681,2
0.18013293411309605,0.035443456857621555,2
0.21443263203440094,0.0342996979213049,2
0.24773202517796822,0.03329939314356727,2
0.280190644032501,0.03245861885453275,2
0.3119816708085403,0.03179102677603931,2
0.3432900530715634,0.03130838226302313,2
0.37431110995207634,0.031021056880512942,2
0.4052495661221755,0.030938456170099143,0
0.4343189347335993,0.02906936861142377,0
0.46172668181863136,0.0274077470850321,1
0.48867304824409674,0.02694636642546536,1
-0.4194436284193507,0.0,0
-0.421212142493528,-0.0017685140741773245,0
-0.42473653828402497,-0.003524395790496973,0
-0.4299915782067258,-0.0052550399227008025,0
-0.436939481006504,-0.006947902799778179,0
-0.44553003175361083,-0.008590550747106834,0
-0.4557007599032756,-0.010170728149664741,0
-0.4673772090007613,-0.011676449097485745,0
-0.4804733234659624,-0.013096114465201097,0
-0.49489197727170947,-0.01441865380574711,0
-0.5105256660256383,-0.01563368875392881,0
-0.5272573779676969,-0.016731711942058573,0
-0.5449616509429138,-0.01770427297521697,0
-0.5635058120115841,-0.01854416106867024,0
-0.58275138478655,-0.019245572774965823,0
-0.6025556378182614,-0.019804253031711357,0
-0.6227732364763846,-0.020217598658123174,0
-0.6432579518849201,-0.02048471540853549,0
-0.663864374488937,-0.020606422604016926,0
-0.6844495774185266,-0.02058520292958965,0
-0.7048746762491783,-0.020425098830651668,0
-0.7250062369036939,-0.020131560654515587,0
-0.7447174917744549,-0.019711254870761027,0
-0.763889334832035,-0.019171843057580122,0
-0.7824110785054383,-0.018521743673403278,0
-0.800180967402707,-0.017769888897268663,0
-0.8171064555067139,-0.016925488104006882,0
-0.8331042635386772,-0.015997808031963264,0
-0.8481002411938077,-0.0149959776551305,0
-0.8620290646538823,-0.013928823460074624,0
-0.8748338031560912,-0.012804738502208854,0
-0.8864653896347615,-0.01163158647867039,0
-0.8968820298808441,-0.010416640246082605,0
-0.9060485826861054,-0.009166552805261323,0
-0.9139359404737097,-0.007887357787604257,2
-0.918520436353861,-0.004584495880151345,2
-0.9197889057115708,-0.0012684693577097602,2
-0.9177377833437957,0.0020511223677750143,2
-0.9123728509387958,0.005364932404999894,2
-0.9037096448232472,0.008663206115548633,2
-0.891774507855223,0.011935136968024184,2
-0.8766062415394898,0.015168266315733167,2
-0.8582582823658761,0.01834795917361375,2
-0.8368012883843237,0.02145699398155247,2
-0.8123259779801666,0.02447531040415706,2
-0.784946014651185,0.027379963328981627,2
-0.754800683875634,0.030145330775550948,2
-0.722057068252037,0.032743615623597025,2
-0.686911404704122,0.035145663547914964,2
-0.6495893134482005,0.03732209125592153,2
-0.6103446321500473,0.039244681298153165,2
-0.5694566755279711,0.04088795662207618,2
-0.5272258685434431,0.042230806984528,2
-0.4839678588986432,0.0432580096447999,2
-0.44000638137100834,0.043961477527634824,2
-0.39566529610941237,0.044341085261596,2
-0.35126032863546675,0.044404967473945615,2
-0.3070910806218158,0.04416924801365097,2
-0.26343384928957797,0.0436572313322378,2
-0.2205356956526887,0.04289815363688926,2
-0.178610056714943,0.041925638937745695,2
-0.13783403047237935,0.04077602624256365,2
-0.0983473023180387,0.03948672815434066,2
-0.06025254905734628,0.03809475326069242,2
-0.023617065219587792,0.03663548383775849,2
0.011524690858589093,0.035141756078176885,2
0.04516794099604614,0.033643250137457045,2
0.07733410764412632,0.03216616664808018,2
0.10806725439513482,0.03073314675100849,2
0.13743063787488616,0.02936338347975134,2
0.16550350926286145,0.028072871387975304,2
0.19237825525661223,0.02687474599375077,2
0.2181579276723291,0.025779672415716895,2
0.24295417916747883,0.024796251495149715,2
0.2668855995143265,0.02393142034684768,2
0.29007643135949523,0.02319083184516876,2
0.31265563501918614,0.022579203659690926,2
0.33475626706074446,0.022100632041558294,2
0.35651513579836075,0.02175886873761629,2
0.3780726971653091,0.02155756136694836,2
0.3995731557066205,0.021500458541311378,2
0.4211647368385444,0.02159158113192386,2
0.44300009736014406,0.021835360521599664,2
0.46523684088467343,0.02223674352452937,1
0.4870381028327847,0.021801261948111276,1
-0.5918215474240298,0.0,2
-0.5903134414006859,0.001508106023344002,2
-0.5873083092378896,0.003005132162796248,2
-0.5828282594117317,0.004480049826157893,2
-0.5769063223488743,0.005921937062857361,2
-0.5695862806998082,0.007320041649066033,2
-0.5609224258595996,0.008663854840208627,2
-0.5509792282071552,0.00994319765244448,2
-0.5398309080090798,0.011148320198075358,2
-0.527560894927082,0.01227001308199783,2
-0.5142611666498509,0.013299728277231103,2
-0.5000314612808497,0.014229705369001113,2
-0.48497836354670615,0.015053097734143591,2
-0.46921427129565435,0.015764092251051784,2
-0.4528562556527393,0.01635801564291504,2
-0.4360248350179189,0.01683142063482038,2
-0.4188426892271766,0.017182145790742266,2
-0.4014333450658333,0.01740934416134331,2
-0.3839198674442533,0.017513477621579947,2
-0.36642359159211113,0.017496275852142203,2
-0.34906293046909437,0.017360661123016746,0
-0.33395228831152984,0.015110642157564509,0
-0.3211884933473008,0.012763794964229051,0
-0.31085118722206867,0.010337306125232171,0
-0.3030033437203862,0.007847843501682501,0
-0.29769181780048976,0.0053115259198963935,0
-0.29494783989503,0.002743977905459788,0
-0.29478738848005875,0.00016045141497121477,0
-0.29721139457098406,-0.002424006090925274,0
-0.30220575393367266,-0.004994359362688607,0
-0.3097411455897017,-0.007535391656029083,0
-0.3197726780220657,-0.010031532432363974,0
-0.3322394067379456,-0.012466728715879893,0
-0.34706378773840857,-0.014824381000462964,0
-0.3641511498927514,-0.017087362154342835,0
-0.3833892837535807,-0.019238133860829315,0
-0.40464825318079095,-0.021258969427210245,0
-0.42778053731788834,-0.023132284137097395,0
-0.4526216021988773,-0.02484106488098896,0
-0.47899098237333815,-0.026369380174460836,0
-0.5066939233064592,-0.0277029409331211,0
-0.5355235962903703,-0.02882967298391102,0
-0.5652638521947828,-0.029740255904412594,0
-0.5956924330982153,-0.030428580903432517,0
-0.6265845171696165,-0.030892084071401156,0
-0.6577164377388793,-0.031131920569262887,0
-0.688869397042378,-0.031152959303498675,0
-0.7198329915712538,-0.03096359452887575,0
-0.7504083797691694,-0.030575388197915575,0
-0.7804109519693144,-0.030002572200144993,0
-0.8096724027664637,-0.029261450797149233,0
-0.8380421520622234,-0.028369749295759715,0
-0.8653881071344764,-0.027345955072253028,0
-0.8915967993137577,-0.026208692179281224,0
-0.9165729616383002,-0.024976162324542438,0
-0.9402386363342181,-0.02366567469591794,0
-0.962531912883239,-0.022293276549020857,0
-0.9834053998511962,-0.020873486967957187,0
-1.0028245284457884,-0.019419128594592182,0
-1.0207657752069115,-0.017941246761123006,0
-1.0372148775368835,-0.016449102329971977,0
-1.0521651008880168,-0.014950223351133437,2
-1.0636156018451992,-0.011450500957182398,2
-1.0715691346537302,-0.007953532808530842,2
-1.0760293466943998,-0.004460212040669631,2
-1.0769989047209496,-0.0009695580265498371,2
-1.0744784474516826,0.0025204572692669462,2
-1.0684663582920242,0.00601208915965855,2
-1.0589593564802682,0.009507001811755999,2
-1.045953910832757,0.013005445647511223,2
-1.0294484825849408,0.016505428247816166,2
-1.0094465975809979,0.02000188500394291,2
-0.9859607282108594,0.02348586937013837,2
-0.9590169272455406,0.026943800965318915,2
-0.9286600953112034,0.030356831934337185,2
-0.8949596797270427,0.03370041558416072,2
-0.8580154975410464,0.036944182185996245,2
-0.8179632588317017,0.040052238709344684,2
-0.7749792546648369,0.04298400416686491,2
-0.7292835926247088,0.04569566204012812,2
-0.6811413422731044,0.048142250351604327,2
-0.6308610231886244,0.05028031908448,2
-0.5787900488613542,0.0520709743272702,2
-0.5253070287083578,0.053483020152996455,2
-0.47081119671311594,0.05449583199524182,2
-0.4157096188247642,0.055101577888351724,2
-0.36040315526147276,0.055306463563291434,2
-0.3052723450029608,0.055130810258511964,2
-0.25066439179593036,0.05460795320703045,2
-0.19688226056581554,0.053782131230114834,2
-0.14417658098869118,0.05270567957712437,2
-0.0927406720773485,0.051435908911342684,2
-0.04270862635313773,0.05003204572421077,2
0.005843911615351971,0.0485525379684897,2
0.052896833776159405,0.047052922160807434,2
0.09848116827733211,0.045584334501172705,2
0.14267382001926227,0.04419265174193014,2
0.1855919998473354,0.042918179828073146,2
0.22738777155207046,0.04179577170473505,1
0.26724301669891803,0.03985524514684757,2
0.3063595985360033,0.03911658183708526,2
0.34495979834510937,0.03860019980910608,2
0.38328342407267,0.03832362572756068,1
0.42058548954416797,0.03730206547149797,1
0.457127194713997,0.03654170516982903,0
0.4921736606197316,0.03504646590573462,0
-0.41556464147586236,0.0,0
-0.4173607865965923,-0.001796145120729975,0
-0.4209402955992155,-0.0035795090026231706,0
-0.42627762949211906,-0.005337333892903581,0
-0.43333454619865774,-0.007056916706538712,0
-0.44206020121175615,-0.00872565501309842,0
-0.4523913149888116,-0.010331113777055402,0
-0.46425243208047684,-0.011861117091665244,0
-0.47755629902969315,-0.01330386694921631,0
-0.49220438753394274,-0.014648088504249583,0
-0.5080875859993748,-0.015883198465432014,0
-0.5250870764069546,-0.016999490407579875,0
-0.5430754045955568,-0.017988328188602173,0
-0.561917741170265,-0.018842336574708247,0
-0.5814733180706996,-0.019555576900434572,0
-0.6015970134148929,-0.02012369534419334,0
-0.6221410457280008,-0.020544032313107894,0
-0.6429567292248763,-0.020815683496875584,0
-0.6638962354381657,-0.020939506213289275,0
-0.6848143038702972,-0.02091806843213148,0
-0.705569845801627,-0.020755541931329734,0
-0.7260273907691005,-0.020457544967473488,0
-0.7460583339829874,-0.020030943213886897,0
-0.7655419541851765,-0.019483620202189123,0
-0.7843661840836957,-0.0188242298985193,0
-0.8024281283891544,-0.018061944305458755,0
-0.8196343365891227,-0.017206208199968195,0
-0.8359008480916732,-0.016266511502550495,0
-0.85115303568755,-0.0152521875958768,0
-0.8653252791506558,-0.014172243463105819,0
-0.87836050421505,-0.013035225064394154,0
-0.890209623343891,-0.011849119128841047,0
-0.9008309139981621,-0.01062129065427112,0
-0.9101893679528197,-0.009358453954657581,0
-0.9182560420413364,-0.008066674088516702,2
-0.9230074369486434,-0.004751394907306975,2
-0.9244303448778408,-0.0014229079291974119,2
-0.9225209024033942,0.001909442474446609,2
-0.9172843037088381,0.00523659869455612,2
-0.9087351850757002,0.008549118633137915,2
-0.8968986659981278,0.011836519077572306,2
-0.8818120051051825,0.015086660892945287,2
-0.8635267975083546,0.018285207596827904,2
-0.8421116024379272,0.02141519507042746,2
-0.8176548457346382,0.024456756703289003,2
-0.7902677926716344,0.02738705306300385,2
-0.7600873370998456,0.030180455571788792,2
-0.7272783103443258,0.03280902675551975,2
-0.692034987486614,0.0352433228577118,2
-0.6545814708105703,0.037453516676043686,2
-0.6151706704591744,0.039410800351395874,2
-0.5740816868736216,0.041088983585552775,2
-0.5316155271849271,0.04246615968869451,2
-0.4880892476554245,0.0435262795295026,2
-0.4438287861535255,0.04426046150189898,2
-0.3991609054414498,0.04466788071207574,2
-0.3544047817561148,0.04475612368533501,2
-0.30986382184442307,0.04454095991169169,2
-0.2658182654871411,0.04404555635728197,2
-0.22251903479981855,0.04329923068732255,2
-0.18018314493621443,0.04233588986360413,2
-0.13899082024187503,0.04119232469433938,2
-0.0990842937088653,0.03990652653300973,2
-0.06056812895696338,0.03851616475190192,2
-0.023510807025763858,0.037057321931199524,2
0.01205273085588586,0.03556353788164972,2
0.046117902828099945,0.034065171972214085,2
0.07870696384312484,0.03258906101502489,2
0.1098653930113378,0.031158429168212952,2
0.13965838937515734,0.029792996363819532,2
0.16816761987235446,0.0285092304971971,2
0.19548831315334309,0.02732069328098862,2
0.22172675080203513,0.026238437648692034,2
0.2469981745858476,0.02527142378381249,2
0.27142510437393186,0.024426929788084226,2
0.2951360451957568,0.023710940821824966,2
0.3182645520513207,0.023128506855563905,2
0.3409486159396808,0.02268406388836007,2
0.3633303326644425,0.022381716724761688,2
0.38555581601850925,0.022225483354066784,2
0.4077753178720187,0.02221950185350945,1
0.42914351859933497,0.021368200727316267,2
0.450812747402543,0.021669228803208044,2
0.47294040873430987,0.022127661331766867,1
0.4946895931609153,0.021749184426605454,1
-0.443678118269333,0.0,0
-0.4452717968044513,-0.0015936785351182857,0
-0.448447536454139,-0.003175739649687687,0
-0.453182147654406,-0.004734611200267046,0
-0.45944096425898806,-0.006258816604582065,0
-0.46717799895725365,-0.007737034698265595,0
-0.4763361718222974,-0.009158172865043798,0
-0.48684762771251056,-0.010511455890213139,0
-0.4986341591256674,-0.011786531413156817,0
-0.5116077501755174,-0.01297359104985001,0
-0.525671254520877,-0.014063504345359676,0
-0.5407192153744607,-0.015047960853583675,0
-0.5566388293766091,-0.015919614002148433,0
-0.5733110485413028,-0.01667221916469359,0
-0.5906118062351692,-0.017300757693866377,0
-0.6084133449225059,-0.017801538687336686,0
-0.6265856159442037,-0.018172271021697863,0
-0.6449977156131508,-0.01841209966894709,0
-0.6635193180072402,-0.018521602394089422,0
-0.6820220634364946,-0.01850274542925448,0
-0.7003808628202934,-0.01835879938379883,0
-0.718475082034326,-0.018094219214032495,0
-0.7361895763237073,-0.01771449428938133,0
-0.7534155525771468,-0.01722597625343948,0
-0.770051245940566,-0.016635693363419142,0
-0.7860024062022495,-0.01595116026168356,0
-0.8011825979357624,-0.01518019173351292,0
-0.8155133259845773,-0.014330728048814807,0
-0.8289240041133517,-0.013410678128774396,0
-0.8413517893086618,-0.012427785195310232,0
-0.8527413072270568,-0.011389517918394891,0
-0.863044295741823,-0.01030298851476617,0
-0.8722191936170547,-0.009174897875231718,0
-0.8802307002868195,-0.008011506669764799,0
-0.8870493308112998,-0.0068186305244802466,0
-0.8926509875861945,-0.005601656774894751,2
-0.8950165675308769,-0.0023655799446823216,2
-0.894138192749588,0.0008783747812889276,2
-0.8900187752515185,0.0041194174980694245,2
-0.8826721791172564,0.0073465961342621,2
-0.8721239724644483,0.010548206652808102,2
-0.8584127325999144,0.013711239864533984,2
-0.8415918361631981,0.016820896436716262,2
-0.8217316305224149,0.01986020564078317,2
-0.7989218430540543,0.022809787468360654,2
-0.7732740428452909,0.02564780020876349,2
-0.7449239285698896,0.02835011427540124,2
-0.7140331828434048,0.03089074572648489,2
-0.6807906151823667,0.033242567661038086,2
-0.6454123215081677,0.03537829367419901,2
-0.6081406256590088,0.0372716958491589,2
-0.5692416418944681,0.03889898376454065,2
-0.5290014053531155,0.040240236541352684,2
-0.4877206508626377,0.04128075449047777,2
-0.44570846304135514,0.04201218782128257,2
-0.4032751508402466,0.042433312201108506,2
-0.3607247954022767,0.04255035543796991,2
-0.31834796380077,0.04237683160150668,2
-0.276415064519642,0.041932899281128054,2
-0.23517074664631632,0.041244317873325664,2
-0.19482962753061006,0.040341119115706245,2
-0.1555734939541337,0.03925613357647637,2
-0.11754998222718063,0.03802351172695306,2
-0.0808726223871428,0.03667735984003784,2
-0.045622043480265585,0.03525057890687721,2
-0.011848085680627889,0.0337739577996377,2
0.020427451195510454,0.03227553687613834,2
0.05120768101124429,0.030780229815733834,2
0.08051735290492744,0.029309671893683147,2
0.10839960510699519,0.027882252202067744,2
0.1349128892485446,0.026513284141549413,2
0.16012816005111735,0.025215270802572732,2
0.18412638757295152,0.02399822752183417,2
0.20699641871367638,0.022870031140724854,2
0.22883319168961724,0.021836772975940864,2
0.24973629107544565,0.020903099385828395,2
0.26980882070498574,0.020072529629540117,2
0.2891565660203775,0.019347745315391733,2
0.30788741517591683,0.018730849155539346,2
0.32611100830134754,0.01822359312543072,2
0.3439385859502025,0.01782757764885496,2
0.3614830102246005,0.01754442427439799,2
0.37885893486129046,0.017375924636689983,2
0.3961831032950733,0.01732416843378281,2
0.413574756087875,0.01739165279280171,2
0.4311561308857384,0.01758137479786341,2
0.4490530390295736,0.01789690814383523,2
0.4673955028848611,0.018342463855287466,1
0.4853184366302415,0.0179229337453804,1
-0.5968771855608692,0.0,2
-0.595332013507402,0.0015451720534672736,2
-0.5922529851048298,0.0030790284025720817,2
-0.5876626828585897,0.00459030224624013,2
-0.5815948538130519,0.006067829045537839,2
-0.5740942454263839,0.007500608386668039,2
-0.565216367825828,0.00887787760055589,2
-0.5550271685817658,0.010189199244062173,2
-0.5436026054711641,0.01142456311060165,2
-0.531028103672015,0.01257450179914908,2
-0.5173978865253863,0.013630217146628749,2
-0.5028141733645072,0.014583713160879096,2
-0.48738624372692224,0.015427929637584919,2
-0.4712293741624039,0.016156869564518336,2
-0.4544636613099866,0.0167657128524173,2
-0.43721275232282186,0.017250908987164755,2
-0.41960251040563445,0.017610241917187394,2
-0.40175964856016516,0.017842861845469297,2
-0.3838103680763789,0.017949280483786238,2
-0.36587903949932205,0.01793132857705687,2
-0.3480869625987432,0.01779207690057881,0
-0.3325512383618024,0.015535724236940827,0
-0.3193712019937083,0.0131800363680941,0
-0.30862882633261574,0.010742375661092523,0
-0.3003892666601899,0.008239559672425834,0
-0.29470144392643,0.0056878227337598805,0
-0.29159857723876015,0.0031028666876698557,0
-0.29109859462504817,0.0004999826137119822,0
-0.2932043719780936,-0.0021057773530454315,0
-0.29790377253888417,-0.004699400560790571,0
-0.30516948244570186,-0.007265709906817687,0
-0.3149586611532493,-0.00978917870754743,0
-0.3272124483346447,-0.012253787181395399,0
-0.34185539049102287,-0.014642942156378184,0
-0.3587948698695733,-0.016939479378550455,0
-0.3779206339947073,-0.019125764125134025,0
-0.39910453433715143,-0.021183900342444082,0
-0.42220058535694754,-0.02309605101979613,0
-0.4470454484308172,-0.024844863073869676,0
-0.4734594276191326,-0.026413979188315385,0
-0.5012480354803438,-0.02778860786121115,0
-0.5302041483095075,-0.028956112829163612,0
-0.5601107240855084,-0.029906575776001015,0
-0.5907440075120228,-0.030633283426514404,0
-0.6218771004311053,-0.031133092919082502,0
-0.6532837384766579,-0.03140663804555253,0
-0.6847420912637343,-0.03145835278707646,0
-0.7160383970537082,-0.031296305789973916,0
-0.7469702545938544,-0.030931857540146112,0
-0.7773494229311011,-0.030379168337246788,0
-0.8070040203742883,-0.029654597443187183,0
-0.8357800608957834,-0.02877604052149505,0
-0.8635423141949103,-0.027762253299126946,0
-0.8901745190945434,-0.02663220489963298,0
-0.9155790149948857,-0.025404495900342293,0
-0.9396758806008971,-0.024096865606011438,0
-0.9624016826334393,-0.022725802032542146,0
-0.9837079406962759,-0.021306258062836647,0
-1.0035594097986185,-0.01985146910234268,0
-1.0219322715545187,-0.018372861755900145,0
-1.0388123111345409,-0.01688003958002218,0
-1.0541931416856731,-0.015380830551132246,0
-1.068074522772319,-0.013881381086645874,2
-1.0784608055457074,-0.010386282773388458,2
-1.0853580759107373,-0.006897270365029804,2
-1.0887717109296,-0.0034136350188627264,2
-1.088704765376332,6.694555326807253e-05,2
-1.0851571768410746,0.0035475885352573276,2
-1.0781257812929694,0.00703139554810518,2
-1.0676051392752215,0.01052064201774786,2
-1.0535891810777736,0.014015958197447989,2
-1.036073682461735,0.01751549861603863,2
-1.0150595757966345,0.021014106665100465,2
-0.9905570796898397,0.02450249610679483,2
-0.9625905884351892,0.027966491254650536,2
-0.9312041970593811,0.031386391375808086,2
-0.8964676471131793,0.034736549946201796,2
-0.8584823659294614,0.037985281183717856,2
-0.8173871480015251,0.04109521792793626,2
-0.7733629102074194,0.04402423779410564,2
-0.7266358702903695,0.046727039917049934,2
-0.6774784833740168,0.049157386916352644,2
-0.6262075558314749,0.051270927542541936,2
-0.5731791586172261,0.053028397214248846,2
-0.5187802781555009,0.05439888046172522,2
-0.4634175351660107,0.0553627429894902,2
-0.4075037033857818,0.05591383178022892,2
-0.3514430878140615,0.056060615571720256,2
-0.2956169999750964,0.05582608783896517,2
-0.2403705518882185,0.055246448086877904,2
-0.1860017844414744,0.0543687674467441,2
-0.13275379937884052,0.05324798506263386,2
-0.08081015592884527,0.051943643449995254,2
-0.03029340592363721,0.05051675000520806,2
0.018733660995315295,0.049027066918952505,2
0.06626467506327532,0.04753101406796002,2
0.11234492549298669,0.04608025042971137,2
0.15706582746459097,0.04472090197160427,1
0.19955916612186164,0.04249333865727066,2
0.24098730069531812,0.041428134573456475,2
0.28154081176522744,0.04055351106990931,2
0.3214342887284796,0.03989347696325219,2
0.36090279115174195,0.03946850242326235,2
0.4001989486567095,0.03929615750496759,1
0.43859060264618516,0.03839165398947565,0
0.4753515837992711,0.03676098115308593,0
-0.5146037781888348,0.0,2
-0.5136712324821222,0.0009325457067126876,2
-0.5118131323420434,0.0018581001400788124,2
-0.5090434061108129,0.0027697262312304707,2
-0.5053828104626139,0.003660595648199016,2
-0.500858766563059,0.004524043899554811,2
-0.49550514047283917,0.005353626090219866,2
-0.48936196728875936,0.006143173184079793,2
-0.48247511893150546,0.0068868483572538785,2
-0.47489591619652055,0.0075792027349848995,2
-0.46668068667498686,0.008215229521533689,2
-0.45789027139022737,0.008790415284759507,2
-0.4485894844177165,0.009300786972510867,2
-0.43884653127772894,0.009742953139987591,2
-0.4287323934047233,0.010114137873005627,2
-0.41832018739437293,0.01041220601035036,2
-0.4076845088962671,0.010635678498105823,2
-0.39690077185752315,0.010783737038743985,2
-0.3860445542504573,0.010856217607065838,2
-0.37519096138517155,0.01085359286528575,0
-0.36641401739804325,0.008776943987128277,0
-0.35977275211024495,0.006641265287798313,0
-0.35531131063181637,0.004461441478428601,0
-0.3530590866715685,0.002252223960247852,0
-0.3530308368064638,2.824986510469897e-05,0
-0.35522674577626034,-0.002195908969796527,0
-0.35963242733505973,-0.004405681558799394,0
-0.3662188604642502,-0.0065864331291904344,0
-0.37494227603418256,-0.008723415569932409,0
-0.38574402349842496,-0.010801747464242397,0
-0.39855046006962996,-0.012806436571204987,0
-0.4132729151386875,-0.01472245506905754,0
-0.4298077894747147,-0.016534874336027166,0
-0.4480368510027198,-0.01822906152800509,0
-0.46782778584745266,-0.01979093484473289,0
-0.4890350543044897,-0.021207268457037028,0
-0.5115010863906384,-0.022466032086148727,0
-0.5350578312285114,-0.023556744837872942,0
-0.5595286500758985,-0.024470818847387138,0
-0.5847305163803279,-0.025201866304429426,0
-0.6104764604267195,-0.025745944046391647,0
-0.6365781737784914,-0.02610171335177184,0
-0.6628486724245473,-0.026270498646055938,0
-0.6891049093465272,-0.026256236921979974,0
-0.7151702281466593,-0.026065318800132124,0
-0.7408765592977034,-0.02570633115104401,0
-0.7660662782263574,-0.02518971892865408,0
-0.7905936676478281,-0.024527389421470654,0
-0.814325952635553,-0.02373228498772482,0
-0.8371439030574417,-0.02281795042188873,0
-0.8589420217836117,-0.021798118726170032,0
-0.8796283566353725,-0.020686334851760815,0
-0.8991239883323096,-0.019495631696937032,0
-0.917362255399224,-0.01823826706691449,0
-0.9342877804590586,-0.016925525059834634,0
-0.9498553613631896,-0.015567580904131045,0
-0.9640287862520556,-0.014173424888866006,0
-0.9767796250203344,-0.012750838768278825,2
-0.9860860418297804,-0.009306416809445946,2
-0.9919343555266291,-0.005848313696848723,2
-0.9943169483325708,-0.002382592805941618,2
-0.9932309342450938,0.0010860140874770089,2
-0.9886776131049624,0.004553321140131437,2
-0.9806627196738646,0.008014893431097701,2
-0.9691974635528033,0.011465256121061253,2
-0.9543003408391016,0.014897122713701732,2
-0.9359996776484752,0.01830066319062635,2
-0.9143368350836546,0.021662842564820633,2
-0.889369962005195,0.024966873078459597,2
-0.861178124960472,0.02819183704472311,2
-0.8298655755939465,0.031312549366525486,2
-0.7955658404626921,0.034299735131254394,2
-0.7584452468217079,0.037120593640984224,2
-0.7187054457483691,0.03973980107333872,2
-0.6765844792984524,0.04212096644991665,2
-0.6323559793922632,0.044228499906189274,2
-0.5863261955590199,0.0460297838332433,2
-0.5388287278371423,0.047497467721877615,2
-0.4902170752111815,0.0486116526259608,2
-0.44085536706485895,0.049361708146322576,2
-0.3911078809592942,0.049747486105564745,2
-0.3413281180758614,0.049779762883432804,2
-0.29184827195693513,0.04947984611892623,2
-0.24296987232093573,0.0488783996359994,2
-0.1949562254413284,0.04801364687960733,2
-0.14802704005059744,0.04692918539073096,2
-0.10235536921825894,0.0456716708323385,2
-0.058066759583646835,0.044288609634612106,2
-0.01524031360397083,0.042826445979676005,2
0.026088744926086267,0.0413290585300571,2
0.06592545655267659,0.03983671162659032,2
0.10431090337515458,0.03838544682247799,2
0.14131776312960947,0.037006859754454884,2
0.1770459483482036,0.03572818521859414,2
0.2116185553330544,0.034572606984850776,2
0.245178269058477,0.0335597137254226,2
0.2778843027526294,0.03270603369415235,2
0.30990989727730933,0.03202559452467994,2
0.3414403651898354,0.03153046791252607,2
0.3726716355113375,0.0312312703215021,2
0.40380923490737525,0.031137599396037788,0
0.43306762615715616,0.029258391249780902,0
0.46065535036560684,0.027587724208450657,1
0.48777379934451626,0.027118448978909422,1
-0.4609325493487249,0.0,0
-0.46239978237904233,-0.001467233030317405,0
-0.46532343359280853,-0.0029236512137661807,0
-0.46968192685197707,-0.004358493259168528,0
-0.47544303548272376,-0.005761108630746669,0
-0.482564057165007,-0.007121021682283258,0
-0.4909920624917117,-0.008428005326704681,0
-0.500664228345202,-0.00967216585349034,0
-0.5115082676217145,-0.010844039276512563,0
-0.5234429658261647,-0.011934698204450101,0
-0.5363788326038632,-0.012935866777698554,0
-0.5502188724351491,-0.013840039831285874,0
-0.5648594736901044,-0.014640601254955277,0
-0.5801914093500584,-0.015331935659954091,0
-0.5961009363906211,-0.015909527040562723,0
-0.6124709746069859,-0.016370038216364766,0
-0.629182340096096,-0.016711365489110154,0
-0.6461150042136337,-0.016932664117537664,0
-0.6631493460297389,-0.017034341816105202,0
-0.6801673654076019,-0.0170180193778631,0
-0.6970538249376355,-0.016886459530033582,0
-0.7136972919997568,-0.016643467062121414,0
-0.7299910569410646,-0.016293764941307742,0
-0.745833909345246,-0.015842852404181346,0
-0.7611307611403917,-0.01529685179514576,0
-0.7757931123180429,-0.0146623511776512,0
-0.7897393618187242,-0.013946249500681233,0
-0.8028949722528683,-0.013155610434144104,0
-0.8151925022533117,-0.01229753000044347,0
-0.8265715242014893,-0.011379021948177482,0
-0.8369784477600478,-0.010406923558558524,0
-0.8463662711114567,-0.009387823351408862,0
-0.8546942821584638,-0.008328011047007106,0
-0.8619277313546287,-0.007233449196164971,0
-0.8680374964942823,-0.0061097651396535375,2
-0.8709997578957408,-0.002962261401458505,2
-0.8708032260220202,0.0001965318737205432,2
-0.8674486446092802,0.0033545814127400194,2
-0.86094882388038,0.006499820728900251,2
-0.8513292020121928,0.009619621868187178,2
-0.838628903261588,0.012700298750604726,2
-0.8229022298318085,0.015726673429779545,2
-0.8042204907496124,0.01868173908219608,2
-0.782674034819205,0.021546455930407493,2
-0.7583743176808303,0.024299717138374664,2
-0.7314557984588902,0.02691851922194011,2
-0.7020774345736615,0.029378363885228766,2
-0.6704235305678448,0.0316539040058167,2
-0.6367037052892478,0.03371982527859701,2
-0.6011517774403896,0.03555192784885824,2
-0.5640234353443464,0.037128342096043196,2
-0.525592650929832,0.038430784414514405,2
-0.4861469125395066,0.03944573839032536,2
-0.4459814725150043,0.04016544002450227,2
-0.40539291599264016,0.04058855652236414,2
-0.36467243888014644,0.04072047711249372,2
-0.3240992612261945,0.04057317765395198,2
-0.28393459015115025,0.04016467107504425,2
-0.24441648641502223,0.039518103736128005,2
-0.20575589144468998,0.038660594970332265,2
-0.16813395395916786,0.03762193748552213,2
-0.13170067572746502,0.036433278231702844,2
-0.096574790742422,0.035125884985043015,2
-0.06284471239609749,0.033730078346324514,2
-0.03057033410278913,0.032274378293308356,2
0.0002145504584141547,0.030784884561203284,2
0.029499435537476287,0.029284885079062132,2
0.05729410416652232,0.027794668629046036,2
0.08362561137798108,0.02633150721145876,2
0.10853538079685553,0.024909769418874444,2
0.13207650770135904,0.023541126904503513,2
0.15431132776520207,0.022234820063843034,2
0.17530928256319117,0.02099795479798911,2
0.19514509106147515,0.019835808498283973,2
0.21389722043642823,0.01875212937495309,2
0.2316466389157357,0.01774941847930747,2
0.24847582695292827,0.016829188037192577,2
0.2644680199519872,0.015992192999058918,2
0.2797066550577444,0.01523863510575717,2
0.2942749954655672,0.014568340407822762,2
0.30825590767878913,0.013980912213221949,2
0.3217317696986332,0.01347586201984408,2
0.334784490938921,0.01305272124028779,2
0.3474956274884869,0.012711136549565915,2
0.3599465790477717,0.012450951559284816,2
0.37221885634906177,0.012272277301290067,2
0.3843944100773358,0.012175553728274039,2
0.39655601420953196,0.012161604132196146,2
0.4087876982649799,0.012231684055447958,2
0.42117522419166437,0.01238752592668444,2
0.43380660447879865,0.01263138028713428,2
0.4467726585494219,0.012966054070623246,2
0.4601676044903676,0.013394945940945683,2
0.47408968263590257,0.013922078145534963,2
0.48864180631418985,0.014552123678287308,2
-0.4271294979481236,0.0,0
-0.42884295978450687,-0.001713461836383245,0
-0.4322575575541898,-0.003414597769682963,0
-0.43734867319340914,-0.005091115639219298,0
-0.4440794704848224,-0.006730797291413221,0
-0.4524010218466249,-0.008321551361802536,0
-0.46225250537620083,-0.009851483529575909,0
-0.4735614930579292,-0.01130898768172839,0
-0.48624435254773646,-0.012682859489807215,0
-0.500206784199218,-0.013962431651481595,0
-0.515344511824425,-0.015137727625206964,0
-0.5315441401012798,-0.016199628276854797,0
-0.5486841837869935,-0.017140043685713594,0
-0.5666362644500006,-0.017952080663007183,0
-0.5852664599946716,-0.01863019554467103,0
-0.604436781702799,-0.019170321708127408,0
-0.6240067438255813,-0.019569962122782277,0
-0.6438349828837759,-0.01982823905819459,0
-0.6637808785876759,-0.01994589570389996,0
-0.6837061262394188,-0.019925247651742993,0
-0.7034762118661364,-0.019770085626717594,0
-0.7229617460304186,-0.0194855341642822,0
-0.7420396198105145,-0.019077873780095886,0
-0.7605939561019113,-0.01855433629139683,0
-0.7785168402646854,-0.017922884162774055,0
-0.7957088252836317,-0.01719198501894635,0
-0.8120792171482143,-0.01637039186458251,0
-0.8275461553868577,-0.015466938238643382,0
-0.8420365111138137,-0.014490355726955968,0
-0.8554856303126509,-0.013449119198837171,0
-0.8678369533559037,-0.012351323043252798,0
-0.8790415430947246,-0.011204589738820851,0
-0.8890575535226037,-0.010016010427879092,0
-0.897849669371692,-0.00879211584908823,0
-0.9053885444071541,-0.0075388750354620955,2
-0.9096502629913037,-0.004261718584149643,2
-0.9106218201962898,-0.0009715572049860512,2
-0.9083003035710207,0.002321516625269159,2
-0.9026927046517542,0.0056075989192664365,2
-0.8938163681575583,0.008876336494195973,2
-0.8817000597635254,0.012116308394032866,2
-0.866385604475711,0.015314455287814385,2
-0.8479300147254538,0.018455589750257136,2
-0.8264079890717196,0.02152202565373418,2
-0.8019146190801649,0.024493369991554763,2
-0.7745680958528273,0.02734652322733769,2
-0.7445121636317411,0.030055932221086205,2
-0.7119180332710937,0.032594130360647414,2
-0.6769854525326799,0.03493258073841375,2
-0.6399426430510636,0.037042809481616305,2
-0.6010448636682121,0.038897779382851536,2
-0.5605714503165773,0.04047341335163478,2
-0.5188213101395501,0.041750140177027134,2
-0.47610699972675696,0.042714310412793194,2
-0.43274767379804796,0.04335932592870899,2
-0.389061326284314,0.04368634751373396,2
-0.34535683623830554,0.043704490046008466,2
-0.3019263590677054,0.043430477170600196,2
-0.25903856366367917,0.042887795404026215,2
-0.21693311589274486,0.042105447770934314,2
-0.17581666759661235,0.041116448296132514,2
-0.1358604527318138,0.03995621486479856,2
-0.09719944344842193,0.038661009283391855,2
-0.05993289817901828,0.03726654526940366,2
-0.024126052190825746,0.03580684598819253,2
0.010187339186166086,0.03431339137699183,2
0.043001898018429706,0.03281455883226362,2
0.07433723110184028,0.03133533308341057,2
0.10423447472576841,0.029897243623928142,2
0.1327529548798638,0.028518480154095395,2
0.15996709096499886,0.02721413608513506,2
0.18596362577869,0.025996534813691123,2
0.21083922668596072,0.02487560090727074,2
0.23469847341586883,0.023859246729908103,2
0.2576522265498686,0.022953753133999742,2
0.27981635646949976,0.022164129919631154,2
0.3013108039611323,0.021494447491632568,2
0.3222589394379595,0.020948135476827216,2
0.342787186548128,0.020528247110168513,2
0.3630248766918211,0.020237690143693074,2
0.3831043027689546,0.020079426077133495,2
0.40316094260375424,0.020056639834799685,2
0.4233338243671475,0.020172881763393262,2
0.4437660074656294,0.02043218309848189,2
0.4646051523627541,0.020839144897124757,1
0.4850041512356248,0.020398998872870663,1
-0.4412510211248145,0.0,0
-0.4428623662827923,-0.0016113451579777794,0
-0.44607333131978294,-0.003210965036990664,0
-0.45086050948893747,-0.004787178169154542,0
-0.45718890541435514,-0.0063283959254177,0
-0.46501208693718427,-0.007823181522829108,0
-0.4742724098209521,-0.009260322883767835,0
-0.4849013317511405,-0.010628921930188356,0
-0.49681983302177063,-0.01191850127063017,0
-0.5099389603921136,-0.013119127370342987,0
-0.5241605077049954,-0.014221547312881819,0
-0.5393778420290711,-0.015217334324075665,0
-0.5554768775473353,-0.01609903551826417,0
-0.5723371915775904,-0.01686031403025509,0
-0.589833268563518,-0.017496076985927627,0
-0.6078358493315182,-0.01800258076800024,0
-0.6262133551429273,-0.01837750581140909,0
-0.6448333498324085,-0.01861999468948122,0
-0.6635639992431545,-0.018730649410745998,0
-0.6822754856810884,-0.018711486437934004,0
-0.7008413363897908,-0.018565850708702463,0
-0.7191396289921134,-0.01829829260232254,0
-0.7370540430872307,-0.017914414095117317,0
-0.7544747351573308,-0.017420692070100077,0
-0.7712990229200158,-0.016824287762685106,0
-0.7874318745154335,-0.016132851595417698,0
-0.8027862067443028,-0.015354332228869262,0
-0.8172830043967111,-0.01449679765240827,0
-0.8308512791189451,-0.013568274722233977,0
-0.8434278910260088,-0.012576611907063755,0
-0.8549572593242878,-0.01152936829827905,0
-0.8653909896519306,-0.010433730327642797,0
-0.8746874458711451,-0.009296456219214445,0
-0.8828112929183398,-0.008123847047194748,0
-0.8897330353205904,-0.006921742402250679,0
-0.8954285733968191,-0.005695538076228691,2
-0.8978787962225301,-0.0024502228257109776,2
-0.8970756836093996,0.0008031126131304417,2
-0.893021850952328,0.004053832657071564,2
-0.8857306989554253,0.007291151996902619,2
-0.8752271613194922,0.010503537635933098,2
-0.8615490147378296,0.01367814658166254,2
-0.8447486841399503,0.016800330597879286,2
-0.824895440600732,0.019853243539218295,2
-0.802077849470178,0.022817591130554045,2
-0.7764062836039869,0.02567156586619107,2
-0.7480152747952461,0.028391008808740757,2
-0.7170654416599964,0.030949833135249696,2
-0.6837447123335385,0.033320729326457944,2
-0.6482685643403249,0.035476147993213664,2
-0.6108790399540164,0.03738952438630849,2
-0.571842367969462,0.03903667198455439,2
-0.5314451309178049,0.04039723705165707,2
-0.48998905163556145,0.04145607928224343,2
-0.4477846183826074,0.04220443325295403,2
-0.4051439016327629,0.04264071674984446,2
-0.36237301545432693,0.04277088617843598,2
-0.31976472371360926,0.04260829174071769,2
-0.2775916771034224,0.04217304661018685,2
-0.23610069394698638,0.04149098315643605,2
-0.1955083796473125,0.04059231429967388,2
-0.1559982376871499,0.03951014196016259,2
-0.11771928238189638,0.03827895530525351,2
-0.0807860401068346,0.036933242275061784,2
-0.04527973469003369,0.03550630541680091,2
-0.011250399357115852,0.03402933533291784,2
0.021280359769849558,0.03253075912696541,2
0.05231621177097645,0.031035852001126893,2
0.08188279171054455,0.029566579939568093,2
0.11002442201617144,0.028141630305626886,2
0.13680100582270574,0.026776583806534304,2
0.16228518937469497,0.025484183551989233,2
0.1865598520636651,0.024274662688970137,2
0.20971595154553727,0.023156099481872174,2
0.2318507278977845,0.02213477635224724,2
0.2530662543142306,0.021215526416446088,2
0.27346831131215704,0.020402056997926476,2
0.2931655555960727,0.019697244283915664,2
0.31226895237511776,0.01910339677904504,2
0.3308914399985157,0.018622487623397983,2
0.3491477973715513,0.018256357373035575,2
0.36715468704355597,0.018006889672004627,2
0.3850308495813091,0.017876162537753156,2
0.40289742744590673,0.017866577864597624,2
0.4208783987590362,0.0179809713131295,2
0.43910110281085796,0.01822270405182177,2
0.4576968396828186,0.018595736871960616,2
0.476801525682812,0.0191046859999934,1
0.4955563841308252,0.0187548584480132,1
-0.4497646293416996,0.0,0
-0.45131386834766263,-0.0015492390059630504,0
-0.4544010050528122,-0.0030871367051496235,0
-0.4590034054649159,-0.004602400412103695,0
-0.4650872446493488,-0.006083839184432891,0
-0.4726076701849147,-0.007520425535565851,0
-0.4815090392121906,-0.008901369027275926,0
-0.4917252430869528,-0.010216203874762169,0
-0.5031801343355184,-0.01145489124856566,0
-0.515788069640738,-0.012607935305219569,0
-0.5294545798800632,-0.013666510239325178,0
-0.5440771738462192,-0.014622593966156023,0
-0.5595462764213769,-0.015469102575157701,0
-0.5757462950235942,-0.016200018602217363,0
-0.5925568006198697,-0.016810505596275557,0
-0.6098538021283232,-0.01729700150845351,0
-0.6275110862831267,-0.017657284154803533,0
-0.6454015896525672,-0.01789050336944056,0
-0.6633987660214538,-0.01799717636888654,0
-0.6813779111401133,-0.0179791451186595,0
-0.6992174080498179,-0.017839496909704603,0
-0.7167998597270513,-0.017582451677233428,0
-0.7340130813315138,-0.01721322160446247,0
-0.7507509314012175,-0.01673785006970376,0
-0.76691396930589,-0.01616303790467248,0
-0.7824099345044075,-0.015495965198517567,0
-0.7971540510479059,-0.014744116543498359,0
-0.8110691678202009,-0.01391511677229495,0
-0.8240857508414738,-0.013016583021272909,0
-0.8361417483643165,-0.012055997522842662,0
-0.8471823523969966,-0.01104060403268007,0
-0.8571596817587058,-0.009977329361709222,0
-0.8660324119628096,-0.008872730204103736,0
-0.8737653763537537,-0.007732964390944148,0
-0.8803291612337506,-0.006563784879996852,0
-0.8856997154454737,-0.0053705542117230155,2
-0.8878579922402569,-0.002158276794783236,2
-0.8867964987477122,0.0010614934925446845,2
-0.8825189085354065,0.004277590212305671,2
-0.8750402526592248,0.007478655876181689,2
-0.864387679733187,0.010652572926037794,2
-0.8506017460796116,0.013785933653575385,2
-0.8337381650906961,0.016863580988915477,2
-0.8138699094364934,0.01986825565420271,2
-0.7910895208147671,0.022780388621726263,2
-0.7655114413928205,0.02557807942194663,2
-0.737274142839266,0.028237298553554474,2
-0.7065417988890412,0.030732343950224738,2
-0.6735052333783441,0.03303656551069712,2
-0.638381885798835,0.03512334757950905,2
-0.6014145775275731,0.03696730827126189,2
-0.5628689372929567,0.03854564023461638,2
-0.5230294516764399,0.039839485616516894,2
-0.4821942359872609,0.040835215689178965,2
-0.44066875642147485,0.04152547956578603,2
-0.3987588554810825,0.04190990094039239,2
-0.35676351859122346,0.04199533688985901,2
-0.3149678550341001,0.04179566355712337,2
-0.27363674406818517,0.04133111096591491,2
-0.2330095216329733,0.04062722243521186,2
-0.19329596830269824,0.03971355333027507,2
-0.1546737251610567,0.03862224314164154,2
-0.11728713218087655,0.03738659298018016,2
-0.08124737124333448,0.036039760937542076,2
-0.046633714469916196,0.03461365677341828,2
-0.013495632161824457,0.03313808230809174,2
0.018144498852376782,0.03164013101420124,2
0.0482883327090816,0.030143833856704823,2
0.07695835305677687,0.028670020347695266,2
0.10419470708340668,0.027236354026629814,2
0.1300522059036136,0.025857498820206912,2
0.15459758096313378,0.024545375059520175,2
0.17790705033332405,0.02330946937019028,2
0.20006421986517592,0.022157169531851876,2
0.2211583223575215,0.021094102492345574,2
0.241282782586909,0.02012446022938748,2
0.26053408624918045,0.019251303662271436,2
0.27901092543556977,0.0184768391863893,2
0.2968135911044604,0.01780266566889058,2
0.3140435831409648,0.017229992036504427,2
0.33080341021864185,0.016759827077677012,2
0.34719655416291206,0.01639314394427022,2
0.36332757639082214,0.0161310222279101,2
0.3793023469197651,0.015974770528942972,2
0.39522837914668174,0.01592603222691663,2
0.41121525591223446,0.015986876765552726,2
0.4273751341323079,0.01615987822007342,2
0.4438233163664686,0.01644818223416071,2
0.46067887795657747,0.016855561590108863,2
0.47806533763863174,0.01738645968205429,2
0.4961113575928351,0.018046019954203334,1
-0.5775822637735758,0.0,2
-0.5761791551382245,0.0014031086353513168,2
-0.5733833270216983,0.002795828116526192,2
-0.5692155013718239,0.004167825649874382,2
-0.5637066171650256,0.0055088842067982395,2
-0.556897649460391,0.0068089677046345755,2
-0.5488393553703532,0.008058294090037804,2
-0.5395919377851399,0.009247417585213306,2
-0.529224617499175,0.010367320285964867,2
-0.5178151054020825,0.011409512097092492,2
-0.5054489686549724,0.012366136747110214,2
-0.4922188882080967,0.013230080446875618,2
-0.4782238094491226,0.013995078758974079,2
-0.4635679929126144,0.014655816536508213,2
-0.44835997744789563,0.015208015464718784,2
-0.43271147358795176,0.0156485038599439,2
-0.4167362096185728,0.015975263969378997,2
-0.40054875657409156,0.01618745304448121,2
-0.3842633607206377,0.016285395853453847,2
-0.36799281278681983,0.016270547933817887,2
-0.35184738217170675,0.01614543061511309,0
-0.3379338416675202,0.013913540504186549,0
-0.32634189524729723,0.011591946420222998,0
-0.3171445274462745,0.009197367801022692,0
-0.3103984506303423,0.00674607681593221,0
-0.3061445621581375,0.004253888472204824,0
-0.3044083376223619,0.0017362245357755973,0
-0.3052001040928137,-0.000791766470451768,0
-0.3085151572645957,-0.0033150531717820383,0
-0.3143337076307995,-0.005818550366203749,0
-0.3226206624758428,-0.008286954845043316,0
-0.33332527195544487,-0.010704609479602056,0
-0.3463806880749392,-0.013055416119494321,0
-0.36170350409012997,-0.015322816015190754,0
-0.37919335753705097,-0.017489853446921,0
-0.39873269124939625,-0.019539333712345272,0
-0.42018677163908075,-0.021454080389684473,0
-0.4434040605037132,-0.0232172888646325,0
-0.46821702433918744,-0.024812963835474218,0
-0.4944434429805963,-0.026226418641408823,0
-0.5218882479144372,-0.02744480493384089,0
-0.5503458817496026,-0.02845763383516546,0
-0.5796031274890517,-0.029257245739449062,0
-0.6094423139426708,-0.029839186453619077,0
-0.6396447669422578,-0.030202452999586994,0
-0.6699943497477352,-0.030349582805477414,0
-0.700280923778045,-0.030286574030309793,0
-0.7303035642750136,-0.030022640496968712,0
-0.7598733841800189,-0.02956981990500531,0
-0.7888158506984142,-0.028942466518395223,0
-0.8169725184750916,-0.02815666777667741,0
-0.8442021459662795,-0.027229627491187913,0
-0.8703812025559972,-0.026179056589717694,0
-0.8954038092060949,-0.02502260665009766,0
-0.9191811822850388,-0.023777373078943898,0
-0.9416406675383111,-0.022459485253272356,0
-0.9627244591488494,-0.02108379161053835,0
-0.9823880987171035,-0.01966363956825417,0
-1.0005988425992305,-0.018210743882126925,0
-1.017333975419169,-0.01673513281993844,0
-1.0325791346530289,-0.015245159233859745,2
-1.0443266976052492,-0.01174756295222037,2
-1.0525743532771503,-0.008247655671901093,2
-1.0573223341795064,-0.004747980902356093,2
-1.058571468244542,-0.001249134065035483,2
-1.056322057535753,0.002249410708788915,2
-1.0505735834054089,0.005748474130344121,2
-1.0413252374968953,0.0092483459085136,2
-1.0285772795241155,0.012747957972779845,2
-1.0123332210754792,0.01624405844863628,2
-0.992602824782086,0.019730396293393213,2
-0.9694058851696457,0.023196939612440282,2
-0.9427767169886082,0.026629168181037395,2
-0.912769215685643,0.030007501302965256,2
-0.8794622724206735,0.03330694326496937,2
-0.8429652264179763,0.03649704600269726,2
-0.8034229303403848,0.039542296077591486,2
-0.7610199069981581,0.04240302334222665,2
-0.715983012226504,0.04503689477165414,2
-0.6685820172879882,0.047400994938515816,2
-0.619127610329459,0.0494544069585292,2
-0.5679665043607874,0.05116110596867148,2
-0.5154736221051652,0.05249288225562225,2
-0.46204167246633804,0.05343194963882719,2
-0.40806878143172903,0.053972891034609026,2
-0.3539451217536947,0.05412365967803432,2
-0.3000396374966934,0.05390548425700133,2
-0.24668794528099874,0.05335169221569465,2
-0.1941823168490234,0.05250562843197534,2
-0.14276434878832667,0.05141796806069673,2
-0.0926205707382266,0.05014377805010007,2
-0.04388090310978732,0.04873966762843929,2
0.0033803955068182276,0.047261298616605545,2
0.04914182267690208,0.04576142717008385,2
0.09343036851231407,0.04428854583541199,2
0.13631647697539767,0.0428861084630836,2
0.17790873773032845,0.04159226075493079,2
0.218348705085302,0.040439967354973544,2
0.2578061228509655,0.03945741776566349,2
0.29647472353422727,0.03866860068326179,2
0.33456867576010163,0.03809395222587439,2
0.3723196777655826,0.037751002005480976,1
0.408974635763434,0.03665495799785142,0
0.44378675545091145,0.03481211968747743,0
0.4770059881065136,0.03321923265560219,0
-0.4985198049651652,0.0,2
-0.4977077198428269,0.0008120851223382659,2
-0.4960896224427086,0.0016180974001183132,2
-0.49367760957245654,0.0024120128702520747,2
-0.4904897042070809,0.0031879053653756707,2
-0.4865497087652138,0.003939995441867073,2
-0.4818870095615492,0.004662699203664633,2
-0.47653633279466723,0.005350676766881967,2
-0.4705374528467674,0.005998879947899805,2
-0.4639348542610048,0.0066025985857626176,2
-0.45677734951519416,0.0071575047458106306,2
-0.44911765560178774,0.00765969391340645,2
-0.4410119334107011,0.008105722191086625,2
-0.4325192949372191,0.008492638473482049,2
-0.4237012843354715,0.008818010601747592,2
-0.4146213397379257,0.009079944597545788,2
-0.40534424349358233,0.009277096244343341,2
-0.39593556898033655,0.009408674513245771,2
-0.38646113237183854,0.009474436608497996,2
-0.3769864576555845,0.009474674716254098,0
-0.3695762627971051,0.007410194858479385,0
-0.3642805673879267,0.005295695409178425,0
-0.3611347819119955,0.0031457854759311715,0
-0.36015980430964,0.0009749776023554963,0
-0.3613620904274102,-0.0012022861177701637,0
-0.36473367784598276,-0.0033715874185725617,0
-0.3702521566328189,-0.0055184787868361364,0
-0.37788059497086623,-0.007628438338047354,0
-0.38756744158701123,-0.009686846616144997,0
-0.39924643963960726,-0.011678998052596049,0
-0.41283659736686285,-0.013590157727255603,0
-0.4282422684392774,-0.015405671072414534,0
-0.4453533986842999,-0.017111130245022557,0
-0.46404599483125164,-0.018692596146951738,0
-0.4841828645562691,-0.02013686972501742,0
-0.5056146651780614,-0.02143180062179231,0
-0.5281812812011278,-0.02256661602306644,0
-0.5517135295147466,-0.02353224831361882,0
-0.5760351670939294,-0.02432163757918277,0
-0.6009651517314025,-0.0249299846374731,0
-0.6263200841925197,-0.025354932461117214,0
-0.6519167427333619,-0.025596658540842154,0
-0.6775746102435964,-0.02565786751023453,0
-0.7031182916890355,-0.02554368144543904,0
-0.7283797253537517,-0.02526143366471623,0
-0.7532001048822798,-0.024820379528528093,0
-0.7774314486418751,-0.024231343759595285,0
-0.8009377761766595,-0.023506327534784443,0
-0.8235958759746818,-0.022658099798022194,0
-0.8452956720169714,-0.021699796042289665,0
-0.8659402166767058,-0.02064454465973444,0
-0.8854453531828529,-0.01950513650614706,0
-0.9037391014547522,-0.018293748271899283,0
-0.9207608266928641,-0.01702172523811185,0
-0.9364602512175664,-0.01569942452470231,0
-0.9507963675445114,-0.014336116326944945,0
-0.963736305576599,-0.012939938032087595,2
-0.9732542000777955,-0.009517894501196604,2
-0.9793333534702096,-0.006079153392414046,2
-0.9819641405711851,-0.0026307871009755767,2
-0.9811426483033097,0.0008214922678754324,2
-0.9768700821775365,0.004272566125773187,2
-0.9691529519259633,0.007717130251573207,2
-0.9580040325104671,0.01114891941549619,2
-0.9434440795532734,0.014559952957193725,2
-0.9255042558134112,0.017939823739862144,2
-0.9042291939663508,0.021275061847060357,2
-0.8796805779983864,0.02454861596796447,2
-0.8519410702006242,0.027739507797762235,2
-0.8211183450198873,0.030822725180736754,2
-0.7873489206296868,0.033769424390200635,2
-0.7508014141651812,0.03654750646450558,2
-0.7116788014956149,0.03912261266956625,2
-0.6702192542266538,0.041459547268961006,2
-0.626695171720533,0.04352408250612083,2
-0.5814101351402765,0.04528503658025651,2
-0.534693683758963,0.04671645138131356,2
-0.48689403593027825,0.04779964782868475,2
-0.43836911767358455,0.04852491825669367,2
-0.38947647952525594,0.0488926381483286,2
-0.34056283462167125,0.04891364490358468,2
-0.2919540057635291,0.04860882885814215,2
-0.24394601436618965,0.04800799139733943,2
-0.1967978914917393,0.04714812287445037,2
-0.1507265725912456,0.04607131890049369,2
-0.1059039958455274,0.04482257674571822,2
-0.06245630076241574,0.04344769508311166,2
-0.02046485003356495,0.04199145072885079,2
0.020031310828995924,0.04049616086256087,2
0.059031984434148706,0.03900067360515278,2
0.09657175940508866,0.037539774970939965,2
0.13271572124228176,0.03614396183719311,2
0.16755523072692904,0.034839509484647285,2
0.20120398660036934,0.0336487558734403,2
0.23379451554964634,0.032590528949277,2
0.26547516912313424,0.03168065357348792,2
0.2964076566040173,0.030932487480883047,2
0.32676510497313266,0.030357448369115383,2
0.3567306101817067,0.029965505208574043,2
0.3864962255244192,0.029765615342712503,0
0.414262320216909,0.027766094692489793,0
0.4402230170001724,0.025960696783263414,1
0.46556489559256464,0.025341878592392206,1
0.49047371561360936,0.024908820021044713,1
-0.5478232234657299,0.0,2
-0.5466416999886972,0.0011815234770327335,2
-0.5442874921923935,0.002354207796303688,2
-0.54077821862397,0.0035092735684234917,2
-0.5361401562653111,0.004638062358658982,2
-0.5304080557416767,0.005732100523634405,2
-0.5236248891687553,0.006783166572921482,2
-0.5158415267440556,0.0077833624246997045,2
-0.5071163384344978,0.008725188309557867,2
-0.4975147180346236,0.009601620399874193,2
-0.487108528473616,0.01040618956100758,2
-0.475975469476728,0.011133058996888039,2
-0.46419837141770853,0.011777098059019423,2
-0.4518644222563079,0.012333949161400605,2
-0.43906433761678954,0.012800084639518395,2
-0.42589148708029806,0.013172850536491495,2
-0.41244099238216275,0.013450494698135303,2
-0.39880881519147243,0.013632177190690323,2
-0.38509085331599113,0.01371796187548132,2
-0.3713820643971337,0.013708788918857382,2
-0.3577756353920905,0.013606429005043231,2
-0.3443622144209433,0.013413420971147214,0
-0.33322921900127256,0.011132995419670721,0
-0.32444763634929435,0.008781582651978183,0
-0.31807240084672095,0.006375235502573411,0
-0.31414278431701903,0.0039296165297019025,0
-0.3126827309170749,0.00146005339994417,0
-0.313701085263058,-0.001018354345983147,0
-0.3171916814168546,-0.0034905961537965917,0
-0.32313328057832685,-0.005941599161472238,0
-0.33148936596805306,-0.008356085389726216,0
-0.3422078237330354,-0.010718457764982325,0
-0.3552205579967408,-0.013012734263705389,0
-0.37044310546203396,-0.015222547465293182,0
-0.3877743290705168,-0.01733122360848282,0
-0.40709627969201667,-0.019321950621499877,0
-0.4282743180967376,-0.02117803840472093,0
-0.4511575850670146,-0.02288326697027697,0
-0.4755798943496066,-0.024422309282592033,0
-0.501361100904626,-0.025781206555019427,0
-0.5283089663328651,-0.026947865428238977,0
-0.5562215065062058,-0.027912540173340803,0
-0.5848897665938404,-0.028668260087634564,0
-0.6141009301283945,-0.029211163534554132,0
-0.6436416361148487,-0.029540705986454183,0
-0.6733013556777365,-0.029659719562887817,0
-0.7028756704197321,-0.02957431474199561,0
-0.7321692998052243,-0.029293629385492174,0
-0.7609987437309258,-0.02882944392570147,0
-0.7891944363666221,-0.028195692635696337,0
-0.8166023443499127,-0.027407907983290587,0
-0.8430849819027076,-0.026482637552794945,0
-0.8685218529988742,-0.025436871096166547,0
-0.8928093627934578,-0.0242875097945836,0
-0.9158602648120581,-0.02305090201860031,0
-0.9376027259347248,-0.02174246112266674,0
-0.957979098240665,-0.02037637230594016,0
-0.9769444864560984,-0.01896538821543344,0
-0.9944651937432036,-0.017520707287105242,0
-1.0105171187355493,-0.01605192499234573,0
-1.0250841648190137,-0.014567046083464317,2
-1.0361567101560674,-0.011072545337053714,2
-1.0437306267446698,-0.007573916588602414,2
-1.0478046785521613,-0.004074051807491451,2
-1.0483787345064424,-0.0005740559542810955,2
-1.0454528061566397,0.0029259283498026998,2
-1.0390269120532805,0.006425894103359276,2
-1.0291017689549378,0.009925143098342741,2
-1.015680308846963,0.013421460107974653,2
-0.9987700154523997,0.016910293394563326,2
-0.9783860594784541,0.020383955973945548,2
-0.9545551835913323,0.023830875887121804,2
-0.9273202421292952,0.02723494146203714,2
-0.896745234610155,0.0305750075191402,2
-0.8629205869731278,0.03382464763702717,2
-0.8259683357447332,0.03695225122839459,2
-0.7860467697487002,0.039921565996032894,2
-0.7433540003938209,0.042692769354879354,2
-0.6981298896009696,0.045224110792851394,2
-0.6506557905722047,0.047474099028764885,2
-0.6012516722363405,0.04940411833586422,2
-0.5502704106543875,0.050981261581952965,2
-0.4980893251937909,0.052181085460596605,2
-0.44509937391796217,0.052989951275828735,2
-0.3916927413124907,0.053406632605471474,2
-0.3382497859470297,0.05344295536546098,2
-0.28512641265810046,0.05312337328892926,2
-0.23264287012069823,0.05248354253740223,2
-0.18107476501163533,0.051568105109062914,2
-0.13064677615185105,0.050427988859784265,2
-0.08152921136415962,0.04911756478769143,2
-0.03383723973758066,0.04769197162657896,2
0.012367601618241561,0.04620484135582222,2
0.057074163549329045,0.044706561931087484,2
0.10031728246378753,0.043243118914458485,2
0.14217276446260488,0.041855481998817355,2
0.18275221731340177,0.04057945285079689,2
0.22219808403459415,0.03944586672119237,2
0.26067912066154814,0.038481036626953985,2
0.29838645921648904,0.03770733855494092,2
0.3355303116200357,0.03714385240354667,2
0.3723373026982403,0.03680699107820459,1
0.4080483685762361,0.035711065877995836,0
0.4419100591064767,0.03386169053024055,0
0.47416519839088467,0.032255139284408006,1
-0.537059957148237,0.0,2
-0.5359590257255097,0.0011009314227272409,2
-0.5337654136692704,0.0021936120562392174,2
-0.5304955636487764,0.0032698500204940226,2
-0.5261739914083924,0.004321572240384027,2
-0.5208331052415613,0.005340886166831085,2
-0.5145129613644193,0.006320143877142026,2
-0.5072609526562561,0.0072520087081630845,2
-0.49913142856519993,0.008129524091056202,2
-0.49018524483798837,0.00894618372721159,2
-0.4804892431209687,0.009696001717019669,2
-0.470115662344573,0.010373580776395663,2
-0.45914148604564586,0.010974176298927189,2
-0.4476477322576938,0.011493753787952109,2
-0.43571869513126404,0.011929037126429743,2
-0.4234411498388329,0.012277545292431146,2
-0.41090353437270766,0.012537615466125227,2
-0.3981951233797933,0.012708410992914369,2
-0.3854052100485152,0.012789913331278125,2
-0.372622312176272,0.012782897872243189,0
-0.3619334178665936,0.010688894309678378,0
-0.35341003577066316,0.00852338209593046,0
-0.34710833200859376,0.006301703762069405,0
-0.34306932107409854,0.004039010934495213,0
-0.3413190543789764,0.0017502666951221212,0
-0.3418687625135386,-0.0005497081345622046,0
-0.344714922120338,-0.002846159606799406,0
-0.34983923454983523,-0.00512431242949726,0
-0.3572085203419865,-0.00736928579215127,0
-0.3667745502650207,-0.009566029923034168,0
-0.37847384933231215,-0.01169929906729143,0
-0.3922275240181725,-0.013753674685860374,0
-0.4079411737951965,-0.015713649777023993,0
-0.4255049550138781,-0.017563781218681563,0
-0.4447938669230469,-0.019288911909168812,0
-0.46566832531569285,-0.020874458392645935,0
-0.4879750782628777,-0.02230675294718487,0
-0.5115485006384712,-0.023573422375593473,0
-0.5362122803921883,-0.02466377975371706,0
-0.5617814814350032,-0.02556920104281486,0
-0.5880649380303559,-0.026283456595352722,0
-0.6148679068086138,-0.026802968778257986,0
-0.6419948782126322,-0.027126971404018395,0
-0.6692524323035012,-0.027257554090868902,0
-0.6964520165567893,-0.027199584253288216,0
-0.7234125265030785,-0.02696050994628919,0
-0.7499625833712573,-0.02655005686817877,0
-0.7759424245390921,-0.025979841167834798,0
-0.8012053498691842,-0.025262925330092077,0
-0.8256186967053246,-0.024413346836140402,0
-0.8490643452571266,-0.02344564855180195,0
-0.8714387816363498,-0.022374436379223178,0
-0.8926527660525164,-0.021213984416166624,0
-0.9126306676734395,-0.0199779016209231,0
-0.9313095353213392,-0.018678867647899777,0
-0.9486379751138829,-0.017328439792543688,0
-0.964574903434924,-0.015936928321041093,0
-0.979088237509944,-0.014513334075019969,2
-0.990153577653624,-0.011065340143679946,2
-0.9977554362108736,-0.007601858557249632,2
-1.0018847452659487,-0.004129309055075153,2
-1.0025371178385916,-0.0006523725726428047,2
-0.9997118956008167,0.0028252222377747947,2
-0.993411997975668,0.006299897625148764,2
-0.9836445747646464,0.009767423211021618,2
-0.9704224526104236,0.013222122154222776,2
-0.9537663499977762,0.0166561026126474,2
-0.9337078117404372,0.020058538257339026,2
-0.9102927782743891,0.023415033466048032,2
-0.8835856551715005,0.026707123102888662,2
-0.8536736839333272,0.029911971238173258,2
-0.8206713395406015,0.03300234439272571,2
-0.7847244011451073,0.03594693839549409,2
-0.7460132725693386,0.03871112857576877,2
-0.7047550864460757,0.04125818612326296,2
-0.6612041297582615,0.0435509566878142,2
-0.6156501970364893,0.045553932721772175,2
-0.5684146201925271,0.04723557684396214,2
-0.5198439362211018,0.048570683971425284,2
-0.4703014129494478,0.049542523271654024,2
-0.4201569188577024,0.05014449409174539,2
-0.3697758464452621,0.05038107241244029,2
-0.3195079333785486,0.050267913066713514,2
-0.2696768419398794,0.049831091438669185,2
-0.22057125121754406,0.049105590722335335,2
-0.1724380113469161,0.04813323987062797,2
-0.12547764810330772,0.04696036324360838,2
-0.07984223940629016,0.04563540869701756,2
-0.03563545662522888,0.044206782781061285,2
0.007085598769519169,0.04272105539474805,2
0.04830721895723649,0.04122162018771732,2
0.088055046087892,0.039747827130655514,2
0.12638959616217146,0.03833455007427947,2
0.16340171466621906,0.0370121185040476,2
0.19920824243534627,0.03580652776912722,2
0.2339480840413244,0.034739841605978136,2
0.26777879367879115,0.03383070963746676,2
0.3008737296591101,0.03309493598031896,2
0.33341977917109067,0.03254604951198059,2
0.3656156185262997,0.03219583935520903,2
0.3976704479630399,0.032054829436740186,1
0.4288031210169573,0.03113267305391739,0
0.45823437134308914,0.02943125032613184,0
0.48617852438722525,0.027944153044136125,1
-0.533143720481038,0.0,2
-0.5320721431770331,0.0010715773040048655,2
-0.5299370224601346,0.002135120716898478,2
-0.5267543677562941,0.003182654703840514,2
-0.5225480464647717,0.004206321291522415,2
-0.5173496056287004,0.005198440836071386,2
-0.5111980308219614,0.006151574806739048,2
-0.5041394401491442,0.00705859067281716,2
-0.49622671160975484,0.007912728539389407,2
-0.48751904291340864,0.008707668696346177,2
-0.47808144414639026,0.009437598767018362,2
-0.46798416543329735,0.0100972787130929,2
-0.45730206381770244,0.010682101615594897,2
-0.44611391587060895,0.01118814794709352,2
-0.4345016848625716,0.011612231008037337,2
-0.42254975352537716,0.011951931337194438,2
-0.41034413530186375,0.01220561822351343,2
-0.397971678373767,0.012372456928096768,2
-0.38551927753599124,0.012452400837775787,2
-0.37307310906609586,0.012446168469895392,0
-0.3627179030896405,0.010355205976455338,0
-0.3545230009850401,0.008194902104600438,0
-0.34854248771945495,0.005980513265585146,0
-0.3448153722520564,0.0037271154673985517,0
-0.3433657620788525,0.001449610173203897,0
-0.34420299050350245,-0.0008372284246499625,0
-0.3473216699950337,-0.0031186794915312828,0
-0.35270166110676715,-0.005379991111733403,0
-0.3603079630466747,-0.007606301939907535,0
-0.37009054831631666,-0.009782585269642005,0
-0.38198417905674603,-0.011893630740429376,0
-0.3959082559547027,-0.013924076897956671,0
-0.41176676076107044,-0.015858504806367763,0
-0.42944835956483085,-0.017681598803760433,0
-0.4488267348717544,-0.019378375306923545,0
-0.46976120935353366,-0.020934474481779246,0
-0.49209771233837846,-0.022336502984844818,0
-0.5156701217904704,-0.023572409452092033,0
-0.5403019905390173,-0.02463186874854685,0
-0.5658086375956524,-0.02550664705663507,0
-0.5919995560559137,-0.026190918460261326,0
-0.6186810613654753,-0.02668150530956156,0
-0.6456590808195064,-0.026978019454031103,0
-0.6727419698567677,-0.027082889037261252,0
-0.6997432349565273,-0.027001265099759683,0
-0.7264840474839931,-0.026740812527465723,0
-0.7527954470493025,-0.026311399565309347,0
-0.7785201550054072,-0.0257247079561047,0
-0.8035139458795723,-0.02499379087416504,0
-0.8276465536692171,-0.024132607789644895,0
-0.8508021179901046,-0.02315556432088753,0
-0.8728791995231424,-0.022077081533037758,0
-0.8937904133446276,-0.020911213821485176,0
-0.9134617417175295,-0.01967132837290192,0
-0.931831594770589,-0.018369853053059517,0
-0.948849688849168,-0.017018094078579068,0
-0.9644758092554421,-0.01562612040627408,0
-0.9786785178592651,-0.01420270860382297,2
-0.9894338578997699,-0.010755340040504824,2
-0.9967266413458836,-0.007292783446113763,2
-1.0005480273528888,-0.003821386007005156,2
-1.0008938554314144,-0.0003458280785255132,2
-0.9977637651114695,0.0031300903199449367,2
-0.9911611160585937,0.006602649052875829,2
-0.981093709812535,0.010067406246058782,2
-0.9675753019940058,0.013518407818529253,2
-0.9506278773551297,0.016947424638876107,2
-0.9302846351140347,0.020343242241094996,2
-0.9065935950194767,0.023691040094557973,2
-0.879621683340897,0.02697191167857968,2
-0.8494590926218775,0.03016259071901954,2
-0.8162236332102062,0.03323545941167128,2
-0.7800647164968199,0.036158916713386356,2
-0.7411665427761179,0.038898173720701916,2
-0.6997500284394981,0.04141651433661981,2
-0.6560730175295593,0.043677010909938835,2
-0.610428398557445,0.045644618972114234,2
-0.5631398971874885,0.04728850136995653,2
-0.5145555324201853,0.04858436476730322,2
-0.46503898365698915,0.04951654876319614,2
-0.4149593776357078,0.050079606021281364,2
-0.36468021856002153,0.050279159075686225,2
-0.3145483071020237,0.050131911457997856,2
-0.2648834972140931,0.049664809887930574,2
-0.21597002288756287,0.04891347432653024,2
-0.1680499157037592,0.04792010718380364,2
-0.12131877231171918,0.04673114339204003,2
-0.0759238684053597,0.04539490390635949,2
-0.03196439450155402,0.043959473903805675,2
0.01050656497520551,0.04247095947675953,2
0.051478766213113626,0.04097220123790812,2
0.09098072145585481,0.03950195524274118,2
0.12907522180256514,0.038094500346710324,2
0.16585482147703318,0.03677959967446803,2
0.2014375521118703,0.03558273063483715,2
0.23596305065090925,0.03452549853903895,2
0.26958920892118987,0.03362615827028059,2
0.30248939093829713,0.032900182017107274,2
0.33485021628719336,0.032360825348896255,2
0.366869872921801,0.03201965663460764,2
0.3987568977053022,0.03188702478350122,1
0.429729344772765,0.030972447067462775,0
0.4590070394684341,0.029277694695669074,0
0.48680332213667366,0.027796282668239594,1
-0.4964845866398585,0.0,2
-0.49568771887610036,0.0007968677637581459,2
-0.49409993950946807,0.0015877793666323014,2
-0.4917331127465269,0.002366826762941143,2
-0.48860491460450034,0.0031281981420265754,2
-0.4847386885955315,0.003866226008968878,2
-0.48016325350533684,0.004575435090194658,2
-0.47491266370505036,0.0052505898002864594,2
-0.4690259228497624,0.005886740855287946,2
-0.462546652391499,0.0064792704582634295,2
-0.45552271706025355,0.00702393533124544,2
-0.4480058103195154,0.0075169067407381465,2
-0.44005100374224954,0.007954806577265893,2
-0.43171626522613843,0.008334738516111101,2
-0.4230619519106422,0.008654313315496183,2
-0.41415028450648195,0.008911667404160255,2
-0.4050448104354266,0.009105474071055303,2
-0.39580986364694803,0.009234946788478582,2
-0.3865100291831151,0.00929983446383291,2
-0.3772096204755207,0.009300408707594387,0
-0.36997217696904644,0.007237443506474265,0
-0.3648465741584457,0.005125602810600785,0
-0.36186711028504265,0.0029794638734030243,0
-0.3610535985581578,0.0008135117268848907,0
-0.36241143264618025,-0.0013578340880224596,0
-0.3659316060862905,-0.003520173440110238,0
-0.37159068025427966,-0.005659074167989166,0
-0.3793507098206082,-0.007760029566328519,0
-0.38915914841453175,-0.009808438593923541,0
-0.4009487697192621,-0.011789621304730305,0
-0.41463764957113636,-0.013688879851874294,0
-0.4301292619307529,-0.015491612359616526,0
-0.4473127449304766,-0.017183482999723717,0
-0.46606339177444617,-0.018750646843969557,0
-0.48624341450542796,-0.020180022730981777,0
-0.5077030163892712,-0.0214596018838432,0
-0.530281791287105,-0.02257877489783382,0
-0.5538104469251223,-0.023528655638017343,0
-0.5781128251257811,-0.02430237820065879,0
-0.6030081680625474,-0.024895342936766308,0
-0.6283135579602435,-0.02530538989769608,0
-0.6538464408423904,-0.025532882882146897,0
-0.6794271349405272,-0.025580694098136788,0
-0.7048812224615395,-0.025454087521012313,0
-0.7300417297930197,-0.025160507331480238,0
-0.7547510151109059,-0.02470928531788624,0
-0.7788623020429091,-0.024111286932003182,0
-0.8022408212447514,-0.02337851920184233,0
-0.8247645459561751,-0.02252372471142369,0
-0.8463245304723035,-0.0215599845161284,0
-0.8668248801080085,-0.020500349635704965,0
-0.8861823964072723,-0.019357516299263723,0
-0.9043259515076422,-0.01814355510036987,0
-0.9211956507898583,-0.016869699282216148,0
-0.936741843785647,-0.015546192995788636,0
-0.9509240406485594,-0.014182196862912487,0
-0.9637097863102044,-0.012785745661644976,2
-0.9730735377298565,-0.009363751419652119,2
-0.9789988465123726,-0.0059253087825160335,2
-0.9814762974884427,-0.002477450976070057,2
-0.9805021831924701,0.0009741142959725766,2
-0.9760779452265432,0.004424237965926791,2
-0.9682103942098772,0.007867551016666,2
-0.9569127038030579,0.01129769040681926,2
-0.9422061568681463,0.014706546934911632,2
-0.9241225989904008,0.018083557877745546,2
-0.9027075226894214,0.021415076300979333,2
-0.8780236621319544,0.024683860557467033,2
-0.8501549223448921,0.02786873978706225,2
-0.8192104009613692,0.030944521383522862,2
-0.7853281903492332,0.03388221061213601,2
-0.748678583911204,0.036649606438029156,2
-0.7094662669243526,0.039212316986851514,2
-0.6679310665449312,0.04153520037942136,2
-0.6243468837127326,0.043584182832198504,2
-0.5790185420166994,0.045328341696033156,2
-0.5322764643298566,0.046742077686842826,2
-0.48446931132858784,0.047807153001268796,2
-0.43595495576685883,0.048514355561729026,2
-0.3870903811458975,0.048864574620961346,2
-0.3382212410720293,0.04886914007386821,2
-0.28967186490390806,0.04854937616812124,2
-0.24173643534611255,0.04793542955779549,2
-0.19467190730661527,0.04706452803949729,2
-0.1486930172663572,0.045978890040258076,2
-0.10396949136024297,0.04472352590611423,2
-0.06062533955265206,0.04334415180759091,2
-0.018739952992244124,0.04188538656040794,2
0.021649383368343177,0.0403893363605873,2
0.060543990703429494,0.03889460733508632,2
0.0979797225097766,0.03743573180634711,2
0.13402267924072203,0.03604295673094544,2
0.16876500173874648,0.03474232249802444,2
0.20232095621779117,0.03355595447904469,2
0.23482345042531316,0.032502494207521986,2
0.2664210579448092,0.03159760751949603,2
0.29727557774702607,0.03085451980221688,2
0.32756011886321307,0.030284541116186996,2
0.3574576736808465,0.02989755481763344,2
0.38716012533877253,0.02970245165792603,0
0.4148676222992254,0.027707496960452903,0
0.44077402040636854,0.025906398107143125,1
0.4660656050914349,0.025291584685066364,1
0.49092783024271014,0.024862225151275237,1
-0.4192329554893218,0.0,0
-0.42100297294875294,-0.001770017459431123,0
-0.4245303673225817,-0.0035273943738287693,0
-0.4297898844597014,-0.005259517137119685,0
-0.43674371779456417,-0.006953833334862791,0
-0.44534161785123977,-0.008597900056675574,0
-0.45552106974262524,-0.010179451891385489,0
-0.46720756232263255,-0.011686492580007306,0
-0.4803149745111307,-0.013107412188498134,0
-0.4947461036954428,-0.014431129184312108,0
-0.5103933578045006,-0.015647254109057734,0
-0.5271396266425317,-0.016746268838031136,0
-0.5448593395971593,-0.01771971295462757,0
-0.5634197064125448,-0.018560366815385577,0
-0.5826821261135842,-0.01926241970103936,0
-0.6025037373634637,-0.019821611249879603,0
-0.6227390726311867,-0.020235335267722906,0
-0.6432417696247107,-0.020502696993524076,0
-0.6638662874453514,-0.020624517820640727,0
-0.6844695724960022,-0.020603285050650764,0
-0.7049126206104974,-0.020443048114495245,0
-0.7250618870300111,-0.020149266419513607,0
-0.7447905042084806,-0.019728617178469493,0
-0.7639792781455064,-0.019188773937025838,0
-0.7825174459971128,-0.018538167851606408,0
-0.800303190030661,-0.017785744033548146,0
-0.8172439145853733,-0.016940724554712242,0
-0.8332563027810879,-0.016012388195714548,0
-0.8482661777462099,-0.01500987496512206,0
-0.8622081988454178,-0.013942021099207794,0
-0.8750254267647309,-0.012817227919313154,0
-0.8866687925457393,-0.011643365781008302,0
-0.8970965050819346,-0.010427712536195358,0
-0.9062734296025033,-0.009176924520568694,0
-0.914170466692974,-0.007897037090470575,2
-0.9187639578285549,-0.004593491135580982,2
-0.9200407353890471,-0.0012767775604921828,2
-0.9179972174176932,0.0020435179713538033,2
-0.9126391532739204,0.005358064143772808,2
-0.9039820301577506,0.008657123116169889,2
-0.8920521244655404,0.011929905692210164,2
-0.8768881541669269,0.01516397029861344,2
-0.8585434563433414,0.018344697823585547,2
-0.837088576052033,0.021454880291308376,2
-0.8126141086139022,0.02447446743813087,2
-0.7852335892088979,0.02738051940500433,2
-0.7550861758527844,0.03014741335611349,2
-0.7223388317760511,0.032747344076733256,2
-0.6871876906549644,0.0351511411210866,2
-0.6498582938483216,0.03732939680664285,2
-0.6106044323416944,0.03925386150662724,2
-0.569705412813514,0.040899019528180404,2
-0.5274616951150349,0.042243717698479046,2
-0.48418900616866034,0.043272688946374566,2
-0.4402112023785748,0.043977803790085514,2
-0.3958523026311831,0.04435889974739173,2
-0.35142822001313545,0.044424082618047665,2
-0.30723876209097867,0.044189457922156776,2
-0.2635604386311,0.04367832345987866,2
-0.22064051811461105,0.04291992051648897,2
-0.1786926291891231,0.04194788892548795,2
-0.137894036709424,0.0407985924796991,2
-0.09838456144363522,0.03950947526578877,2
-0.060266979800002854,0.03811758164363237,2
-0.023608648119856863,0.03665833168014599,2
0.011555951332531858,0.03516459945238872,2
0.04522205295958722,0.03366610162705536,2
0.07741112595460374,0.03218907299501652,2
0.10816731193171397,0.030756185977110228,2
0.13755397379596448,0.02938666186425051,2
0.1656504943899725,0.02809652059400803,2
0.19254941493756558,0.026898920547593064,2
0.2183539626008326,0.02580454766326702,2
0.24317598469645957,0.024822022095626978,2
0.26713428401109984,0.02395829931464026,2
0.2903533341265666,0.02321905011546679,2
0.3129623442554473,0.02260901012888065,2
0.33509463827116154,0.02213229401571426,2
0.35688731097932713,0.021792672708165605,2
0.37848112499754405,0.021593814018216907,2
0.4000206128744428,0.021539487876898765,2
0.4216543504569168,0.02163373758247398,2
0.44353536831917256,0.021881017862255762,1
0.46482166770187894,0.021286299382706375,1
0.48566941965288923,0.020847751951010324,1
-0.5181742901241875,0.0,2
-0.5172149719695903,0.000959318154597198,2
-0.5153035294154754,0.0019114425541149611,2
-0.5124542947863732,0.002849234629102221,2
-0.5086886281926735,0.003765666593699691,2
-0.5040347504177355,0.004653877774938016,2
-0.4985275186044525,0.005507231813283017,2
-0.49220814398014817,0.006319374624304326,2
-0.48512385126852786,0.007084292711620314,2
-0.47732748017016025,0.007796371098367606,2
-0.4688770303417575,0.008450449828402777,2
-0.4598351526311017,0.009041877710655772,2
-0.45026859086044846,0.009566561770653249,2
-0.4402475801021758,0.01002101075827267,2
-0.42984520904268686,0.010402371059488913,2
-0.41913675556044616,0.010708453482240725,2
-0.4081990059286774,0.010937749631768745,2
-0.3971095689819695,0.011089436946707916,2
-0.3859461970708932,0.011163371911076237,2
-0.3747861256132281,0.011160071457665103,0
-0.3657054425150397,0.009080683098188378,0
-0.3587651698719176,0.006940272643122162,0
-0.3540113780458988,0.004753791826018833,0
-0.35147532767891576,0.0025360503669830097,0
-0.3511735947779612,0.00030173290095457037,0
-0.35310814677744384,-0.0019345519994826933,0
-0.3572663520230253,-0.004158205245581482,0
-0.3636209205686151,-0.006354568545589813,0
-0.37212978973193933,-0.008508869163324228,0
-0.382735982719466,-0.01060619298752669,0
-0.3953674819679689,-0.012631499248502848,0
-0.40993716973758393,-0.014569687769615028,0
-0.42634289593630437,-0.016405726198720452,0
-0.44446773615182394,-0.018124840215519567,0
-0.4641805005134665,-0.019712764361642564,0
-0.4853365456813638,-0.021156045167897333,0
-0.5077789278105005,-0.022442382129136636,0
-0.5313399142621169,-0.02356098645161636,0
-0.5558428473923708,-0.02450293313025385,0
-0.5811043269473828,-0.02526147955501205,0
-0.6069366510359465,-0.025832324088563702,0
-0.6331504322196716,-0.026213781183725134,0
-0.6595572877028902,-0.02640685548321861,0
-0.68597249308602,-0.02641520538312978,0
-0.7122174888699335,-0.026244995783913514,0
-0.7381221378897781,-0.025904649019844538,0
-0.7635266489570289,-0.02540451106725082,0
-0.7882831050721046,-0.024756456115075653,0
-0.8122565609193179,-0.023973455847213252,0
-0.8353257011147385,-0.02306914019542063,0
-0.8573830752766336,-0.0220573741618951,0
-0.8783349464661137,-0.020951871189480067,0
-0.8981008047175818,-0.019765858251468132,0
-0.9166126068503991,-0.01851180213281735,0
-0.9338138078109469,-0.017201200960547766,0
-0.9496582482178882,-0.015844440406941294,0
-0.9641089586352112,-0.014450710417322942,0
-0.977136934527433,-0.013027975892221877,2
-0.9867199279443585,-0.009582993416925508,2
-0.9928439559691783,-0.006124028024819837,2
-0.9955011464417971,-0.002657190472618764,2
-0.9946883425295774,0.0008128039122196817,2
-0.9904064932176369,0.004281849311940524,2
-0.9826608399960911,0.007745653221545786,2
-0.9714618966957949,0.011198943300296273,2
-0.9568272050307178,0.014634691665077039,2
-0.9387838284839166,0.018043376546801236,2
-0.9173715177077365,0.021412310776180117,2
-0.8926464385464519,0.02472507916128465,2
-0.8646852978128645,0.027961140733587336,2
-0.8335896334832728,0.03109566432959173,2
-0.799489960293228,0.034099673190044706,2
-0.7625493888191828,0.036940571474045225,2
-0.7229662808367535,0.039583107982429235,2
-0.68097548436309,0.041990796473663515,2
-0.6368477268656129,0.04412775749747709,2
-0.5908868483013892,0.045960878564223734,2
-0.5434247296312131,0.04746211867017605,2
-0.49481400396105146,0.04861072567016165,2
-0.44541889586570393,0.04939510809534751,2
-0.3956047759037875,0.049814119961916405,2
-0.34572719459351064,0.04987758131027687,2
-0.296121235426997,0.04960595916651366,2
-0.2470919830130191,0.04902925241397787,2
-0.19890674960109087,0.04818523341192823,2
-0.15178947383778668,0.047117275763304184,2
-0.10591744572410511,0.04587202811368158,2
-0.06142026775864901,0.044497177965456096,2
-0.01838076968006508,0.04303949807858393,2
0.023162528278330582,0.04154329795839566,2
0.06321185946406566,0.04004933118573507,2
0.10180600816437249,0.03859414870030683,2
0.1390158535163561,0.03720984535198361,2
0.17493997675093367,0.03592412323457758,2
0.2097005645332803,0.03476058778234662,2
0.2434397612788094,0.03373919674552911,2
0.2763165544151618,0.03287679313635241,2
0.30850422139124856,0.0321876669760868,2
0.3401883256446906,0.031684104253442064,2
0.37156521878220616,0.03137689313751557,2
0.402840985077782,0.0312757662955758,1
0.4332307489674797,0.03038976388969773,0
0.4619510244722562,0.028720275504776533,1
0.49021157308973234,0.02826054861747613,1
-0.5196683803814425,0.0,2
-0.51869785766251,0.0009705227189325032,2
-0.516764090503815,0.0019337671586950001,2
-0.513881579891638,0.0028825106121769997,2
-0.5100719379254258,0.003809641966212172,2
-0.5053637193994288,0.004708218525997003,2
-0.4997921955910788,0.005571523808350023,2
-0.49339906938135353,0.006393126209725257,2
-0.4862321312388517,0.007166938142501836,2
-0.4783448563427149,0.007887274896136756,2
-0.4697959441932526,0.008548912149462283,2
-0.4606488034238903,0.009147140769362315,2
-0.45097098611322667,0.009677817310663615,2
-0.4408335776036862,0.010137408509540482,2
-0.4303105495454938,0.010523028058192382,2
-0.4194780854729075,0.01083246407258633,2
-0.40841388955593927,0.011064195916968245,2
-0.39719649013983765,0.011217399416101632,2
-0.38590455019470193,0.011291939945135712,2
-0.37461619678976693,0.011288353404935012,0
-0.3654083811607109,0.009207815629056027,0
-0.3583429581856129,0.00706542297509798,0
-0.3534668023236841,0.004876155861928778,0
-0.3508119533254156,0.002654848998268515,0
-0.350395745957939,0.0004162073674765874,0
-0.3522208907398525,-0.0018251447819135356,0
-0.3562754872472042,-0.004054596507351686,0
-0.3625329670708876,-0.006257479823683422,0
-0.3709519791707253,-0.008419012099837673,0
-0.3814762453888889,-0.010524266218163597,0
-0.3940344274165666,-0.012558182027677648,0
-0.40854005763379486,-0.0145056302172283,0
-0.4248915939662853,-0.016351536332490414,0
-0.4429726622077819,-0.01808106824149664,0
-0.4626525472221937,-0.01967988501441178,0
-0.48378698641363727,-0.02113443919144356,0
-0.5062193046457496,-0.022432318232112326,0
-0.5297819098622839,-0.023562605216534315,0
-0.5542981442311613,-0.02451623436887738,0
-0.5795844586896788,-0.025286314458517447,0
-0.6054528519074487,-0.025868393217769917,0
-0.6317134908109903,-0.02626063890354156,0
-0.6581774117236205,-0.026463920912630237,0
-0.6846591910956717,-0.026481779372051182,0
-0.7109794740087432,-0.026320282913071376,0
-0.7369672572243812,-0.02598778321563799,0
-0.7624618404026897,-0.02549458317830856,0
-0.787314382135351,-0.024852541732661236,0
-0.8113890238961989,-0.024074641760847934,0
-0.8345635720227333,-0.023174548126534467,0
-0.8567297527868818,-0.022166180764148398,0
-0.8777930764777835,-0.021063323690901713,0
-0.8976723619686287,-0.019879285490845184,0
-0.916298983040475,-0.018626621071846292,0
-0.933615902050031,-0.017316919009555988,0
-0.9495765561255705,-0.01596065407553953,0
-0.964143657020034,-0.014567100894463574,0
-0.9772879592037892,-0.013144302183755192,2
-0.9869870428423377,-0.009699083638548583,2
-0.9932268003935292,-0.006239757551191447,2
-0.995999255889881,-0.002772455496351848,2
-0.9953011426936926,0.0006981131961883648,2
-0.9911332672639749,0.004167875429717752,2
-0.9835006695968378,0.007632597667137118,2
-0.9724135777468593,0.011087091849978508,2
-0.9578891396642764,0.014524438082583005,2
-0.9399538960147498,0.017935243649526596,2
-0.9186469286342054,0.021306967380544394,2
-0.8940235777013816,0.024623350932823754,2
-0.8661595651745281,0.027864012526853575,2
-0.8351552938288009,0.031004271345727148,2
-0.8011400154588895,0.034015278369911424,2
-0.7642754883042222,0.03686452715466723,2
-0.7247586871956115,0.039516801108610694,2
-0.6828231085916137,0.04193557860399783,2
-0.6387382452649586,0.044084863326655094,2
-0.5928069059331236,0.045931339331834964,2
-0.5453602268643656,0.04744667906875802,2
-0.4967504528218145,0.04860977404255107,2
-0.44734182354785346,0.04940862927396104,2
-0.3975001457127996,0.04984167783505384,2
-0.347581811339228,0.049918334373571634,2
-0.2979231036619353,0.04965870767729272,2
-0.248830592327617,0.0490925113343183,2
-0.20057327024850613,0.04825732207911087,2
-0.15337685646096466,0.047196413787541455,2
-0.10742042898306624,0.04595642747789842,2
-0.06283530567144897,0.044585123311617264,2
-0.01970589563437674,0.043129410037072234,2
0.021927881756648393,0.04163377739102513,2
0.062067066557191124,0.04013918480054273,2
0.100749464895139,0.03868239833794787,2
0.1380451891608912,0.037295724265752186,2
0.17405225215406755,0.03600706299317635,2
0.2088924513655243,0.03484019921145675,2
0.24270769916740892,0.03381524780188459,2
0.2756568851233995,0.032949185955990584,2
0.3079133008082717,0.03225641568487221,2
0.33966261535716197,0.03174931454889031,2
0.37110135953729284,0.0314387441801309,2
0.40243585462720366,0.031334495089910826,1
0.43288150670477504,0.030445652077571377,0
0.4616551471167903,0.028773640412015262,1
0.4899668795854006,0.02831173246861032,1
-0.41854553023445734,0.0,0
-0.42032045109388677,-0.0017749208594294527,0
-0.4238576256333836,-0.0035371745394968215,0
-0.42913174580033275,-0.005274120166949164,0
-0.43610492266568895,-0.006973176865356216,0
-0.4447267943095835,-0.00862187164389453,0
-0.4549347014769897,-0.010207907167406194,0
-0.46665395490875444,-0.01171925343176472,0
-0.4797982201484488,-0.013144265239694338,0
-0.49427004502254435,-0.014471824874095525,0
-0.5099615516727721,-0.015691506650227796,0
-0.5267553089729459,-0.016793757300173722,0
-0.5445253926266292,-0.017770083653683343,0
-0.5631386297301334,-0.018613237103504154,0
-0.5824560128754201,-0.019317383145286797,0
-0.6023342569500556,-0.01987824407463548,0
-0.622627460774888,-0.020293203824832344,0
-0.6431888267035194,-0.02056136592863143,0
-0.6638723852382798,-0.020683558534760484,0
-0.684534669259496,-0.020662284021216136,0
-0.7050362839033908,-0.020501614643894762,0
-0.7252433233239449,-0.020207039420554126,0
-0.7450285940035476,-0.019785270679602663,0
-0.764272615089677,-0.019244021086129402,0
-0.7828643783937881,-0.01859176330411108,0
-0.8007018631107855,-0.017837484716997455,0
-0.8176923120079369,-0.016990448897151452,0
-0.8337522859899767,-0.01605997398203982,0
-0.848807522029384,-0.015055236039407286,0
-0.8627926251904731,-0.013985103161089084,0
-0.8756506288610388,-0.01285800367056581,0
-0.887332458529336,-0.011681829668297113,0
-0.8977963338418331,-0.010463875312497104,0
-0.9070071416579274,-0.009210807816094289,0
-0.914935809806736,-0.007928668148808587,2
-0.9195587076429386,-0.004622897836202655,2
-0.9208626582628655,-0.0013039506199269335,2
-0.9188440254814814,0.0020186327813841247,2
-0.9135084534984165,0.005335571983064873,2
-0.9048712694004085,0.008637184098007917,2
-0.8929585327257167,0.011912736674691851,2
-0.8778086886512744,0.01514984407444233,2
-0.8594747494005247,0.01833393925074964,2
-0.838026890529995,0.021447858870529697,2
-0.8135553046379049,0.02447158589209005,2
-0.7861731066537194,0.027382197984185515,2
-0.7560190367402739,0.03015406991344554,2
-0.7232596663153745,0.03275937042489941,2
-0.6880907895293645,0.035168876786009946,2
-0.6507376875817678,0.03735310194759683,2
-0.6114539962109129,0.03928369137085488,2
-0.5705189930145484,0.040935003196364436,2
-0.5282332491076175,0.042285743906930975,2
-0.48491274776919,0.04332050133842747,2
-0.44088174072722114,0.04403100704196889,2
-0.39646476398451225,0.0444169767427089,2
-0.35197834255330834,0.044486421431203904,2
-0.30772295645696796,0.04425538609634038,2
-0.2639758102644229,0.04374714619254503,2
-0.220984851202728,0.0429909590616949,2
-0.1789643353896686,0.04202051581305941,2
-0.1380920744672201,0.040872260922448514,2
-0.0985083332953027,0.039583741171917396,2
-0.060316215553586926,0.03819211774171578,2
-0.023583281347649032,0.036732934205937894,2
0.011655907174323271,0.0352391885219723,2
0.045396623967498294,0.03374071679317502,2
0.07766048954928242,0.03226386558178413,2
0.10849189922946442,0.030831409680181995,2
0.13795456209777618,0.029462662868311746,2
0.1661282902664948,0.028173728168718624,2
0.19310612905748514,0.02697783879099032,2
0.21899187785916854,0.025885748801683397,2
0.24389801939648675,0.024906141537318197,2
0.2679440518896652,0.024046032493178462,2
0.2912552029324509,0.02331115104278569,2
0.3139614944289386,0.0227062914964877,2
0.3361971230530803,0.022235628624141697,2
0.3581001190103137,0.021902995957233364,2
0.3798122461529959,0.021712127142682218,2
0.40147910770570117,0.02166686155270528,2
0.4232504231531817,0.021771315447480493,2
0.4452804425343875,0.02203001938120579,1
0.4667284638622301,0.021448021327842643,1
0.48775202407534435,0.021023560213114263,1
-0.5305537005974701,0.0,2
-0.5295015424445801,0.001052158152889975,2
-0.5274051158540727,0.002096426590507493,2
-0.5242801423320479,0.0031249735220247594,2
-0.5201500585630787,0.004130083768969145,2
-0.5150458397104256,0.005104218852653118,2
-0.5090057608383706,0.006040078872055021,2
-0.5020750946190641,0.006930666219306536,2
-0.49430574385391374,0.007769350765150335,2
-0.4857558081581014,0.008549935695812335,2
-0.47648908542227797,0.00926672273582342,2
-0.4665745103312228,0.00991457509105513,2
-0.4560855341969394,0.010488976134283429,2
-0.4450994525281573,0.010986081668782099,2
-0.4336966889564293,0.011402763571727956,2
-0.4219600462023286,0.01173664275410075,2
-0.4099739365245106,0.01198610967781797,2
-0.3978236053959528,0.012150331128557795,2
-0.38559436287259485,0.012229242523357947,2
-0.37337083718021397,0.012223525692380888,0
-0.36323626441741264,0.010134572762801324,0
-0.3552585505021168,0.007977713915295847,0
-0.3494904004235843,0.005768150078532497,0
-0.3459694917986328,0.0035209086249515173,0
-0.3447186403945665,0.0012508514040662647,0
-0.34574591784627307,-0.0010272774517065542,0
-0.34904469653797415,-0.003298778691701077,0
-0.3545936126255149,-0.005548916087540779,0
-0.3623564546153674,-0.007762841989852479,0
-0.3722820010001958,-0.009925546384828378,0
-0.38430384535664175,-0.012021844356445956,0
-0.39834026013339274,-0.014036414776750994,0
-0.41429416008687814,-0.015953899953485416,0
-0.43205323187833716,-0.017759071791459045,0
-0.45149029667906854,-0.019437064800731395,0
-0.47246396688215847,-0.02097367020308993,0
-0.49481964573045284,-0.02235567884829438,0
-0.5183908999979284,-0.023571254267475573,0
-0.543001211743388,-0.024610311745459582,0
-0.5684660873753584,-0.025464875631970474,0
-0.5945954733634683,-0.026129385988109877,0
-0.6211964009333639,-0.02660092756989562,0
-0.6480757600964662,-0.026879359163102204,0
-0.6750430890868477,-0.026967328990381536,0
-0.701913260520995,-0.026870171434147327,0
-0.7285089509688311,-0.02659569044783608,0
-0.7546627954111094,-0.026153844442278282,0
-0.7802191503577643,-0.025556354946654945,0
-0.8050354164755383,-0.02481626611777396,0
-0.8289829003228617,-0.023947483847323363,0
-0.8519472222517308,-0.02296432192886913,0
-0.8738283012896978,-0.021881079037967027,0
-0.8945399662378049,-0.020711664948107056,0
-0.9140092545677094,-0.019469288329904546,0
-0.9321754670309425,-0.01816621246323307,0
-0.9489890468837585,-0.016813579852816018,0
-0.9644103493527261,-0.015421302468967606,0
-0.9784083606557826,-0.01399801130305653,2
-0.9889594177678646,-0.010551057112081966,2
-0.996048534320002,-0.007089116552137383,2
-0.9996670256626738,-0.0036184913426718416,2
-0.9998108894186711,-0.00014386375599730007,2
-0.9964799724861125,0.003330916932558552,2
-0.9896779378380521,0.00680203464806037,2
-0.9794130316145652,0.010264906223486966,2
-0.9656996383442422,0.01371339327032297,2
-0.9485605950800219,0.01713904326422037,2
-0.9280302095165269,0.020530385563494943,2
-0.9041578892654405,0.02387232025108639,2
-0.8770122373494457,0.0271456519159948,2
-0.8466854029965044,0.030326834352941277,2
-0.8132974008955565,0.033388002100947896,2
-0.7770000347409053,0.03629736615465113,2
-0.7379799957461952,0.039020038994710064,2
-0.6964606717439961,0.041519324002199105,2
-0.6527022170552879,0.04375845468870826,2
-0.6069995140226868,0.045702703032601086,2
-0.5596778112823735,0.04732170274031337,2
-0.5110860438096468,0.0485917674727266,2
-0.461588099787023,0.04949794402262388,2
-0.4115525578958126,0.05003554189121041,2
-0.36134162678521625,0.05021093111059631,2
-0.3113001326281989,0.05004149415701739,2
-0.2617453954862911,0.04955473714190776,2
-0.2129587116116376,0.04878668387465352,2
-0.16517894378284317,0.047779767828794416,2
-0.11859845988196963,0.046580483900873555,2
-0.0733614002959856,0.04523705958598402,2
-0.029564038386859413,0.04379736190912619,2
0.01274314994239012,0.04230718832924953,2
0.05355216491269774,0.040809014970307624,2
0.09289337368530892,0.03934120877261118,2
0.13083103406519841,0.03793766037988951,2
0.1674587986004504,0.03662776453525199,2
0.20289546118530308,0.03543666258485267,2
0.23728112417376182,0.03438566298845874,2
0.2707738896228602,0.03349276544909835,2
0.3035471175188839,0.032773227896023736,2
0.3357872472322711,0.03224012971338718,2
0.3676921443732943,0.03190489714102317,2
0.3994699109158271,0.03177776654253285,1
0.43033807874111946,0.030868167825292326,0
0.4595158810190038,0.02917780227788437,1
0.4882160167154386,0.028700135696434814,1
-0.5010661972610135,0.0,2
-0.5002350629259759,0.0008311343350377088,2
-0.4985790129956054,0.0016560499303704137,2
-0.4961104351359357,0.002468577859669701,2
-0.492847786241795,0.0032626488941407527,2
-0.4888154427699052,0.004032343471889793,2
-0.4840435011106692,0.004771941659235988,2
-0.47856752824930476,0.005475972861364436,2
-0.4724282633867778,0.006139264862526947,2
-0.465671271798875,0.006756991587902759,2
-0.45834655299975846,0.00732471879911655,2
-0.4505081062171393,0.00783844678261914,2
-0.44221345723431993,0.008294648982819387,2
-0.4335231517490419,0.00869030548527803,2
-0.42450022146880756,0.00902293028023432,2
-0.41520963013051565,0.0092905913382919,2
-0.4057177074237478,0.009491922706767852,2
-0.396091579344913,0.00962612807883481,2
-0.38639860376109536,0.009692975583817674,2
-0.3767058198845577,0.009692783876537662,0
-0.36907941994063154,0.007626399943926172,0
-0.36357085375891246,0.005508566181719096,0
-0.36021692126096994,0.003353932497942513,0
-0.3590398745585605,0.0011770467024094398,0
-0.36004749479576237,-0.0010076202372018331,0
-0.3632331217683943,-0.0031856269726319108,0
-0.36857562848298403,-0.005342506714589742,0
-0.3760393473689162,-0.007463718885932153,0
-0.38557396904739766,-0.00953462167848145,0
-0.3971144475861757,-0.011540478538778043,0
-0.4105809571738617,-0.013466509587686014,0
-0.4258789532201065,-0.015297996046244747,0
-0.4428993950985509,-0.017020441878444433,0
-0.46151918724259505,-0.018619792144044155,0
-0.4816018894345656,-0.020082702191970572,0
-0.5029987356292619,-0.021396846194696298,0
-0.5255499837965022,-0.022551248167240346,0
-0.5490865979858284,-0.02353661418932617,0
-0.573432239726149,-0.02434564174032065,0
-0.5984055211757641,-0.024973281449615078,0
-0.6238224496882522,-0.025416928512488106,0
-0.6494989752203888,-0.02567652553213667,0
-0.6752535404570119,-0.02575456523662313,0
-0.7009095300917976,-0.02565598963478568,0
-0.7262975208090321,-0.02538799071723449,0
-0.7512572465107022,-0.024959725701670207,0
-0.7756392126198712,-0.024381966109169005,0
-0.7993059165875254,-0.023666703967654138,0
-0.8221326564686625,-0.022826739881137155,0
-0.8440079331530147,-0.021875276684352168,0
-0.8648334725096268,-0.020825539356612112,0
-0.8845239099489646,-0.01969043743933775,0
-0.9030061910518311,-0.01848228110286655,0
-0.9202187479533681,-0.017212556901537033,0
-0.936110512617568,-0.015891764664199812,0
-0.9506398258491051,-0.014529313231537142,0
-0.9637732958797122,-0.013133470030607086,0
-0.9754846536545912,-0.011711357774879123,2
-0.9837536444417316,-0.008268990787140407,2
-0.9885677813969551,-0.004814136955223529,2
-0.989920490068363,-0.0013527086714079204,2
-0.9878100154629482,0.002110474605414797,2
-0.9822391134087376,0.005570902054210614,2
-0.9732155317994746,0.009023581609263,2
-0.9607532729049059,0.012462258894568767,2
-0.9448746108147728,0.015878662090133094,2
-0.9256128140228415,0.019261796791931254,2
-0.9030154885634809,0.022597325459360586,2
-0.8771484096716576,0.025867078891823225,2
-0.8480996494577373,0.029048760213920315,2
-0.8159837375447309,0.032115911913006494,2
-0.7809455181463153,0.03503821939841555,2
-0.743163302522989,0.03778221562332633,2
-0.7028508762296259,0.04031242629336306,2
-0.660257924286769,0.042592951942856956,2
-0.6156685007359121,0.04458942355085694,2
-0.5693973009874473,0.04627119974846476,2
-0.5217836919835876,0.04761360900385971,2
-0.4731836960395651,0.048599995944022534,2
-0.4239603732762494,0.04922332276331569,2
-0.374473259739473,0.049487113536776456,2
-0.3250676506023545,0.049405609137118486,2
-0.2760645416112347,0.04900310899111978,2
-0.22775195171809745,0.04831258989313727,2
-0.1803781651799539,0.04737378653814356,2
-0.13414719075313458,0.046230974426819324,2
-0.08921648496776036,0.04493070578537423,2
-0.04569676717641945,0.04351971779134091,2
-0.00365359396576536,0.04204317321065409,2
0.03688972941681001,0.04054332338257537,2
0.07594834676673556,0.03905861734992556,2
0.11357157557610936,0.03762322880937379,2
0.14983851420394656,0.036266938627837204,2
0.18485380853442368,0.03501529433047713,2
0.21874377420899005,0.033889965674566355,2
0.2516529967447075,0.03290922253571741,2
0.28374147016517953,0.03208847342047207,2
0.31518228664619,0.03144081648101051,2
0.34615985421932055,0.030977567573130523,2
0.37686859453445976,0.030708740315139232,1
0.4065120552205936,0.029643460686133813,0
0.4342953126670711,0.027783257446477506,1
0.4614167777401706,0.027121465073099475,1
0.4880745779977068,0.026657800257536217,1
-0.5487304285851529,0.0,2
-0.5475421197099595,0.0011883088751933732,2
-0.5451743901353038,0.002367729574655663,2
-0.541644956418484,0.0035294337168198103,2
-0.5369802424521082,0.004664713966375831,2
-0.5312151944386684,0.005765048013439816,2
-0.5243930282543521,0.006822166184316256,2
-0.5165649051807522,0.00782812307359991,2
-0.5077895322203363,0.008775372960415815,2
-0.4981326841388201,0.009656848081516197,2
-0.48766664600016146,0.010466038138658658,2
-0.4764695772196984,0.011197068780463034,2
-0.4646248009361441,0.011844776283554289,2
-0.4522200256136503,0.01240477532249381,2
-0.4393465090046935,0.012873516608956826,2
-0.42609817767897495,0.01324833132571855,2
-0.41257071799392486,0.013527459685050081,2
-0.3988606564105697,0.013710061583355117,2
-0.38506444825183406,0.013796208158735692,2
-0.37127759423249845,0.01378685401933562,2
-0.35759380331475754,0.013683790917740893,2
-0.3441042186989953,0.013489584615762235,0
-0.3328967211639347,0.011207497535060614,0
-0.3240427337075712,0.008853987456363496,0
-0.31759760307519813,0.006445130632373077,0
-0.3136009952168037,0.003996607858394472,0
-0.3120772358018862,0.0015237594149175252,0
-0.31303554375081794,-0.0009583079489317481,0
-0.3164701247916164,-0.0034345810407984743,0
-0.3223601123297852,-0.005889987538168762,0
-0.33066936363449617,-0.008309251304710979,0
-0.3413461397873848,-0.010676776152888635,0
-0.35432271724860626,-0.012976577461221434,0
-0.36951499633171014,-0.015192279083103867,0
-0.38682218615741343,-0.01730718982570328,0
-0.4061266553423681,-0.019304469184954633,0
-0.42729404119622516,-0.021167385853857055,0
-0.4501737060466303,-0.022879664850405174,0
-0.4745996163726295,-0.02442591032599917,0
-0.500391698338874,-0.025792081966244444,0
-0.5273576928093957,-0.026965994470521774,0
-0.5552954959983344,-0.02793780318893873,0
-0.583995931880017,-0.02870043588168255,0
-0.6132458635987447,-0.029249931718727706,0
-0.6428315180463612,-0.02958565444761653,0
-0.6725418747933323,-0.029710356746971103,0
-0.7021719607836441,-0.02963008599031175,0
-0.7315258969778071,-0.02935393619416309,0
-0.7604195617469973,-0.028893664769190152,0
-0.7886827656753009,-0.02826320392830361,0
-0.816160869520639,-0.02747810384533812,0
-0.8427158167934758,-0.026554947272836804,0
-0.8682265902848948,-0.025510773491418934,0
-0.8925891343017267,-0.024362544016831925,0
-0.9157158089857794,-0.02312667468405272,0
-0.9375344589107072,-0.021818649924927727,0
-0.9579871853905337,-0.020452726479826565,0
-0.9770289117394381,-0.019041726348904296,0
-0.9946258247736662,-0.017596913034228213,0
-1.0107537660085497,-0.01612794123488357,0
-1.0253966340474092,-0.014642868038859452,2
-1.0365448470804557,-0.011148213033046448,2
-1.0441943366560311,-0.007649489575575357,2
-1.0483439276980178,-0.004149591041986725,2
-1.0489935335245046,-0.0006496058264868366,2
-1.0461431756383697,0.0028503578861350746,2
-1.0397928302589372,0.0063503453794325525,2
-1.0299431016904261,0.009849728568511084,2
-1.0165967216794378,0.013346380010988385,2
-0.9997608688931083,0.016835852786329458,2
-0.9794502885985125,0.020310580294595842,2
-0.9556911648406413,0.023759123757871193,2
-0.9285256519396569,0.027165512900984415,2
-0.8980169066425143,0.0305087452971425,2
-0.8642543774575628,0.033762529184951456,2
-0.827359008942003,0.036895368515559857,2
-0.7874879176359267,0.03987109130607623,2
-0.7448380115937714,0.04264990604215537,2
-0.6996479816301435,0.04519002996362783,2
-0.6521981161000366,0.04744986553010692,2
-0.6028075040145195,0.049390612085517045,2
-0.55182840147287,0.05097910254164951,2
-0.49963782973228243,0.05219057174058764,2
-0.4466268103636465,0.05301101936863596,2
-0.39318796400665457,0.053438846356991934,2
-0.3397024376901387,0.053485526316515875,2
-0.28652722739440256,0.05317521029573615,2
-0.233983903173957,0.05254332422044555,2
-0.1823495374674661,0.0516343657064909,2
-0.13185033040944924,0.05049920705801686,2
-0.08265808434725823,0.04919224606219101,2
-0.034889367312935654,0.047768717034322575,2
0.011393031488213995,0.04628239880114965,2
0.056176890410334315,0.04478385892212032,2
0.09949616861392914,0.043319278203594824,2
0.14142599163068922,0.041929823016760084,2
0.1820774741439152,0.04065148251322597,2
0.2215927373285234,0.03951526318460819,2
0.2601403664578992,0.03854762912937581,2
0.29791145227610794,0.037771085818208774,2
0.3351162736407439,0.03720482136463599,2
0.37198161070351576,0.03686533706277185,1
0.40774862548523033,0.03576701478171459,0
0.4416641509146868,0.03391552542945646,0
0.47397133605775754,0.03230718514307073,1
-0.5280333491646789,0.0,2
-0.5270000908440108,0.0010332583206681925,2
-0.5249413231016807,0.002058767742329995,2
-0.5218724862802987,0.0030688368213820354,2
-0.5178165965709265,0.004055889709372259,2
-0.5128040710294531,0.005012525541473308,2
-0.5068724916220639,0.005931579407389184,2
-0.5000663067068766,0.006806184915187372,2
-0.4924364687378053,0.00762983796907127,2
-0.4840400077783458,0.008396460959459461,2
-0.47493954163248187,0.009100466145863987,2
-0.4652027249923626,0.009736816640119278,2
-0.4549016418837409,0.010301083108621698,2
-0.44411214774194596,0.010789494141794902,2
-0.43291316952898384,0.011198978212962092,2
-0.42138597424756036,0.011527195281423463,2
-0.40961341786157135,0.011772556385989015,2
-0.3976791878508627,0.011934230010708632,2
-0.38566705329576884,0.012012134555093857,2
-0.3736601364296406,0.012006916866128276,0
-0.3637402189889976,0.009919917440642958,0
-0.3559738084365333,0.007766410552464285,0
-0.35041226417732085,0.00556154425921244,0
-0.34709196453071245,0.0033202996466084227,0
-0.34603446365776624,0.001057500872946183,0
-0.3472466002583839,-0.001212136600617642,0
-0.35072053455976676,-0.0034739343013828927,0
-0.35643370601529584,-0.005713171455529067,0
-0.36434872039914046,-0.007915014383844649,0
-0.3744131908250523,-0.010064470425911864,0
-0.3865595718123521,-0.012146380987299803,0
-0.40070503795834356,-0.014145466145991421,0
-0.41675146804584223,-0.016046430087498682,0
-0.4345856004497914,-0.017834132403949175,0
-0.4540794254856672,-0.01949382503587583,0
-0.47509087405222045,-0.021011448566553226,0
-0.49746484916553513,-0.022373975113314692,0
-0.5210346279875036,-0.023569778821968368,0
-0.5456236377268909,-0.02458900973938734,0
-0.5710475811706606,-0.025423943443769612,0
-0.5971168591450798,-0.026069277974419238,0
-0.6236392109161991,-0.02652235177111927,0
-0.6504224724560917,-0.02678326153989261,0
-0.6772773392124996,-0.02685486675640775,0
-0.704020016213747,-0.026742677001247463,0
-0.730474644499926,-0.026454628286179106,0
-0.7564754081819849,-0.02600076368205882,0
-0.7818682489367726,-0.02539284075478777,0
-0.8065121417072205,-0.02464389277044789,0
-0.8302799137396253,-0.0237677720324048,0
-0.8530586159704808,-0.022778702230855517,0
-0.8747494788488981,-0.021690862878417275,0
-0.8952675024186001,-0.020518023569701952,0
-0.9145407422176213,-0.019273239799021152,0
-0.9325093583930504,-0.017968616175429126,0
-0.9491244960752123,-0.016615137682161957,0
-0.964347061581473,-0.015222565506260662,0
-0.9781464526441795,-0.01379939106270656,2
-0.9884992927699351,-0.010352840125755493,2
-0.9953907945468295,-0.006891501776894489,2
-0.9988124299182116,-0.0034216353713820494,2
-0.9987603566770134,5.207324119831623e-05,2
-0.9952346313448778,0.0035257253321355924,2
-0.9882392211782622,0.00699541016661557,2
-0.9777828151188367,0.010456406059425515,2
-0.9638804205114783,0.013902394607358402,2
-0.94655571478821,0.01732470572326829,2
-0.9258440948359477,0.020711619952262374,2
-0.9017963280103434,0.024047766825604264,2
-0.8744826558182288,0.027313672192114554,2
-0.8439971347407166,0.03048552107751227,2
-0.8104619227033579,0.033535212037358604,2
-0.7740311431539506,0.03643077954940736,2
-0.7348938954497426,0.03913724770420807,2
-0.6932759482940887,0.04161794715565389,2
-0.6494396716864339,0.043836276607654816,2
-0.6036818482243204,0.04575782346211354,2
-0.5563291630276274,0.04735268519669304,2
-0.5077313941978133,0.04859776882981403,2
-0.45825258578994826,0.04947880840786504,2
-0.4082607406730645,0.04999184511688373,2
-0.3581167726869129,0.050143967986151616,2
-0.3081635636923517,0.04995320899456118,2
-0.2587159578452622,0.049447605847089536,2
-0.21005239544317628,0.0486635624020859,2
-0.16240867027316108,0.04764372517001519,2
-0.11597403253633867,0.0464346377368224,2
-0.07088960278090313,0.04508442975543554,2
-0.027248850757556703,0.04364075202334643,2
0.014900249738691515,0.04214910049624822,2
0.055551847515293934,0.04065159777660242,2
0.09473808259952003,0.0391862350842261,2
0.13252461199257037,0.03778652939305033,2
0.1690061336980173,0.03648152170544695,2
0.2043021649661704,0.035296031268153095,2
0.23855324742990736,0.03425108246373695,2
0.2719176785477034,0.03336443111779604,2
0.3045688091761764,0.032651130628473024,2
0.33669290154939807,0.03212409237322167,2
0.3684875087473079,0.031794607197909844,2
0.400160313108741,0.031672804361433125,1
0.43092834382433215,0.030768030715591164,0
0.4600102649201929,0.029081921095860774,1
0.4886181595278949,0.028607894607701953,1
-0.40879764246783096,0.0,0
-0.4106417303950954,-0.0018440879272644524,0
-0.41431687491663227,-0.0036751445215368935,0
-0.41979702999052865,-0.005480155073896378,0
-0.42704317653693835,-0.007246146546409708,0
-0.4360034053825463,-0.008960228845607932,0
-0.44661306427823994,-0.010609658895693664,0
-0.4587949965442829,-0.012181932266042979,0
-0.4724599012981211,-0.013664904753838183,0
-0.4875068448309372,-0.015046943532816085,0
-0.5038239492431317,-0.016317104412194465,0
-0.521289277874045,-0.017465328630913296,0
-0.539771927599309,-0.01848264972526407,0
-0.5591333262712457,-0.019361398671936633,0
-0.5792287203097197,-0.020095394038474056,0
-0.5999088238390734,-0.020680103529353705,0
-0.6210215880905969,-0.021112764251523475,0
-0.6424140393325394,-0.02139245124194246,0
-0.6639341264681764,-0.021520087135637037,0
-0.6854325164486631,-0.021498389980486678,0
-0.7067642771293907,-0.021331760680727646,0
-0.7277903930088303,-0.021026115879439596,0
-0.7483790688100681,-0.020588675801237848,0
-0.7684067881083696,-0.02002771929830153,0
-0.7877591079622692,-0.019352319853899604,0
-0.8063311845097356,-0.01857207654746641,0
-0.824028037594736,-0.0176968530850003,0
-0.8407645737785302,-0.016736536183794212,0
-0.8564653959582484,-0.015700822179718202,0
-0.8710644339830594,-0.014599038024811002,0
-0.8845044341428845,-0.013440000159825015,0
-0.8967363464584464,-0.012231912315561904,0
-0.9077186477336424,-0.010982301275196041,0
-0.9174166358288494,-0.009697988095206922,0
-0.9258017270730955,-0.008385091244246119,2
-0.9308507846074864,-0.005049057534390925,2
-0.9325505887436027,-0.0016998041361163396,2
-0.9308968100969585,0.0016537786466442519,2
-0.9258936600203885,0.0050031500765698785,2
-0.9175542307307172,0.008339429289671393,2
-0.9059015130746516,0.011652717656065611,2
-0.8909700538604369,0.014931459214214689,2
-0.8728081841574253,0.018161869703011597,2
-0.8514807128026568,0.021327471354768493,2
-0.8270719348333698,0.02440877796928695,2
-0.7996887540568833,0.027383180776486528,2
-0.7694636665587605,0.030225087498122843,2
-0.7365573047998584,0.03290636175890218,2
-0.7011602100969012,0.0353970947029572,2
-0.6634934965110599,0.03766671358584133,2
-0.6238081028121785,0.039685393698881466,2
-0.5823824089079773,0.0414256939042011,2
-0.5395181193904439,0.04286428951753336,2
-0.49553448017593116,0.04398363921451274,2
-0.45076107460003734,0.04477340557589383,2
-0.4055296148326008,0.045231459767436526,2
-0.3601652729519495,0.04536434188065129,2
-0.3149781586086635,0.04518711434328598,2
-0.27025553422763476,0.04472262438102875,2
-0.22625526732138843,0.04400026690624633,2
-0.18320087086877304,0.04305439645261539,2
-0.1412783048262969,0.04192256604247612,2
-0.10063453504253389,0.04064376978376302,2
-0.06137769577065285,0.03925683927188104,2
-0.023578594865865152,0.0377991009047877,2
0.012726757870518586,0.03630535273638374,2
0.04753393255217665,0.03480717468165807,2
0.08086648327854563,0.03333255072636898,2
0.11277224201050592,0.03190575873196029,2
0.1433197140429693,0.030547472032463392,2
0.17259472912200846,0.029275015079039166,2
0.20069744909693724,0.02810271997492878,2
0.2277397881193725,0.02704233902243528,2
0.2538432661945581,0.02610347807518558,2
0.27913729113989316,0.02529402494533508,2
0.30375784653803717,0.024620555398144034,2
0.32784655246679467,0.024088705928757517,2
0.3515500599274805,0.02370350746068585,2
0.3750197373663878,0.023469677438907245,2
0.3984116070780836,0.023391869711695806,2
0.421886489398475,0.023474882320391396,1
0.4446103124324799,0.022723823034004883,1
0.46674725070636774,0.022136938273887852,1
0.4884598667218174,0.021712616015449653,1
-0.5996481694835841,0.0,2
-0.5980827342826325,0.0015654352009516264,2
-0.5949633065984911,0.0031194276841414173,2
-0.5903127244080003,0.004650582190490795,2
-0.5841651213481588,0.006147603059841526,2
-0.5765657660350706,0.007599355313088172,2
-0.5675708279232133,0.00899493811185727,2
-0.5572470550820823,0.010323772841131083,2
-0.5456713485156014,0.011575706566480918,2
-0.5329302186051136,0.012741129910487833,2
-0.5191191120128267,0.013811106592286891,2
-0.5043416018861197,0.014777510126707015,2
-0.48870844023596705,0.01563316165015262,2
-0.4723364785387222,0.016371961697244853,2
-0.45534747039269285,0.01698900814602933,2
-0.43786677780197597,0.01748069259071689,2
-0.42002200966354486,0.01784476813843113,2
-0.40194162663048233,0.01808038303306255,2
-0.38375355015293344,0.018188076477548887,2
-0.36558381477617635,0.018169735376757104,2
-0.34755530154850367,0.018028513227672672,0
-0.3317865867549702,0.015768714793533454,0
-0.31837837471673336,0.01340821203823686,0
-0.3074139088007198,0.010964465916013567,0
-0.2989595306715946,0.008454378129125169,0
-0.29306528258982456,0.005894248081770032,0
-0.28976546133182973,0.0032998212579948456,0
-0.2890790505279587,0.0006864108038710254,0
-0.29100997924523936,-0.0019309287172806942,0
-0.2955471772669565,-0.004537198021717142,0
-0.3026644208955667,-0.0071172436286102,0
-0.3123199866223366,-0.009655565726769908,0
-0.32445615311141207,-0.012136166489075458,0
-0.3389986139388536,-0.014542460827441553,0
-0.35585588339882074,-0.01685726945996712,0
-0.3749187940215727,-0.019062910622751977,0
-0.396060195425749,-0.02114140140417633,0
-0.4191349676884779,-0.02307477226272891,0
-0.4439804565576224,-0.024845488869144502,0
-0.4704174210447951,-0.02643696448717269,0
-0.49825155572515945,-0.027834134680364303,0
-0.5272756113999194,-0.029024055674759915,0
-0.5572720913653741,-0.029996479965454747,0
-0.5880164507899389,-0.030744359424564792,0
-0.6192806792770892,-0.03126422848715023,0
-0.6508371076341205,-0.03155642835703128,0
-0.6824622545426774,-0.03162514690855692,0
-0.7139405208710684,-0.03147826632839102,0
-0.7450675499194293,-0.03112702904836083,0
-0.7756530993438189,-0.030585549424389614,0
-0.8055233108584672,-0.02987021151464828,0
-0.834522311486458,-0.028999000627990715,0
-0.8625131290508092,-0.027990817564351313,0
-0.8893779492796143,-0.026864820228805125,0
-0.9150177782269957,-0.025639828947381316,0
-0.9393515993529907,-0.024333821125994973,0
-0.9623151290068644,-0.02296352965387373,0
-0.9838592781335472,-0.021544149126682816,0
-1.0039484236695457,-0.02008914553599843,0
-1.0225585826807482,-0.01861015901120242,0
-1.0396755682190786,-0.017116985538330513,0
-1.0552931902579625,-0.015617622038883849,0
-1.0694115495785375,-0.01411835932057493,2
-1.0800354582892437,-0.010623908710706339,2
-1.0871714883836694,-0.007136030094425708,2
-1.0908254734957707,-0.003653985112101423,2
-1.0910008412575247,-0.00017536776175394167,2
-1.0876977636668224,0.0033030775907024064,2
-1.080913116392506,0.006784647274316333,2
-1.0706412465367048,0.010271869855801238,2
-1.0568755572097035,0.013765689327001186,2
-1.0396109215264373,0.017264635683266128,2
-1.0188469333309047,0.020763988195532705,2
-0.9945919819580907,0.024254951372813985,2
-0.9668680986643489,0.0277238832937419,2
-0.9357164589574379,0.03115163970691093,2
-0.9012033362587295,0.0345131226987084,2
-0.863426190828064,0.037777145430665515,2
-0.8225194530654685,0.04090673776259561,2
-0.7786594401682672,0.04386001289720135,2
-0.7320677565857029,0.046591683582564256,2
-0.683012504902592,0.04905525168311086,2
-0.6318067072076908,0.05120579769490118,2
-0.5788035288823768,0.05300317832531396,2
-0.5243882050141676,0.05441532386820928,2
-0.468966960430874,0.055421244583293616,2
-0.41295362254303974,0.056013337887834254,2
-0.35675496827181535,0.05619865427122441,2
-0.3007560435944592,0.05599892467735615,2
-0.2453066981246205,0.05544934546983867,2
-0.19071038624481465,0.05459631187980584,2
-0.13721594692148573,0.053494439323328924,2
-0.08501266443127933,0.0522032824902064,2
-0.03422851621946354,0.050784148211815795,2
0.015068800817267441,0.04929731703673098,2
0.06286867194251698,0.04779987112524954,2
0.10921287669968838,0.04634420475717139,2
0.1541900692301742,0.044977192530485835,1
0.19692999050991541,0.04273992127974122,2
0.2385936595134037,0.04166366900348828,2
0.27937087604725563,0.04077721653385197,2
0.31947592494443894,0.04010504889718332,2
0.35914395576586655,0.03966803082142761,2
0.3986280071070602,0.03948405134119364,2
0.43819658113012216,0.03956857402306198,0
0.47613162317515934,0.03793504204503715,0
-0.5444177093171698,0.0,2
-0.5432616688089548,0.0011560405082150175,2
-0.5409582421121161,0.002303426696838645,2
-0.5375246782605003,0.003433563851615728,2
-0.5329867005187026,0.0045379777417978145,2
-0.5273783226477391,0.005608377870963455,2
-0.5207415987812968,0.006636723866442353,2
-0.5131263034785829,0.007615295302713901,2
-0.5045895387962845,0.008536764682298387,2
-0.49519526612622244,0.009394272670062107,2
-0.48501376207930924,0.010181504046913207,2
-0.47412099980481076,0.010892762274498497,2
-0.46259795970315565,0.011523040101655127,2
-0.45052987635464625,0.012068083348509413,2
-0.43800543143821713,0.01252444491642914,2
-0.4251159052222864,0.012889526215930697,2
-0.41195430163870983,0.013161603583576594,2
-0.39861446378533627,0.013339837853373587,2
-0.3851901977688316,0.01342426601650467,2
-0.37177442298360397,0.013415774785227676,2
-0.3584583661834842,0.013316056800119765,2
-0.3453308150753434,0.013127551108140768,0
-0.33447744475493013,0.010853370320413305,0
-0.3259676017325656,0.0085098430223645,0
-0.3198546662984589,0.006112935434106722,0
-0.3161764236142962,0.003678242684162684,0
-0.31495537786470684,0.001221045749589371,0
-0.3161989605453202,-0.00124358268061334,0
-0.31989960281275887,-0.0037006422674386724,0
-0.3260346618143043,-0.006135059001545451,0
-0.33456621126513725,-0.008531549450832957,0
-0.34544072652673885,-0.010874515261601627,0
-0.35858871327409997,-0.013147986747361133,0
-0.3739243455580757,-0.015335632283975732,0
-0.39134519247005156,-0.01742084691197588,0
-0.41073212127478476,-0.019386928804733194,0
-0.4319494672652579,-0.02121734599047315,0
-0.45484555530146836,-0.022896088036210484,0
-0.47925364404494286,-0.02440808874347451,0
-0.5049933410946067,-0.02573969704966381,0
-0.5318725064587314,-0.026879165364124668,0
-0.5596896252129266,-0.027817118754195264,0
-0.5882365911489054,-0.028546965935978774,0
-0.6173018059344794,-0.029065214785574035,0
-0.6466734672792515,-0.0293716613447721,0
-0.6761428988562114,-0.029469431576959935,0
-0.7055077670740293,-0.029364868217817936,0
-0.7345750362690164,-0.029067269194987193,0
-0.7631635335534533,-0.028588497284436916,0
-0.7911060246934839,-0.027942491140030522,0
-0.818250739017557,-0.027144714324073105,0
-0.8444623199874688,-0.026211580969911778,0
-0.8696222144634163,-0.02515989447594751,0
-0.8936285444959569,-0.024006330032540615,0
-0.9163955285451033,-0.02276698404914651,0
-0.9378525335333642,-0.021457004988260833,0
-0.957942845411234,-0.020090311877869776,0
-0.9766222451215237,-0.018679399710289733,0
-0.993857470648097,-0.01723522552657327,0
-1.0096246360288934,-0.015767165380796467,0
-1.0239076664956566,-0.014283030466763146,2
-1.034696796691064,-0.010789130195407599,2
-1.041987684705149,-0.007290888014084952,2
-1.0457788780684925,-0.003791193363343532,2
-1.046070094073928,-0.00029121600543560375,2
-1.0428613243798952,0.003208769694032941,2
-1.036152766215088,0.006708558164807166,2
-1.025945580281575,0.010207185933513139,2
-1.0122434736476895,0.013702106633885472,2
-0.9950550995330114,0.017188374114678096,2
-0.9743972499953703,0.02065784953764112,2
-0.9502987875286097,0.024098462466760544,2
-0.9228052137186531,0.027493573809956637,2
-0.8919837054445993,0.03082150827405382,2
-0.8579283629161509,0.03405534252844832,2
-0.820765315240006,0.037163047676144964,2
-0.780657230684865,0.0401080845551409,2
-0.7378066997176139,0.04285053096725111,2
-0.6924579240002978,0.04534877571731615,2
-0.6448961798389978,0.0475617441613,2
-0.5954446500145798,0.04945152982441801,2
-0.5444584385834974,0.050986211431082354,2
-0.4923158817714702,0.05214255681202724,2
-0.4394076024067397,0.05290827936473045,2
-0.3861240646727777,0.05328353773396198,2
-0.33284260538195665,0.053281459290821065,2
-0.2799149973909178,0.05292760799103884,2
-0.2276565211347818,0.05225847625613601,2
-0.1763373000094141,0.051319221125367694,2
-0.12617634430083763,0.05016095570857649,2
-0.07733841169848579,0.048837932602351836,2
-0.029933491570876512,0.04740492012760928,2
0.01598150194115621,0.04591499351203272,2
0.060399368247372166,0.044417866306215956,2
0.10335816332727071,0.042958795079898554,2
0.14493618129859098,0.041578017971320255,2
0.18524682250173197,0.04031064120314098,2
0.22443368864757857,0.039186866145846586,2
0.26266613608530415,0.03823244743772557,2
0.3001354191679883,0.03746928308268418,2
0.33705147303930383,0.03691605387131551,2
0.3736403199898207,0.036588846950516896,1
0.40914203367745666,0.03550171368763596,0
0.4428020911444782,0.033660057467021554,0
0.47486208987427925,0.03205999872980102,1
-0.4058490550260076,0.0,0
-0.40771392544087814,-0.0018648704148705288,0
-0.41143052989331597,-0.0037166044524378364,0
-0.4169726090616968,-0.0055420791683808545,0
-0.4243008162946298,-0.0073282072329329765,0
-0.43336279227116276,-0.00906197597653296,0
-0.44409330242614076,-0.010730510154978,0
-0.4564144658493697,-0.012321163423228903,0
-0.47023610693430234,-0.013821641084932647,0
-0.4854562607390189,-0.015220153804716552,0
-0.5019618595322168,-0.016505598793197938,0
-0.5196296212635461,-0.017667761731329175,0
-0.5383271509489194,-0.018697529685373353,0
-0.5579142537588806,-0.019587102809961184,0
-0.5782444448347503,-0.020330191075869808,0
-0.5991666267024146,-0.02092218186766431,0
-0.620526891941777,-0.0213602652393624,0
-0.6421703978443317,-0.021643505902554743,0
-0.6639432523252606,-0.021772854480928933,0
-0.6856943471841376,-0.02175109485887694,0
-0.707277076299235,-0.021582729115097357,0
-0.7285508823436101,-0.021273806044375072,0
-0.7493825854816993,-0.020831703138089262,0
-0.7696474602075087,-0.020264874725809356,0
-0.7892300407516885,-0.019582580544179697,0
-0.8080246499955397,-0.01879460924385127,0
-0.8259356603846331,-0.01791101038909337,0
-0.8428775069820577,-0.016941846597424558,0
-0.8587744819154332,-0.015896974933375507,0
-0.8735603457696011,-0.014785863854167965,0
-0.8871777949859716,-0.013617449216370495,0
-0.8995778253218385,-0.012400030335866917,0
-0.9107190303322847,-0.01114120501044626,0
-0.920566871175912,-0.009847840843627238,2
-0.9270929503327509,-0.006526079156838895,2
-0.9302795639070083,-0.003186613574257476,2
-0.9301183926962583,0.0001611712107499703,2
-0.9266098523203394,0.00350854037591884,2
-0.9197631262547585,0.006846726065580868,2
-0.9095968805860882,0.010166245668670314,2
-0.896140634127554,0.01345624645853425,2
-0.8794367291420719,0.016703904985482042,2
-0.8595428138095433,0.019893915332528586,2
-0.8365347063707449,0.023008107438798463,2
-0.8105094629898412,0.02602524338090376,2
-0.7815884196475005,0.02892104334234068,2
-0.7499199285877062,0.031668491059794336,2
-0.7156814707770578,0.034238457810648326,2
-0.6790808085898692,0.03660066218718856,2
-0.640355859186247,0.038724949403622144,2
-0.599773028281616,0.04058283090463097,2
-0.5576238500408275,0.042149178240788586,2
-0.514219926659912,0.043403923380915525,2
-0.4698863353652656,0.04433359129464644,2
-0.4249538463140126,0.04493248905125299,2
-0.3797504425877228,0.04520340372628982,2
-0.33459272550026753,0.045157717087455224,2
-0.28977780649089,0.04481491900937748,2
-0.24557622720833858,0.04420157928255145,2
-0.20222632396044893,0.043349903247889635,2
-0.15993028572069268,0.04229603823975625,2
-0.11885197618390379,0.041078309536788885,2
-0.07911642796782398,0.039735548216079816,2
-0.040810791361344786,0.03830563660647919,2
-0.003986441040674846,0.03682435032066994,2
0.031338088059626165,0.03532452910030101,2
0.06517365737692143,0.033835569317295276,2
0.09755686022057791,0.03238320284365648,2
0.12854637106213002,0.030989510841552114,2
0.15821948635715638,0.02967311529502637,2
0.18666897947830788,0.02844949312115151,2
0.214000344035979,0.02733136455767112,2
0.24032946072969563,0.02632911669371662,2
0.2657806933285067,0.025451232598811022,2
0.2904853986241693,0.024704705295662596,2
0.31458082179155505,0.024095423167385773,2
0.3382093408500341,0.023628519058479083,2
0.36151802020189355,0.023308679351859454,2
0.38465843205072425,0.023140411848830676,2
0.40778670461003896,0.023128272559314714,1
0.43006375634040955,0.022277051730370572,1
0.45164846534076436,0.02158470900035479,2
0.47369772761552476,0.0220492622747604,1
0.49537412838224715,0.021676400766722413,1
-0.548267299299233,0.0,2
-0.5470824542067058,0.0011848450925272822,2
-0.5447216271855622,0.0023608270211435923,2
-0.5412024847816884,0.003519142403873695,2
-0.536551375921647,0.004651108860041359,2
-0.5308031470042136,0.005748228917433407,2
-0.5240008895078304,0.006802257496383163,2
-0.5161956161578573,0.007805273349973173,2
-0.5074458619391884,0.008749754218668897,2
-0.49781720716468864,0.009628654774499739,2
-0.4873817214228635,0.010435485741825106,2
-0.4762173294714092,0.011164391951454286,2
-0.4644071028958556,0.01181022657555366,2
-0.45203848443587474,0.012368618459980855,2
-0.43920245507182526,0.01283602936404951,2
-0.4259926570090782,0.013209798062747108,2
-0.4125044883413459,0.013488168667732284,2
-0.3988341871809283,0.013670301160417593,2
-0.38507792422296694,0.013756262957961368,2
-0.3713309229375609,0.013747001285405987,2
-0.3576866258122275,0.013644297125333426,2
-0.34423592333570097,0.013450702476526502,0
-0.33306645983914235,0.011169463496558608,0
-0.3242494359214264,0.008817023917715949,0
-0.31783998790195056,0.006409448019475877,0
-0.3138775806293666,0.003962407272583966,0
-0.3123863451206263,0.0014912355087403247,0
-0.3133753093264855,-0.0009889642058592248,0
-0.3168384893478325,-0.003463180021346981,0
-0.3227548286754418,-0.005916339327609297,0
-0.3310879937025024,-0.008333165027060592,0
-0.34178605415375346,-0.010698060451251061,0
-0.35478109642252215,-0.012995042268768676,0
-0.3699888351675288,-0.015207738745006628,0
-0.38730830270620936,-0.017319467538680584,0
-0.406621705317186,-0.019313402610976638,0
-0.42779453895994424,-0.02117283364275823,0
-0.4506760526424556,-0.02288151368251136,0
-0.47510013461734957,-0.02442408197489398,0
-0.5008866744187511,-0.025786539801401515,0
-0.527843423206843,-0.026956748788091796,0
-0.5557683379982182,-0.02792491479137526,0
-0.5844523554283979,-0.028684017430179645,0
-0.6136825019808624,-0.02923014655246449,0
-0.6432452147647658,-0.02956271278390341,0
-0.6729297241838808,-0.029684509419114897,0
-0.7025313402956536,-0.0296016161117728,0
-0.7318544896209246,-0.029323149325271036,0
-0.7607153679014849,-0.02886087828056023,0
-0.7889441041913628,-0.02822873628987803,0
-0.8163863687142875,-0.027442264522924673,0
-0.8429043965137772,-0.026518027799489707,0
-0.8683774366360364,-0.025473040122259188,0
-0.8927016688355632,-0.024324232199526827,0
-0.9157896542433381,-0.02308798540777495,0
-0.9375694021103064,-0.02177974786696826,0
-0.9579831418725568,-0.020413739762250513,0
-0.9769858895238025,-0.019002747651245655,0
-0.9945438913034338,-0.017558001779631256,0
-1.0106330178731602,-0.016089126569726345,0
-1.0252371702244514,-0.014604152351291292,2
-1.036346746019931,-0.011109575795479621,2
-1.0439576462731441,-0.007610900253213258,2
-1.0480686646164967,-0.004111018343352582,2
-1.0486796914967786,-0.0006110268802818645,2
-1.0457907430903433,0.0028889484064353213,2
-1.0394018169488517,0.006388926141491582,2
-1.0295135744777626,0.00988824247108901,2
-1.0161288493157166,0.013384725162046114,2
-0.9992549755170935,0.016873873798623054,2
-0.9789069151922184,0.020348060324875145,2
-0.9551111372378197,0.02379577795439866,2
-0.9279101530549454,0.02720098418287428,2
-0.8973675494263181,0.03054260362862726,2
-0.863573273759304,0.03379427566701406,2
-0.8266488281446075,0.03692444561469655,2
-0.7867519278611272,0.0398969002834802,2
-0.74408009580302,0.042671832058107255,2
-0.6988726214197534,0.0452074743832667,2
-0.6514103377077607,0.0474622837119927,2
-0.6020127841283086,0.04939755357945205,2
-0.5510325346687369,0.05098024945957166,2
-0.49884676421569957,0.05218577045303734,2
-0.4458464632931024,0.05300030092259718,2
-0.39242403106751433,0.05342243222558804,2
-0.3389602129492873,0.053463818118227015,2
-0.2858114484143615,0.05314876453492578,2
-0.23329863308205132,0.0525128153323102,2
-0.18169809086645852,0.051600542215592786,2
-0.13123524468676512,0.050462846179693405,2
-0.0820811330952949,0.04915411159147022,2
-0.034351608955707165,0.04772952413958773,2
0.01189117881068194,0.046242787766389105,2
0.056635557159880806,0.044744378349198866,2
0.09991593412869088,0.04328037696881006,2
0.141807783626915,0.041891849498224144,2
0.18242247288775854,0.04061468926084352,2
0.22190228809172685,0.03947981520396833,2
0.26041590226691047,0.03851361417518363,2
0.2981544276961925,0.03773852542928204,2
0.3353281094312639,0.037173681735071414,2
0.37216364860976714,0.03683553917850324,1
0.4079020921416987,0.03573844353193154,0
0.4417901285930309,0.03388803645133221,0
0.4740707412342362,0.0322806126412053,1
-0.4161701358225792,0.0,0
-0.41796197485368575,-0.0017918390311065342,0
-0.42153289465551813,-0.0035709198018323562,0
-0.4268574027761899,-0.005324508120671768,0
-0.4338973283420347,-0.007039925565844831,0
-0.4426019242090832,-0.008704595867048463,0
-0.4529080360711077,-0.010306111862024533,0
-0.4647403632947769,-0.011832327223669201,0
-0.47801183826477,-0.0132714749699931,0
-0.4926241504658014,-0.01461231220103138,0
-0.5084684381732183,-0.015844287707416936,0
-0.5254261644482126,-0.0169577262749943,0
-0.5433701853754832,-0.01794402092727062,0
-0.5621660076632998,-0.018795822287816608,0
-0.5816732206475479,-0.019507212984248096,0
-0.6017470754251287,-0.02007385477758084,0
-0.6222401724365838,-0.02049309701145505,0
-0.6430042094647944,-0.020764037028210655,0
-0.6638917357027584,-0.02088752623796397,0
-0.684757854962305,-0.02086611925954661,0
-0.7054618225465189,-0.020703967584213872,0
-0.7258684856534285,-0.020406663106909657,0
-0.7458495258652434,-0.0199810402118149,0
-0.765284473426344,-0.01943494756110052,0
-0.7840614755473885,-0.018777002121044523,0
-0.8020778137676572,-0.01801633822026875,0
-0.8192401774319227,-0.017162363664265445,0
-0.8354647107642257,-0.01622453333230299,0
-0.8506768592909275,-0.015212148526701878,0
-0.8648110472090882,-0.014134187918160672,0
-0.8778102207081393,-0.012999173499051124,0
-0.8896252934399367,-0.01181507273179737,0
-0.9002145296465155,-0.010589236206578805,0
-0.9095428983237803,-0.009328368677264798,0
-0.9175814286647455,-0.008038530340965085,2
-0.9223065932963965,-0.004725164631651079,2
-0.9237051894542986,-0.0013985961579020137,2
-0.9217733988168794,0.0019317906374192676,2
-0.9165165061728869,0.0052568926439924765,2
-0.9079492876447864,0.008567218528100533,2
-0.896097053609819,0.011852234034967463,2
-0.8809973041697694,0.015099749440049602,2
-0.8627019233721895,0.01829538079757983,2
-0.8412798005904866,0.021422122781702982,2
-0.8168197232060931,0.024460077384393496,2
-0.7894333357841613,0.027386387421931814,2
-0.7592579117245774,0.030175424059583945,2
-0.7264586412183293,0.032799270506248125,2
-0.6912301140821289,0.03522852713620045,2
-0.6537966787837234,0.03743343529840553,2
-0.6144113997967381,0.03938527898698533,2
-0.5733534203287624,0.041057979467975694,2
-0.5309236651321015,0.042429755196660826,2
-0.48743897768518923,0.043484687446912286,2
-0.4432249571348699,0.04421402055031929,2
-0.3986079160568799,0.04461704107799003,2
-0.35390649251176287,0.044701423545117,2
-0.309423497377258,0.044482995134504884,2
-0.2654385509814323,0.04398494639582566,2
-0.22220196699431172,0.043236583987120596,2
-0.17993019509466582,0.042271771899645906,2
-0.1388029640205162,0.041127231074149624,2
-0.09896210134973693,0.03984086267077927,2
-0.060511868720634625,0.038450232629102306,2
-0.023520555126497623,0.036991313594137,2
0.011976979571560006,0.03549753469805763,2
0.04597612788644995,0.03399914831488994,2
0.07849901882383861,0.03252289093738867,2
0.10959091354850872,0.031091894724670117,2
0.13931670998363305,0.029725796435124328,2
0.16775769922555075,0.02844098924191772,2
0.19500866682438095,0.027250967598830188,2
0.22117539010281106,0.026166723278430126,2
0.24637254995571486,0.025197159852903793,2
0.2707220517355774,0.024349501779862517,2
0.29435173377018153,0.023629682034604155,2
0.3173944322753715,0.023042698505189967,2
0.3399873663380457,0.022592934062674208,2
0.36227180478419535,0.022284438446149628,2
0.3843929768396359,0.022121172055440574,2
0.4065001894735226,0.022107212633886715,1
0.4277471153091263,0.02124692583560368,2
0.4492850200244743,0.02153790471534799,2
0.47127017711563096,0.021985157091156664,1
0.4928644797507572,0.021594302635126218,1
-0.4266672470525382,0.0,0
-0.4283840309064755,-0.0017167838539372767,0
-0.43180525385952434,-0.003421222953048889,0
-0.4369062597696651,-0.005101005910140757,0
-0.4436501544103866,-0.00674389464072149,0
-0.4519879313136836,-0.008337776903296996,0
-0.46185866775163376,-0.009870736437950143,0
-0.4731898119222239,-0.011331144170590165,0
-0.4858975839279691,-0.01270777200574521,0
-0.49988751239494167,-0.013989928466972536,0
-0.5150551253996637,-0.015167613004722033,0
-0.5312868087652138,-0.016231683365550184,0
-0.5484608369939635,-0.017174028228749718,0
-0.5664485726017947,-0.017987735607831172,0
-0.5851158191142881,-0.018667246512493418,0
-0.6043243023643927,-0.019208483250104585,0
-0.6239332449725005,-0.01960894260810771,0
-0.6438009909552969,-0.01986774598279642,0
-0.66378663212172,-0.019985641166423117,0
-0.6837515858445943,-0.01996495372287436,0
-0.7035610751856146,-0.019809489341020326,0
-0.723085467075507,-0.019524391889892367,0
-0.7422014318429162,-0.01911596476740919,0
-0.7607928971044344,-0.01859146526151824,0
-0.7787517799674785,-0.017958882863044083,0
-0.79597849270664,-0.01722671273916152,0
-0.8123822276739535,-0.016403734967313486,0
-0.8278810364795909,-0.015498808805637407,0
-0.8424017259378714,-0.014520689458280528,0
-0.8558795986593299,-0.013477872721458482,0
-0.868258069451459,-0.012378470792129047,0
-0.8794881900200043,-0.011230120568545372,0
-0.8895281141193576,-0.010039924099353295,0
-0.8983425336361205,-0.008814419516762886,0
-0.9059021134754113,-0.007559579839290764,2
-0.9101829499044364,-0.0042808364290251154,2
-0.9111720257001698,-0.0009890757957333259,2
-0.9088663869448366,0.0023056387553331403,2
-0.9032729508291765,0.005593436115660142,2
-0.8944089525280094,0.008863998301166964,2
-0.8823030122206839,0.012105940307325555,2
-0.8669967745189451,0.015306237701738763,2
-0.8485470397015944,0.018449734817350693,2
-0.8270282679327416,0.021518771768852737,2
-0.8025352942679608,0.024492973664780898,2
-0.7751860460257083,0.027349248242252544,2
-0.7451240098255695,0.030062036200138788,2
-0.7125201606491494,0.03260384917642006,2
-0.6775740490542354,0.03494611159491403,2
-0.6405137551623322,0.0370602938919031,2
-0.601594467552109,0.03891928761022328,2
-0.5610955354844377,0.04049893206767129,2
-0.5193159704504253,0.04177956503401236,2
-0.47656852557126295,0.042747444879162384,2
-0.43317263846609694,0.04339588710516602,2
-0.3894466596461472,0.043725978819949704,2
-0.3456998798547636,0.043746779791383666,2
-0.30222489858248586,0.04347498127227774,2
-0.2592908365389687,0.04293406204351714,2
-0.21713779486597978,0.04215304167298894,2
-0.17597282229933692,0.041164972566642866,2
-0.13596749344510103,0.04000532885423588,2
-0.09725705182994271,0.038710441615158325,2
-0.05994094998209185,0.037316101847850856,2
-0.02408453661536336,0.03585641336672849,2
0.010278399643018583,0.034362936258381944,2
0.04314252431909906,0.03286412467608048,2
0.07452755915181519,0.031385034832716124,2
0.10447482063064291,0.029947261478827716,2
0.13304387379377391,0.028569053163131002,2
0.16030942993379219,0.027265556140018264,2
0.18635857138438486,0.02604914145059268,2
0.2112883485426739,0.024929777158289028,2
0.2352037646828949,0.023915416140221,2
0.25821614264745657,0.02301237796456166,2
0.2804418531357208,0.022225710488264234,2
0.3020013756963956,0.02155952256067485,2
0.32301865926240264,0.02101728356600703,2
0.34362074785443497,0.020602088592032324,2
0.3639376378135881,0.02031688995915313,2
0.384102334698014,0.02016469688442591,2
0.4042510800685258,0.020148745370511752,2
0.42452372021183726,0.020272640143311482,2
0.44506418992430913,0.02054046971247189,2
0.46602108437327844,0.020956894448969306,1
0.48654829034818553,0.020527205974907085,1
-0.4910761393686153,0.0,2
-0.4903196723255833,0.0007564670430320085,2
-0.4888123841273457,0.001507288198237638,2
-0.4865655205567884,0.002246863570557263,2
-0.48359583536743406,0.0029696851893543483,2
-0.4799254525894398,0.003670382777994238,2
-0.47558168340502627,0.004343769184413541,2
-0.4705967982141051,0.004984885190921153,2
-0.4650077549160804,0.005589043298024716,2
-0.45885588496856977,0.0061518699475105795,2
-0.45218653944043785,0.006669345528131897,2
-0.44504869803335695,0.007137841407080911,2
-0.43749454486843975,0.007554153164917225,2
-0.4295790156769045,0.007915529191535242,2
-0.4213593218434204,0.008219693833484065,2
-0.41289445747171327,0.008464864371707124,2
-0.40424469621966497,0.008649761252048306,2
-0.39547108503725575,0.00877361118240923,2
-0.38663494209764054,0.008836142939615184,2
-0.3777973661158955,0.008837575981745062,0
-0.37101876389434557,0.0067786022215499345,0
-0.36634496649226567,0.004673797402079889,0
-0.3638073091270296,0.002537657365236078,0
-0.36342271221346695,0.00038459691356263577,0
-0.3651937343326301,-0.0017710221191631283,0
-0.3691085808133482,-0.003914846480718114,0
-0.3751410654261579,-0.0060324846128097095,0
-0.38325053664374575,-0.008109471217587849,0
-0.3933817932357795,-0.010131256592033747,0
-0.40546502583128924,-0.012083232595509735,0
-0.4194158306429809,-0.013950804811691666,0
-0.4351353479144399,-0.015719517271459052,0
-0.45251057995449684,-0.017375232040056896,0
-0.47141494112026594,-0.018904361165769077,0
-0.49170908432641025,-0.020294143206144304,0
-0.5132420355431623,-0.02153295121675198,0
-0.5358526498134711,-0.02261061427030886,0
-0.5593713807258834,-0.023518730912412262,0
-0.5836223317997983,-0.024250951073914805,0
-0.6084255351241142,-0.02480320332431596,0
-0.6335993823003168,-0.025173847176202503,0
-0.65896311760079,-0.025363735300473183,0
-0.6843392950821978,-0.025376177481407823,0
-0.7095561011999207,-0.02521680611772292,0
-0.7344494522725938,-0.024893351072673073,0
-0.7588647909761229,-0.024415338703529025,0
-0.7826585261189868,-0.023793735142863853,0
-0.8056990829724869,-0.023040556853500118,0
-0.8278675549717175,-0.02216847199923058,0
-0.8490579694543418,-0.02119041448262428,0
-0.8691771985436852,-0.020119229089343504,0
-0.888144560230081,-0.018967361686395793,0
-0.9058911637452067,-0.017746603515125674,0
-0.9223590576289622,-0.016467893883755438,0
-0.9375002390657396,-0.015141181436777403,0
-0.9512755799897027,-0.013775340923963073,0
-0.963653720099696,-0.012378140109993309,2
-0.9726099702232208,-0.008956250123524821,2
-0.9781285468447085,-0.00551857662148773,2
-0.9802006001535756,-0.0020720533088670594,2
-0.9788229803508535,0.0013776198027221384,2
-0.9739977710650874,0.004825209285766033,2
-0.9657325997623377,0.008265171302749686,2
-0.95404171863647,0.011690881125867636,2
-0.9389478313554277,0.01509388728104237,2
-0.9204846170939642,0.01846321426146344,2
-0.8986998699774668,0.021784747116497465,2
-0.8736591270580485,0.02504074291941831,2
-0.8454496008916468,0.02820952616640173,2
-0.8141841662751781,0.03126543461646872,2
-0.7800050811983549,0.03417908507682319,2
-0.7430870604256106,0.03691802077274435,2
-0.7036392812104691,0.03944777921514146,2
-0.6619059014605714,0.041733379749897735,2
-0.6181647267594584,0.043741174701112946,2
-0.5727237830753276,0.04544094368413086,2
-0.5259157340944418,0.0468080489808858,2
-0.47809030806476344,0.047825426029678354,2
-0.4296051362283421,0.04848517183642131,2
-0.3808156115849876,0.048789524643354516,2
-0.3320645118918591,0.0487510996931285,2
-0.28367216573161946,0.04839234616023962,2
-0.23592786739793709,0.047744298333682385,2
-0.18908308090188666,0.04684478649605043,2
-0.14334674986807372,0.04573633103381295,2
-0.09888279125939528,0.04446395860867844,2
-0.05580963663749758,0.0430731546218977,2
-0.014201523245316476,0.0416081133921811,2
0.025908858740383456,0.04011038198569993,2
0.06452678870070824,0.03861792996032479,2
0.10169141426499217,0.03716462556428394,2
0.13747147819094035,0.035780063925948166,2
0.1719611527808007,0.034489674589860346,2
0.20527618424890545,0.03331503146810474,2
0.23755047790193567,0.032274293653030216,2
0.2689331942592013,0.031382716357265625,2
0.29958637831898727,0.030653184059785968,2
0.3296831086476733,0.030096730328686053,2
0.35940612797455207,0.029723019326878743,2
0.3889468999876427,0.02954077201309065,0
0.41650502535127865,0.027558125363635968,0
0.44227369443824094,0.025768669086962268,1
0.4674384584175623,0.0251647639793214,1
0.49218400988831423,0.024745551470751928,1
-0.4168211888078692,0.0,0
-0.41860839483568063,-0.0017872060278113922,0
-0.42217007344671803,-0.003561678611037374,0
-0.4274807824416634,-0.005310708994945365,0
-0.434502427809979,-0.007021645368315632,0
-0.4431843674748966,-0.008681939664917569,0
-0.45346358222346594,-0.010279214748569375,0
-0.46526493835351046,-0.011801356130044505,0
-0.4785015685491508,-0.013236630195640371,0
-0.4930753969274499,-0.01457382837829909,0
-0.508877830853295,-0.01580243392584504,0
-0.5257906359793749,-0.016912805126079903,0
-0.5436870022710618,-0.017896366291686883,0
-0.5624327980424659,-0.018745795771404082,0
-0.5818879970532693,-0.019455199010803365,0
-0.6019082515099289,-0.020020254456659593,0
-0.6223465725169339,-0.020438321007005003,0
-0.6430550702639108,-0.02070849774697694,0
-0.6638866999882729,-0.020831629724362064,0
-0.6846969572061998,-0.020810257217926995,0
-0.7053454671523584,-0.0206485099461585,0
-0.7256974186736211,-0.020351951521262835,0
-0.7456248014377125,-0.019927382764091384,0
-0.7650074163736296,-0.01938261493591708,0
-0.7837336416911578,-0.01872622531752824,0
-0.8017009495186287,-0.017967307827470934,0
-0.8188161801301043,-0.017115230611475525,0
-0.8349955910852834,-0.016179410955179187,0
-0.8501647068237176,-0.015169115738434104,0
-0.8642580000700659,-0.01409329324634829,0
-0.8772184398118533,-0.012960439741787387,0
-0.8889969418087104,-0.011778501996857003,0
-0.8995517569295346,-0.010554815120824243,0
-0.9088478305139445,-0.009296073584409831,0
-0.9168561628539891,-0.008008332340044657,2
-0.9215531971961046,-0.004697034342115559,2
-0.9229257368974242,-0.0013725397013196194,2
-0.9209700127382296,0.001955724159194507,2
-0.9156914073927627,0.005278605345466926,2
-0.9071048476251282,0.008586559767634422,2
-0.8952358491013659,0.011868998523762348,2
-0.8801221713138077,0.015113677787558226,2
-0.8618160083770257,0.018306162936782038,2
-0.8403866036168807,0.021429404760145026,2
-0.8159231316477888,0.024463471969091873,2
-0.7885376428340035,0.027385488813785365,2
-0.7583678161154688,0.03016982671853475,2
-0.7255792244724508,0.03278859164301796,2
-0.6903667926201414,0.03521243185230942,2
-0.652955129901951,0.03741166271819038,2
-0.613597462768121,0.03935766713383,2
-0.5725729765320805,0.041024486236040526,2
-0.5301825038252546,0.04239047270682589,2
-0.4867426563671309,0.043439847458123695,2
-0.4425786669231851,0.04416398944394576,2
-0.39801636277813557,0.04456230414504953,2
-0.3533738031027801,0.04464255967535548,2
-0.30895315884287966,0.04442064425990046,2
-0.26503338592349457,0.043919772919385064,2
-0.22186414616296346,0.043169239760531115,2
-0.17966128409611315,0.04220286206685032,2
-0.13860399872068574,0.041057285375427424,2
-0.09883368492068131,0.03977031380000443,2
-0.06045428274100643,0.038379402179674886,2
-0.0235338775339669,0.03692040520703953,2
0.01189275582352032,0.03542663335748722,2
0.04582098018568796,0.03392822436216764,2
0.07827278745244523,0.03245180726675726,2
0.10929320317335074,0.03102041572090551,2
0.13894680060916315,0.029653597435812418,2
0.1673144661958664,0.028367665586703256,2
0.19449050880672783,0.027176042610861425,2
0.2205801635829566,0.026089654776228776,2
0.24569750858102862,0.02511734499807204,2
0.2699637888055332,0.024266280224504534,2
0.293506126253052,0.02354233744751883,2
0.31645658489070516,0.022950458637653146,2
0.33895155446529196,0.02249496957458679,2
0.3611314152285794,0.022179860763287415,2
0.3831404458084191,0.022009030579839706,2
0.4051269375012703,0.021986491692851207,1
0.4262434793422851,0.021116541841014816,2
0.4476401930864271,0.021396713744141958,2
0.46947213508686053,0.021831942000433438,1
0.4908999088956035,0.02142777380874295,1
